simulation,kraftstoff,energie,arbeitskosten,kreditzins,kraftstoff_aenderung_prozent,energie_aenderung_prozent,arbeitskosten_aenderung_prozent,kreditzins_aenderung_prozentpunkte
1,174.1,144.5,136.684714833,4.27,3.3234421365,-0.207182320442,2.39859370297,-0.09
2,167.8,143.9,124.919575439,4.47,-0.415430267062,-0.621546961326,-6.4153671714,0.11
3,162.2,144,144.551595951,4.35,-3.73887240356,-0.552486187845,8.29213903749,-0.01
4,169.8,144.3,144.551595951,4.23,0.771513353116,-0.345303867403,8.29213903749,-0.13
5,169.9,144.3,128.393411802,4.29,0.830860534125,-0.345303867403,-3.81291115555,-0.07
6,161.7,143.2,125.070398149,4.32,-4.03560830861,-1.10497237569,-6.30237696994,-0.04
7,167.3,144.2,128.393411802,4.29,-0.712166172107,-0.414364640884,-3.81291115555,-0.07
8,168.3,143.8,144.551595951,4.3,-0.118694362018,-0.690607734807,8.29213903749,-0.06
9,167.8,144.2,122.121664327,4.35,-0.415430267062,-0.414364640884,-8.51144765439,-0.01
10,168.2,144.9,135.295494737,4.32,-0.178041543027,0.0690607734807,1.35784686952,-0.04
11,164.5,143.4,158.476199458,4.3,-2.37388724036,-0.966850828729,18.7238820361,-0.06
12,171,144.3,136.684714833,4.6,1.48367952522,-0.345303867403,2.39859370297,0.24
13,170.3,144.2,125.070398149,4.23,1.06824925816,-0.414364640884,-6.30237696994,-0.13
14,168.4,143.3,122.121664327,4.38,-0.0593471810089,-1.03591160221,-8.51144765439,0.02
15,170.2,144.8,137.824842105,4.27,1.00890207715,0,3.25273038909,-0.09
16,164.3,144.5,138.648217105,4.32,-2.49258160237,-0.207182320442,3.86956923748,-0.04
17,174.6,144.8,125.070398149,4.23,3.62017804154,0,-6.30237696994,-0.13
18,165.4,144.2,136.684714833,4.27,-1.83976261128,-0.414364640884,2.39859370297,-0.09
19,166.2,145.1,144.551595951,4.36,-1.3649851632,0.207182320442,8.29213903749,0
20,192.4,141,128.393411802,4.21,14.1839762611,-2.62430939227,-3.81291115555,-0.15
21,165.7,144.8,136.684714833,4.47,-1.66172106825,0,2.39859370297,0.11
22,168.2,144.9,125.070398149,4.32,-0.178041543027,0.0690607734807,-6.30237696994,-0.04
23,166.2,144,158.476199458,4.55,-1.3649851632,-0.552486187845,18.7238820361,0.19
24,170.8,143.8,122.121664327,4.29,1.3649851632,-0.690607734807,-8.51144765439,-0.07
25,177.5,144.5,136.684714833,4.42,5.3412462908,-0.207182320442,2.39859370297,0.06
26,165.5,144.5,158.476199458,4.21,-1.78041543027,-0.207182320442,18.7238820361,-0.15
27,176,144.8,135.295494737,4.23,4.45103857567,0,1.35784686952,-0.13
28,167.4,146.3,144.551595951,4.31,-0.652818991098,1.03591160221,8.29213903749,-0.05
29,170.2,146.1,128.393411802,4.36,1.00890207715,0.897790055249,-3.81291115555,0
30,175.7,144.2,128.393411802,4.31,4.27299703264,-0.414364640884,-3.81291115555,-0.05
31,162.2,145.2,135.295494737,4.3,-3.73887240356,0.276243093923,1.35784686952,-0.06
32,174.5,145.2,128.393411802,4.3,3.56083086053,0.276243093923,-3.81291115555,-0.06
33,190.9,144.5,158.476199458,4.46,13.293768546,-0.207182320442,18.7238820361,0.1
34,190.9,144.3,124.919575439,4.6,13.293768546,-0.345303867403,-6.4153671714,0.24
35,170.2,148,158.476199458,4.21,1.00890207715,2.20994475138,18.7238820361,-0.15
36,166.1,143.4,124.919575439,4.46,-1.42433234421,-0.966850828729,-6.4153671714,0.1
37,161.7,144.6,122.121664327,4.53,-4.03560830861,-0.138121546961,-8.51144765439,0.17
38,165.5,141,122.121664327,4.27,-1.78041543027,-2.62430939227,-8.51144765439,-0.09
39,168.4,144.5,144.551595951,4.21,-0.0593471810089,-0.207182320442,8.29213903749,-0.15
40,166.4,143.5,124.919575439,4.31,-1.24629080119,-0.897790055249,-6.4153671714,-0.05
41,176.2,144.9,144.551595951,4.38,4.56973293769,0.0690607734807,8.29213903749,0.02
42,169.9,141,138.648217105,4.24,0.830860534125,-2.62430939227,3.86956923748,-0.12
43,198.1,143.5,158.476199458,4.41,17.5667655786,-0.897790055249,18.7238820361,0.05
44,170.1,146.1,136.684714833,4.44,0.949554896142,0.897790055249,2.39859370297,0.08
45,165,145.2,124.919575439,4.27,-2.07715133531,0.276243093923,-6.4153671714,-0.09
46,162.6,142.6,128.393411802,4.34,-3.50148367953,-1.51933701657,-3.81291115555,-0.02
47,169.4,141.4,136.684714833,4.3,0.53412462908,-2.34806629834,2.39859370297,-0.06
48,171.2,141.6,138.648217105,4.55,1.60237388724,-2.20994475138,3.86956923748,0.19
49,168.7,143.5,136.684714833,4.45,0.118694362018,-0.897790055249,2.39859370297,0.09
50,174.4,144.7,136.684714833,4.47,3.50148367953,-0.0690607734807,2.39859370297,0.11
51,163.3,142.8,137.824842105,4.44,-3.08605341246,-1.38121546961,3.25273038909,0.08
52,166.4,144.5,136.684714833,4.44,-1.24629080119,-0.207182320442,2.39859370297,0.08
53,166.2,144.3,137.824842105,4.27,-1.3649851632,-0.345303867403,3.25273038909,-0.09
54,171,144.4,122.121664327,4.55,1.48367952522,-0.276243093923,-8.51144765439,0.19
55,174.1,144.5,137.824842105,4.35,3.3234421365,-0.207182320442,3.25273038909,-0.01
56,190.9,143.6,144.551595951,4.38,13.293768546,-0.828729281768,8.29213903749,0.02
57,168.6,144.7,135.295494737,4.3,0.0593471810089,-0.0690607734807,1.35784686952,-0.06
58,170.1,143.7,122.121664327,4.32,0.949554896142,-0.759668508287,-8.51144765439,-0.04
59,174.1,144.5,137.824842105,4.21,3.3234421365,-0.207182320442,3.25273038909,-0.15
60,168.3,143.4,136.684714833,4.32,-0.118694362018,-0.966850828729,2.39859370297,-0.04
61,174.5,143.8,138.648217105,4.55,3.56083086053,-0.690607734807,3.86956923748,0.19
62,177.5,143.7,136.684714833,4.3,5.3412462908,-0.759668508287,2.39859370297,-0.06
63,177.5,144.5,135.295494737,4.21,5.3412462908,-0.207182320442,1.35784686952,-0.15
64,169.2,144,138.648217105,4.3,0.415430267062,-0.552486187845,3.86956923748,-0.06
65,161.6,144.5,125.070398149,4.23,-4.09495548961,-0.207182320442,-6.30237696994,-0.13
66,176,143.7,122.121664327,4.3,4.45103857567,-0.759668508287,-8.51144765439,-0.06
67,174.5,144.8,158.476199458,4.3,3.56083086053,0,18.7238820361,-0.06
68,170.1,144.8,135.295494737,4.29,0.949554896142,0,1.35784686952,-0.07
69,170.2,143.5,137.824842105,4.27,1.00890207715,-0.897790055249,3.25273038909,-0.09
70,174.6,144.8,138.648217105,4.36,3.62017804154,0,3.86956923748,0
71,168.3,144,136.684714833,4.27,-0.118694362018,-0.552486187845,2.39859370297,-0.09
72,166.1,144.2,122.121664327,4.44,-1.42433234421,-0.414364640884,-8.51144765439,0.08
73,169.4,144.2,138.648217105,4.3,0.53412462908,-0.414364640884,3.86956923748,-0.06
74,166.2,143.2,135.295494737,4.23,-1.3649851632,-1.10497237569,1.35784686952,-0.13
75,164.8,144.5,144.551595951,4.3,-2.19584569733,-0.207182320442,8.29213903749,-0.06
76,165.4,144.3,144.551595951,4.47,-1.83976261128,-0.345303867403,8.29213903749,0.11
77,169.2,143.8,124.919575439,4.44,0.415430267062,-0.690607734807,-6.4153671714,0.08
78,169.3,144.6,137.824842105,4.27,0.474777448071,-0.138121546961,3.25273038909,-0.09
79,168.6,144.3,124.919575439,4.6,0.0593471810089,-0.345303867403,-6.4153671714,0.24
80,167.4,144.9,125.070398149,4.27,-0.652818991098,0.0690607734807,-6.30237696994,-0.09
81,173,144.9,124.919575439,4.3,2.6706231454,0.0690607734807,-6.4153671714,-0.06
82,170.1,143.9,138.648217105,4.27,0.949554896142,-0.621546961326,3.86956923748,-0.09
83,165.7,144.9,144.551595951,4.32,-1.66172106825,0.0690607734807,8.29213903749,-0.04
84,161.6,144.5,135.295494737,4.39,-4.09495548961,-0.207182320442,1.35784686952,0.03
85,156.1,143.4,144.551595951,4.39,-7.3590504451,-0.966850828729,8.29213903749,0.03
86,170,143.9,158.476199458,4.27,0.890207715134,-0.621546961326,18.7238820361,-0.09
87,161.3,144.5,158.476199458,4.46,-4.27299703264,-0.207182320442,18.7238820361,0.1
88,153.9,143.5,122.121664327,4.3,-8.6646884273,-0.897790055249,-8.51144765439,-0.06
89,177.5,145.8,138.648217105,4.42,5.3412462908,0.690607734807,3.86956923748,0.06
90,164.8,144.9,125.070398149,4.55,-2.19584569733,0.0690607734807,-6.30237696994,0.19
91,167.5,147.3,122.121664327,4.46,-0.593471810089,1.72651933702,-8.51144765439,0.1
92,163.3,143.8,125.070398149,4.27,-3.08605341246,-0.690607734807,-6.30237696994,-0.09
93,169.4,145.1,158.476199458,4.21,0.53412462908,0.207182320442,18.7238820361,-0.15
94,166.4,144.5,122.121664327,4.35,-1.24629080119,-0.207182320442,-8.51144765439,-0.01
95,167.8,147.9,128.393411802,4.27,-0.415430267062,2.1408839779,-3.81291115555,-0.09
96,161.3,144,158.476199458,4.3,-4.27299703264,-0.552486187845,18.7238820361,-0.06
97,169.3,144.5,137.824842105,4.39,0.474777448071,-0.207182320442,3.25273038909,0.03
98,166.1,147.1,144.551595951,4.3,-1.42433234421,1.58839779006,8.29213903749,-0.06
99,168.6,145.7,138.648217105,4.27,0.0593471810089,0.621546961326,3.86956923748,-0.09
100,168.4,144.3,124.919575439,4.46,-0.0593471810089,-0.345303867403,-6.4153671714,0.1
101,173,144,144.551595951,4.35,2.6706231454,-0.552486187845,8.29213903749,-0.01
102,153.9,143.3,125.070398149,4.44,-8.6646884273,-1.03591160221,-6.30237696994,0.08
103,169.3,144.7,144.551595951,4.41,0.474777448071,-0.0690607734807,8.29213903749,0.05
104,169.2,141,137.824842105,4.39,0.415430267062,-2.62430939227,3.25273038909,0.03
105,168.7,144.6,144.551595951,4.24,0.118694362018,-0.138121546961,8.29213903749,-0.12
106,156.1,143.5,128.393411802,4.44,-7.3590504451,-0.897790055249,-3.81291115555,0.08
107,169.2,140.4,137.824842105,4.35,0.415430267062,-3.03867403315,3.25273038909,-0.01
108,176,143.4,138.648217105,4.47,4.45103857567,-0.966850828729,3.86956923748,0.11
109,159.8,143.2,125.070398149,4.31,-5.16320474777,-1.10497237569,-6.30237696994,-0.05
110,171.2,143.7,137.824842105,4.6,1.60237388724,-0.759668508287,3.25273038909,0.24
111,167.1,144.4,158.476199458,4.45,-0.830860534125,-0.276243093923,18.7238820361,0.09
112,163.7,143.7,158.476199458,4.47,-2.84866468843,-0.759668508287,18.7238820361,0.11
113,162.6,144.6,138.648217105,4.6,-3.50148367953,-0.138121546961,3.86956923748,0.24
114,174.1,144.4,137.824842105,4.55,3.3234421365,-0.276243093923,3.25273038909,0.19
115,167.3,141.4,135.295494737,4.46,-0.712166172107,-2.34806629834,1.35784686952,0.1
116,176,144.8,137.824842105,4.31,4.45103857567,0,3.25273038909,-0.05
117,167.5,145.2,122.121664327,4.24,-0.593471810089,0.276243093923,-8.51144765439,-0.12
118,190.9,144.6,124.919575439,4.27,13.293768546,-0.138121546961,-6.4153671714,-0.09
119,175.7,144.8,128.393411802,4.6,4.27299703264,0,-3.81291115555,0.24
120,164.8,144.2,124.919575439,4.47,-2.19584569733,-0.414364640884,-6.4153671714,0.11
121,175.7,148.6,158.476199458,4.27,4.27299703264,2.62430939227,18.7238820361,-0.09
122,163.7,142.8,125.070398149,4.29,-2.84866468843,-1.38121546961,-6.30237696994,-0.07
123,176,143.5,125.070398149,4.47,4.45103857567,-0.897790055249,-6.30237696994,0.11
124,169.9,144.9,138.648217105,4.29,0.830860534125,0.0690607734807,3.86956923748,-0.07
125,167.8,144.5,137.824842105,4.44,-0.415430267062,-0.207182320442,3.25273038909,0.08
126,172.4,141,135.295494737,4.47,2.31454005935,-2.62430939227,1.35784686952,0.11
127,176,144.5,125.070398149,4.24,4.45103857567,-0.207182320442,-6.30237696994,-0.12
128,159.8,145.5,125.070398149,4.38,-5.16320474777,0.483425414365,-6.30237696994,0.02
129,165.5,141,137.824842105,4.27,-1.78041543027,-2.62430939227,3.25273038909,-0.09
130,163.7,144,136.684714833,4.42,-2.84866468843,-0.552486187845,2.39859370297,0.06
131,190.9,147.9,144.551595951,4.32,13.293768546,2.1408839779,8.29213903749,-0.04
132,165,143.9,125.070398149,4.46,-2.07715133531,-0.621546961326,-6.30237696994,0.1
133,162.2,143.7,138.648217105,4.27,-3.73887240356,-0.759668508287,3.86956923748,-0.09
134,176,144.8,136.684714833,4.23,4.45103857567,0,2.39859370297,-0.13
135,198.1,144.2,135.295494737,4.35,17.5667655786,-0.414364640884,1.35784686952,-0.01
136,161.6,145.1,128.393411802,4.27,-4.09495548961,0.207182320442,-3.81291115555,-0.09
137,166.2,141,122.121664327,4.27,-1.3649851632,-2.62430939227,-8.51144765439,-0.09
138,162.6,143.2,137.824842105,4.29,-3.50148367953,-1.10497237569,3.25273038909,-0.07
139,166.4,148.6,122.121664327,4.27,-1.24629080119,2.62430939227,-8.51144765439,-0.09
140,198.1,145.5,125.070398149,4.55,17.5667655786,0.483425414365,-6.30237696994,0.19
141,176.6,144,135.295494737,4.32,4.80712166172,-0.552486187845,1.35784686952,-0.04
142,173.2,143.8,138.648217105,4.21,2.78931750742,-0.690607734807,3.86956923748,-0.15
143,169.9,148,136.684714833,4.27,0.830860534125,2.20994475138,2.39859370297,-0.09
144,169.4,145.2,135.295494737,4.29,0.53412462908,0.276243093923,1.35784686952,-0.07
145,168.3,141.4,128.393411802,4.44,-0.118694362018,-2.34806629834,-3.81291115555,0.08
146,198.1,144.8,138.648217105,4.44,17.5667655786,0,3.86956923748,0.08
147,171,144.2,124.919575439,4.46,1.48367952522,-0.414364640884,-6.4153671714,0.1
148,185.7,145.2,122.121664327,4.29,10.2077151335,0.276243093923,-8.51144765439,-0.07
149,164.5,143.5,136.684714833,4.32,-2.37388724036,-0.897790055249,2.39859370297,-0.04
150,170.6,141.6,136.684714833,4.6,1.24629080119,-2.20994475138,2.39859370297,0.24
151,164.8,144.8,122.121664327,4.3,-2.19584569733,0,-8.51144765439,-0.06
152,165.7,144.9,122.121664327,4.27,-1.66172106825,0.0690607734807,-8.51144765439,-0.09
153,168.4,144.2,138.648217105,4.29,-0.0593471810089,-0.414364640884,3.86956923748,-0.07
154,167.6,143.7,158.476199458,4.46,-0.53412462908,-0.759668508287,18.7238820361,0.1
155,169.2,144.8,138.648217105,4.36,0.415430267062,0,3.86956923748,0
156,176.2,144.5,144.551595951,4.42,4.56973293769,-0.207182320442,8.29213903749,0.06
157,167.1,144.5,122.121664327,4.44,-0.830860534125,-0.207182320442,-8.51144765439,0.08
158,161.7,145.7,136.684714833,4.53,-4.03560830861,0.621546961326,2.39859370297,0.17
159,174.1,144.8,138.648217105,4.23,3.3234421365,0,3.86956923748,-0.13
160,168.3,143.7,128.393411802,4.44,-0.118694362018,-0.759668508287,-3.81291115555,0.08
161,163.7,144.8,144.551595951,4.32,-2.84866468843,0,8.29213903749,-0.04
162,170.2,143.9,122.121664327,4.34,1.00890207715,-0.621546961326,-8.51144765439,-0.02
163,162.6,144.2,125.070398149,4.47,-3.50148367953,-0.414364640884,-6.30237696994,0.11
164,153.9,144.5,125.070398149,4.45,-8.6646884273,-0.207182320442,-6.30237696994,0.09
165,166.9,143.6,144.551595951,4.35,-0.949554896142,-0.828729281768,8.29213903749,-0.01
166,174.5,144.8,144.551595951,4.41,3.56083086053,0,8.29213903749,0.05
167,146.7,144.6,128.393411802,4.32,-12.9376854599,-0.138121546961,-3.81291115555,-0.04
168,168.6,143.4,122.121664327,4.55,0.0593471810089,-0.966850828729,-8.51144765439,0.19
169,192.4,144.9,125.070398149,4.42,14.1839762611,0.0690607734807,-6.30237696994,0.06
170,161.3,144,138.648217105,4.47,-4.27299703264,-0.552486187845,3.86956923748,0.11
171,199.9,144.5,135.295494737,4.55,18.6350148368,-0.207182320442,1.35784686952,0.19
172,174.6,144,144.551595951,4.32,3.62017804154,-0.552486187845,8.29213903749,-0.04
173,168.6,144.5,135.295494737,4.27,0.0593471810089,-0.207182320442,1.35784686952,-0.09
174,177.5,144.6,136.684714833,4.44,5.3412462908,-0.138121546961,2.39859370297,0.08
175,171.8,145.2,144.551595951,4.3,1.95845697329,0.276243093923,8.29213903749,-0.06
176,164.6,143.4,128.393411802,4.47,-2.31454005935,-0.966850828729,-3.81291115555,0.11
177,162.2,144.9,124.919575439,4.29,-3.73887240356,0.0690607734807,-6.4153671714,-0.07
178,177.5,144.8,125.070398149,4.42,5.3412462908,0,-6.30237696994,0.06
179,174.1,144.8,125.070398149,4.55,3.3234421365,0,-6.30237696994,0.19
180,170.1,144.2,158.476199458,4.46,0.949554896142,-0.414364640884,18.7238820361,0.1
181,171,144.5,137.824842105,4.6,1.48367952522,-0.207182320442,3.25273038909,0.24
182,167.9,143.4,122.121664327,4.44,-0.356083086053,-0.966850828729,-8.51144765439,0.08
183,164.8,144.8,158.476199458,4.32,-2.19584569733,0,18.7238820361,-0.04
184,161.7,148.6,122.121664327,4.45,-4.03560830861,2.62430939227,-8.51144765439,0.09
185,168.2,144.2,138.648217105,4.47,-0.178041543027,-0.414364640884,3.86956923748,0.11
186,165.5,144.4,138.648217105,4.3,-1.78041543027,-0.276243093923,3.86956923748,-0.06
187,192.4,144.3,136.684714833,4.6,14.1839762611,-0.345303867403,2.39859370297,0.24
188,167.1,143.7,158.476199458,4.41,-0.830860534125,-0.759668508287,18.7238820361,0.05
189,146.7,143.7,135.295494737,4.23,-12.9376854599,-0.759668508287,1.35784686952,-0.13
190,158.9,144,138.648217105,4.29,-5.69732937685,-0.552486187845,3.86956923748,-0.07
191,146.7,143.8,158.476199458,4.35,-12.9376854599,-0.690607734807,18.7238820361,-0.01
192,170,144.8,136.684714833,4.44,0.890207715134,0,2.39859370297,0.08
193,199.9,144.4,137.824842105,4.6,18.6350148368,-0.276243093923,3.25273038909,0.24
194,175.7,144.6,137.824842105,4.32,4.27299703264,-0.138121546961,3.25273038909,-0.04
195,156.1,144.8,144.551595951,4.46,-7.3590504451,0,8.29213903749,0.1
196,162.9,145.1,128.393411802,4.45,-3.3234421365,0.207182320442,-3.81291115555,0.09
197,173.3,144.6,135.295494737,4.55,2.84866468843,-0.138121546961,1.35784686952,0.19
198,198.1,143.2,144.551595951,4.38,17.5667655786,-1.10497237569,8.29213903749,0.02
199,170.8,145.2,137.824842105,4.41,1.3649851632,0.276243093923,3.25273038909,0.05
200,165.4,140.4,135.295494737,4.44,-1.83976261128,-3.03867403315,1.35784686952,0.08
201,166.4,145.2,125.070398149,4.41,-1.24629080119,0.276243093923,-6.30237696994,0.05
202,176,144.5,137.824842105,4.3,4.45103857567,-0.207182320442,3.25273038909,-0.06
203,165,144.5,124.919575439,4.21,-2.07715133531,-0.207182320442,-6.4153671714,-0.15
204,168.2,144.8,128.393411802,4.3,-0.178041543027,0,-3.81291115555,-0.06
205,162.6,144.5,128.393411802,4.6,-3.50148367953,-0.207182320442,-3.81291115555,0.24
206,176,145.2,158.476199458,4.3,4.45103857567,0.276243093923,18.7238820361,-0.06
207,166.1,144.5,125.070398149,4.27,-1.42433234421,-0.207182320442,-6.30237696994,-0.09
208,163.7,144.8,125.070398149,4.31,-2.84866468843,0,-6.30237696994,-0.05
209,164.8,146.1,137.824842105,4.44,-2.19584569733,0.897790055249,3.25273038909,0.08
210,158.9,147.9,136.684714833,4.6,-5.69732937685,2.1408839779,2.39859370297,0.24
211,164.5,144,158.476199458,4.3,-2.37388724036,-0.552486187845,18.7238820361,-0.06
212,172.4,144.6,137.824842105,4.39,2.31454005935,-0.138121546961,3.25273038909,0.03
213,168.6,144,122.121664327,4.42,0.0593471810089,-0.552486187845,-8.51144765439,0.06
214,161.7,144.4,137.824842105,4.29,-4.03560830861,-0.276243093923,3.25273038909,-0.07
215,173.3,144.5,128.393411802,4.29,2.84866468843,-0.207182320442,-3.81291115555,-0.07
216,167.6,145.2,128.393411802,4.39,-0.53412462908,0.276243093923,-3.81291115555,0.03
217,176.6,146.1,138.648217105,4.21,4.80712166172,0.897790055249,3.86956923748,-0.15
218,168.2,141.6,125.070398149,4.3,-0.178041543027,-2.20994475138,-6.30237696994,-0.06
219,166.9,148.6,128.393411802,4.32,-0.949554896142,2.62430939227,-3.81291115555,-0.04
220,168.4,144.2,124.919575439,4.41,-0.0593471810089,-0.414364640884,-6.4153671714,0.05
221,169.4,144.4,138.648217105,4.6,0.53412462908,-0.276243093923,3.86956923748,0.24
222,161.6,141.4,158.476199458,4.29,-4.09495548961,-2.34806629834,18.7238820361,-0.07
223,172.4,144,128.393411802,4.55,2.31454005935,-0.552486187845,-3.81291115555,0.19
224,160.6,144,144.551595951,4.47,-4.6884272997,-0.552486187845,8.29213903749,0.11
225,176,144,144.551595951,4.44,4.45103857567,-0.552486187845,8.29213903749,0.08
226,164.8,142.6,128.393411802,4.35,-2.19584569733,-1.51933701657,-3.81291115555,-0.01
227,161.3,144.4,124.919575439,4.36,-4.27299703264,-0.276243093923,-6.4153671714,0
228,169.4,146.3,125.070398149,4.3,0.53412462908,1.03591160221,-6.30237696994,-0.06
229,170.2,143.9,135.295494737,4.35,1.00890207715,-0.621546961326,1.35784686952,-0.01
230,170.1,144.4,137.824842105,4.24,0.949554896142,-0.276243093923,3.25273038909,-0.12
231,161.7,143.4,135.295494737,4.41,-4.03560830861,-0.966850828729,1.35784686952,0.05
232,167.5,147.1,122.121664327,4.45,-0.593471810089,1.58839779006,-8.51144765439,0.09
233,163.7,144.9,138.648217105,4.32,-2.84866468843,0.0690607734807,3.86956923748,-0.04
234,146.7,144.5,144.551595951,4.35,-12.9376854599,-0.207182320442,8.29213903749,-0.01
235,171.8,144.5,124.919575439,4.36,1.95845697329,-0.207182320442,-6.4153671714,0
236,167.3,144.6,124.919575439,4.38,-0.712166172107,-0.138121546961,-6.4153671714,0.02
237,171.2,144.9,136.684714833,4.6,1.60237388724,0.0690607734807,2.39859370297,0.24
238,173.3,141,136.684714833,4.32,2.84866468843,-2.62430939227,2.39859370297,-0.04
239,161.3,144.2,144.551595951,4.3,-4.27299703264,-0.414364640884,8.29213903749,-0.06
240,168.4,146.9,128.393411802,4.35,-0.0593471810089,1.45027624309,-3.81291115555,-0.01
241,168.4,144.9,144.551595951,4.31,-0.0593471810089,0.0690607734807,8.29213903749,-0.05
242,190.9,144.8,144.551595951,4.23,13.293768546,0,8.29213903749,-0.13
243,167.6,146.3,128.393411802,4.23,-0.53412462908,1.03591160221,-3.81291115555,-0.13
244,165.5,143.4,158.476199458,4.35,-1.78041543027,-0.966850828729,18.7238820361,-0.01
245,165.7,140.4,138.648217105,4.35,-1.66172106825,-3.03867403315,3.86956923748,-0.01
246,169.3,147.3,135.295494737,4.27,0.474777448071,1.72651933702,1.35784686952,-0.09
247,169.9,144.8,122.121664327,4.35,0.830860534125,0,-8.51144765439,-0.01
248,170.2,144.4,128.393411802,4.32,1.00890207715,-0.276243093923,-3.81291115555,-0.04
249,169.8,143.6,144.551595951,4.41,0.771513353116,-0.828729281768,8.29213903749,0.05
250,168.7,144.4,137.824842105,4.29,0.118694362018,-0.276243093923,3.25273038909,-0.07
251,170.2,143.8,137.824842105,4.46,1.00890207715,-0.690607734807,3.25273038909,0.1
252,173.2,144.5,144.551595951,4.44,2.78931750742,-0.207182320442,8.29213903749,0.08
253,199.9,144.4,138.648217105,4.35,18.6350148368,-0.276243093923,3.86956923748,-0.01
254,170.1,143.2,144.551595951,4.29,0.949554896142,-1.10497237569,8.29213903749,-0.07
255,168.3,143.6,137.824842105,4.32,-0.118694362018,-0.828729281768,3.25273038909,-0.04
256,174.3,146.1,125.070398149,4.27,3.44213649852,0.897790055249,-6.30237696994,-0.09
257,199.9,144.8,136.684714833,4.34,18.6350148368,0,2.39859370297,-0.02
258,159.8,141.4,124.919575439,4.3,-5.16320474777,-2.34806629834,-6.4153671714,-0.06
259,170.1,144.4,128.393411802,4.32,0.949554896142,-0.276243093923,-3.81291115555,-0.04
260,158.9,145.8,124.919575439,4.35,-5.69732937685,0.690607734807,-6.4153671714,-0.01
261,185.7,144.4,158.476199458,4.53,10.2077151335,-0.276243093923,18.7238820361,0.17
262,167.3,144.3,128.393411802,4.3,-0.712166172107,-0.345303867403,-3.81291115555,-0.06
263,199.6,143.4,137.824842105,4.45,18.4569732938,-0.966850828729,3.25273038909,0.09
264,165.5,143.7,122.121664327,4.41,-1.78041543027,-0.759668508287,-8.51144765439,0.05
265,171.8,143.6,136.684714833,4.42,1.95845697329,-0.828729281768,2.39859370297,0.06
266,153.9,145.2,158.476199458,4.24,-8.6646884273,0.276243093923,18.7238820361,-0.12
267,174.5,142.6,128.393411802,4.42,3.56083086053,-1.51933701657,-3.81291115555,0.06
268,160.6,143.7,144.551595951,4.45,-4.6884272997,-0.759668508287,8.29213903749,0.09
269,165.4,144,135.295494737,4.31,-1.83976261128,-0.552486187845,1.35784686952,-0.05
270,166.9,143.7,136.684714833,4.36,-0.949554896142,-0.759668508287,2.39859370297,0
271,174.1,146.1,138.648217105,4.34,3.3234421365,0.897790055249,3.86956923748,-0.02
272,169.2,144.5,124.919575439,4.29,0.415430267062,-0.207182320442,-6.4153671714,-0.07
273,173.2,143.3,125.070398149,4.23,2.78931750742,-1.03591160221,-6.30237696994,-0.13
274,146.7,144.4,137.824842105,4.46,-12.9376854599,-0.276243093923,3.25273038909,0.1
275,174.5,141,135.295494737,4.27,3.56083086053,-2.62430939227,1.35784686952,-0.09
276,168.3,143.7,137.824842105,4.24,-0.118694362018,-0.759668508287,3.25273038909,-0.12
277,160.6,141,122.121664327,4.53,-4.6884272997,-2.62430939227,-8.51144765439,0.17
278,171,144.5,144.551595951,4.41,1.48367952522,-0.207182320442,8.29213903749,0.05
279,161.3,144.6,136.684714833,4.53,-4.27299703264,-0.138121546961,2.39859370297,0.17
280,176.6,144.6,135.295494737,4.35,4.80712166172,-0.138121546961,1.35784686952,-0.01
281,171.8,144.4,138.648217105,4.35,1.95845697329,-0.276243093923,3.86956923748,-0.01
282,166.4,143.7,135.295494737,4.38,-1.24629080119,-0.759668508287,1.35784686952,0.02
283,174.5,143.8,122.121664327,4.35,3.56083086053,-0.690607734807,-8.51144765439,-0.01
284,170.8,144.8,128.393411802,4.32,1.3649851632,0,-3.81291115555,-0.04
285,164.8,144.3,138.648217105,4.21,-2.19584569733,-0.345303867403,3.86956923748,-0.15
286,166.4,143.9,158.476199458,4.3,-1.24629080119,-0.621546961326,18.7238820361,-0.06
287,163.7,143.4,136.684714833,4.23,-2.84866468843,-0.966850828729,2.39859370297,-0.13
288,168.6,144.2,122.121664327,4.53,0.0593471810089,-0.414364640884,-8.51144765439,0.17
289,166.4,143.4,138.648217105,4.23,-1.24629080119,-0.966850828729,3.86956923748,-0.13
290,169.9,144.7,137.824842105,4.6,0.830860534125,-0.0690607734807,3.25273038909,0.24
291,167.4,144.8,128.393411802,4.46,-0.652818991098,0,-3.81291115555,0.1
292,161.3,143.4,138.648217105,4.27,-4.27299703264,-0.966850828729,3.86956923748,-0.09
293,168.4,143.3,136.684714833,4.29,-0.0593471810089,-1.03591160221,2.39859370297,-0.07
294,171,144.5,124.919575439,4.32,1.48367952522,-0.207182320442,-6.4153671714,-0.04
295,166.4,143.4,135.295494737,4.41,-1.24629080119,-0.966850828729,1.35784686952,0.05
296,160.6,144.4,136.684714833,4.27,-4.6884272997,-0.276243093923,2.39859370297,-0.09
297,170.8,144,122.121664327,4.44,1.3649851632,-0.552486187845,-8.51144765439,0.08
298,164.6,143.4,135.295494737,4.42,-2.31454005935,-0.966850828729,1.35784686952,0.06
299,167.5,143.8,136.684714833,4.24,-0.593471810089,-0.690607734807,2.39859370297,-0.12
300,170,144.2,122.121664327,4.47,0.890207715134,-0.414364640884,-8.51144765439,0.11
301,173.3,144.2,138.648217105,4.44,2.84866468843,-0.414364640884,3.86956923748,0.08
302,176,144.8,158.476199458,4.32,4.45103857567,0,18.7238820361,-0.04
303,170,141,122.121664327,4.31,0.890207715134,-2.62430939227,-8.51144765439,-0.05
304,199.9,144.4,125.070398149,4.27,18.6350148368,-0.276243093923,-6.30237696994,-0.09
305,170.1,144.3,137.824842105,4.3,0.949554896142,-0.345303867403,3.25273038909,-0.06
306,171.8,144.2,144.551595951,4.24,1.95845697329,-0.414364640884,8.29213903749,-0.12
307,167.5,144.8,122.121664327,4.47,-0.593471810089,0,-8.51144765439,0.11
308,165.5,143.9,138.648217105,4.45,-1.78041543027,-0.621546961326,3.86956923748,0.09
309,165.4,143.3,158.476199458,4.29,-1.83976261128,-1.03591160221,18.7238820361,-0.07
310,174.5,141.6,135.295494737,4.38,3.56083086053,-2.20994475138,1.35784686952,0.02
311,170.1,144,125.070398149,4.31,0.949554896142,-0.552486187845,-6.30237696994,-0.05
312,169.3,143.4,158.476199458,4.45,0.474777448071,-0.966850828729,18.7238820361,0.09
313,166.9,144.6,122.121664327,4.38,-0.949554896142,-0.138121546961,-8.51144765439,0.02
314,163.7,145.5,124.919575439,4.27,-2.84866468843,0.483425414365,-6.4153671714,-0.09
315,174.1,144.7,124.919575439,4.46,3.3234421365,-0.0690607734807,-6.4153671714,0.1
316,153.9,142.6,137.824842105,4.41,-8.6646884273,-1.51933701657,3.25273038909,0.05
317,164.5,145.2,136.684714833,4.6,-2.37388724036,0.276243093923,2.39859370297,0.24
318,156.1,144.2,124.919575439,4.29,-7.3590504451,-0.414364640884,-6.4153671714,-0.07
319,165.4,144.4,144.551595951,4.6,-1.83976261128,-0.276243093923,8.29213903749,0.24
320,160.6,144.9,128.393411802,4.41,-4.6884272997,0.0690607734807,-3.81291115555,0.05
321,174.4,145.1,158.476199458,4.53,3.50148367953,0.207182320442,18.7238820361,0.17
322,168.4,144.8,144.551595951,4.41,-0.0593471810089,0,8.29213903749,0.05
323,169.3,144.9,158.476199458,4.44,0.474777448071,0.0690607734807,18.7238820361,0.08
324,146.7,144.2,122.121664327,4.29,-12.9376854599,-0.414364640884,-8.51144765439,-0.07
325,159.8,144.9,138.648217105,4.45,-5.16320474777,0.0690607734807,3.86956923748,0.09
326,199.9,143.5,124.919575439,4.27,18.6350148368,-0.897790055249,-6.4153671714,-0.09
327,169.4,143.6,128.393411802,4.41,0.53412462908,-0.828729281768,-3.81291115555,0.05
328,168.6,144.2,135.295494737,4.6,0.0593471810089,-0.414364640884,1.35784686952,0.24
329,173,144.6,124.919575439,4.27,2.6706231454,-0.138121546961,-6.4153671714,-0.09
330,162.9,144.4,125.070398149,4.32,-3.3234421365,-0.276243093923,-6.30237696994,-0.04
331,159.8,141,137.824842105,4.47,-5.16320474777,-2.62430939227,3.25273038909,0.11
332,199.9,147.1,137.824842105,4.3,18.6350148368,1.58839779006,3.25273038909,-0.06
333,165.5,142.6,122.121664327,4.47,-1.78041543027,-1.51933701657,-8.51144765439,0.11
334,159.8,144.4,138.648217105,4.46,-5.16320474777,-0.276243093923,3.86956923748,0.1
335,165.5,144.1,135.295494737,4.32,-1.78041543027,-0.483425414365,1.35784686952,-0.04
336,170.2,144.9,144.551595951,4.31,1.00890207715,0.0690607734807,8.29213903749,-0.05
337,166.2,145.2,158.476199458,4.45,-1.3649851632,0.276243093923,18.7238820361,0.09
338,162.2,143.2,122.121664327,4.53,-3.73887240356,-1.10497237569,-8.51144765439,0.17
339,174.3,142.6,128.393411802,4.38,3.44213649852,-1.51933701657,-3.81291115555,0.02
340,169.9,144.5,124.919575439,4.53,0.830860534125,-0.207182320442,-6.4153671714,0.17
341,176,147.9,144.551595951,4.55,4.45103857567,2.1408839779,8.29213903749,0.19
342,170.8,142.6,137.824842105,4.47,1.3649851632,-1.51933701657,3.25273038909,0.11
343,170.2,144,158.476199458,4.32,1.00890207715,-0.552486187845,18.7238820361,-0.04
344,165.5,144.2,128.393411802,4.29,-1.78041543027,-0.414364640884,-3.81291115555,-0.07
345,199.6,143.9,136.684714833,4.42,18.4569732938,-0.621546961326,2.39859370297,0.06
346,185.7,144.4,128.393411802,4.35,10.2077151335,-0.276243093923,-3.81291115555,-0.01
347,168.6,144.9,158.476199458,4.3,0.0593471810089,0.0690607734807,18.7238820361,-0.06
348,164.5,148,128.393411802,4.29,-2.37388724036,2.20994475138,-3.81291115555,-0.07
349,170.3,141.4,138.648217105,4.3,1.06824925816,-2.34806629834,3.86956923748,-0.06
350,172.4,143.5,144.551595951,4.47,2.31454005935,-0.897790055249,8.29213903749,0.11
351,164.8,144.8,138.648217105,4.36,-2.19584569733,0,3.86956923748,0
352,173.2,144.8,144.551595951,4.24,2.78931750742,0,8.29213903749,-0.12
353,165.4,144.9,124.919575439,4.46,-1.83976261128,0.0690607734807,-6.4153671714,0.1
354,168.3,143.7,124.919575439,4.47,-0.118694362018,-0.759668508287,-6.4153671714,0.11
355,170.2,144.7,138.648217105,4.6,1.00890207715,-0.0690607734807,3.86956923748,0.24
356,170.1,144.4,144.551595951,4.36,0.949554896142,-0.276243093923,8.29213903749,0
357,153.9,144.8,122.121664327,4.27,-8.6646884273,0,-8.51144765439,-0.09
358,169.8,144.6,128.393411802,4.45,0.771513353116,-0.138121546961,-3.81291115555,0.09
359,173.3,144.2,138.648217105,4.42,2.84866468843,-0.414364640884,3.86956923748,0.06
360,167.8,144.9,138.648217105,4.35,-0.415430267062,0.0690607734807,3.86956923748,-0.01
361,170.3,147.9,122.121664327,4.23,1.06824925816,2.1408839779,-8.51144765439,-0.13
362,173.3,144.4,158.476199458,4.39,2.84866468843,-0.276243093923,18.7238820361,0.03
363,169.2,145.2,138.648217105,4.55,0.415430267062,0.276243093923,3.86956923748,0.19
364,164.8,144,135.295494737,4.3,-2.19584569733,-0.552486187845,1.35784686952,-0.06
365,176.6,144.5,125.070398149,4.23,4.80712166172,-0.207182320442,-6.30237696994,-0.13
366,163.7,144.9,125.070398149,4.41,-2.84866468843,0.0690607734807,-6.30237696994,0.05
367,167.5,144.8,137.824842105,4.32,-0.593471810089,0,3.25273038909,-0.04
368,173.3,143.5,125.070398149,4.41,2.84866468843,-0.897790055249,-6.30237696994,0.05
369,164.5,147.9,124.919575439,4.32,-2.37388724036,2.1408839779,-6.4153671714,-0.04
370,170.8,143.9,144.551595951,4.44,1.3649851632,-0.621546961326,8.29213903749,0.08
371,168.7,143.9,128.393411802,4.53,0.118694362018,-0.621546961326,-3.81291115555,0.17
372,168.7,144.2,137.824842105,4.38,0.118694362018,-0.414364640884,3.25273038909,0.02
373,170.2,143.3,137.824842105,4.31,1.00890207715,-1.03591160221,3.25273038909,-0.05
374,162.6,147.9,144.551595951,4.41,-3.50148367953,2.1408839779,8.29213903749,0.05
375,176,145.8,137.824842105,4.44,4.45103857567,0.690607734807,3.25273038909,0.08
376,172.4,141,135.295494737,4.21,2.31454005935,-2.62430939227,1.35784686952,-0.15
377,164.5,145.2,122.121664327,4.29,-2.37388724036,0.276243093923,-8.51144765439,-0.07
378,167.1,144.5,124.919575439,4.44,-0.830860534125,-0.207182320442,-6.4153671714,0.08
379,169.3,144.9,128.393411802,4.3,0.474777448071,0.0690607734807,-3.81291115555,-0.06
380,170.1,146.3,124.919575439,4.24,0.949554896142,1.03591160221,-6.4153671714,-0.12
381,177.5,144.8,122.121664327,4.3,5.3412462908,0,-8.51144765439,-0.06
382,176,144.8,144.551595951,4.3,4.45103857567,0,8.29213903749,-0.06
383,171.2,144.5,136.684714833,4.21,1.60237388724,-0.207182320442,2.39859370297,-0.15
384,172.4,144.5,137.824842105,4.24,2.31454005935,-0.207182320442,3.25273038909,-0.12
385,163.7,143.2,125.070398149,4.36,-2.84866468843,-1.10497237569,-6.30237696994,0
386,164.6,143.7,128.393411802,4.41,-2.31454005935,-0.759668508287,-3.81291115555,0.05
387,168.4,147.9,158.476199458,4.32,-0.0593471810089,2.1408839779,18.7238820361,-0.04
388,168.6,145.8,124.919575439,4.34,0.0593471810089,0.690607734807,-6.4153671714,-0.02
389,198.1,145.1,122.121664327,4.41,17.5667655786,0.207182320442,-8.51144765439,0.05
390,169.8,144.5,125.070398149,4.3,0.771513353116,-0.207182320442,-6.30237696994,-0.06
391,161.3,143.8,128.393411802,4.41,-4.27299703264,-0.690607734807,-3.81291115555,0.05
392,170,143.7,158.476199458,4.46,0.890207715134,-0.759668508287,18.7238820361,0.1
393,167.9,144.5,138.648217105,4.39,-0.356083086053,-0.207182320442,3.86956923748,0.03
394,161.7,147.3,137.824842105,4.41,-4.03560830861,1.72651933702,3.25273038909,0.05
395,170.2,144.5,122.121664327,4.39,1.00890207715,-0.207182320442,-8.51144765439,0.03
396,167.8,144.4,144.551595951,4.29,-0.415430267062,-0.276243093923,8.29213903749,-0.07
397,167.8,143.7,136.684714833,4.29,-0.415430267062,-0.759668508287,2.39859370297,-0.07
398,156.1,144.6,144.551595951,4.55,-7.3590504451,-0.138121546961,8.29213903749,0.19
399,176,146.9,125.070398149,4.3,4.45103857567,1.45027624309,-6.30237696994,-0.06
400,166.2,144.6,138.648217105,4.3,-1.3649851632,-0.138121546961,3.86956923748,-0.06
401,167.5,143.4,136.684714833,4.6,-0.593471810089,-0.966850828729,2.39859370297,0.24
402,174.5,144.9,128.393411802,4.41,3.56083086053,0.0690607734807,-3.81291115555,0.05
403,176.6,144.2,136.684714833,4.46,4.80712166172,-0.414364640884,2.39859370297,0.1
404,173.3,144.2,124.919575439,4.32,2.84866468843,-0.414364640884,-6.4153671714,-0.04
405,168.6,143.5,122.121664327,4.6,0.0593471810089,-0.897790055249,-8.51144765439,0.24
406,174.5,143.5,138.648217105,4.3,3.56083086053,-0.897790055249,3.86956923748,-0.06
407,170.2,148.6,125.070398149,4.29,1.00890207715,2.62430939227,-6.30237696994,-0.07
408,167.1,143.4,136.684714833,4.34,-0.830860534125,-0.966850828729,2.39859370297,-0.02
409,167.5,141,144.551595951,4.38,-0.593471810089,-2.62430939227,8.29213903749,0.02
410,174.1,143.4,158.476199458,4.21,3.3234421365,-0.966850828729,18.7238820361,-0.15
411,166.2,144.5,158.476199458,4.6,-1.3649851632,-0.207182320442,18.7238820361,0.24
412,165.4,147.3,125.070398149,4.47,-1.83976261128,1.72651933702,-6.30237696994,0.11
413,166.1,143.4,138.648217105,4.44,-1.42433234421,-0.966850828729,3.86956923748,0.08
414,174.1,143.2,124.919575439,4.29,3.3234421365,-1.10497237569,-6.4153671714,-0.07
415,162.2,145.8,138.648217105,4.53,-3.73887240356,0.690607734807,3.86956923748,0.17
416,161.7,145.1,137.824842105,4.46,-4.03560830861,0.207182320442,3.25273038909,0.1
417,165.7,144,135.295494737,4.31,-1.66172106825,-0.552486187845,1.35784686952,-0.05
418,174.4,146.1,128.393411802,4.32,3.50148367953,0.897790055249,-3.81291115555,-0.04
419,175.7,145.2,125.070398149,4.47,4.27299703264,0.276243093923,-6.30237696994,0.11
420,164.5,144.2,122.121664327,4.21,-2.37388724036,-0.414364640884,-8.51144765439,-0.15
421,185.7,144.9,124.919575439,4.44,10.2077151335,0.0690607734807,-6.4153671714,0.08
422,169.8,141,125.070398149,4.53,0.771513353116,-2.62430939227,-6.30237696994,0.17
423,176,143.5,136.684714833,4.3,4.45103857567,-0.897790055249,2.39859370297,-0.06
424,164.5,145.2,144.551595951,4.27,-2.37388724036,0.276243093923,8.29213903749,-0.09
425,169.9,143.9,124.919575439,4.27,0.830860534125,-0.621546961326,-6.4153671714,-0.09
426,164.8,145.2,144.551595951,4.3,-2.19584569733,0.276243093923,8.29213903749,-0.06
427,167.3,145.7,136.684714833,4.3,-0.712166172107,0.621546961326,2.39859370297,-0.06
428,174.5,144.2,125.070398149,4.3,3.56083086053,-0.414364640884,-6.30237696994,-0.06
429,190.9,143.5,128.393411802,4.46,13.293768546,-0.897790055249,-3.81291115555,0.1
430,168.2,147.9,128.393411802,4.29,-0.178041543027,2.1408839779,-3.81291115555,-0.07
431,165.5,144.4,125.070398149,4.36,-1.78041543027,-0.276243093923,-6.30237696994,0
432,167.3,145.2,138.648217105,4.44,-0.712166172107,0.276243093923,3.86956923748,0.08
433,190.9,144.3,138.648217105,4.24,13.293768546,-0.345303867403,3.86956923748,-0.12
434,176.6,144.9,138.648217105,4.44,4.80712166172,0.0690607734807,3.86956923748,0.08
435,168.2,144.2,122.121664327,4.55,-0.178041543027,-0.414364640884,-8.51144765439,0.19
436,167.8,147.3,144.551595951,4.47,-0.415430267062,1.72651933702,8.29213903749,0.11
437,170.2,143.5,125.070398149,4.3,1.00890207715,-0.897790055249,-6.30237696994,-0.06
438,165.7,145.1,158.476199458,4.27,-1.66172106825,0.207182320442,18.7238820361,-0.09
439,174.5,144.6,138.648217105,4.45,3.56083086053,-0.138121546961,3.86956923748,0.09
440,169.3,144.7,137.824842105,4.27,0.474777448071,-0.0690607734807,3.25273038909,-0.09
441,170.2,144,144.551595951,4.6,1.00890207715,-0.552486187845,8.29213903749,0.24
442,165.4,144.8,136.684714833,4.34,-1.83976261128,0,2.39859370297,-0.02
443,185.7,144.4,137.824842105,4.6,10.2077151335,-0.276243093923,3.25273038909,0.24
444,166.2,143.7,158.476199458,4.47,-1.3649851632,-0.759668508287,18.7238820361,0.11
445,170.2,141.4,136.684714833,4.21,1.00890207715,-2.34806629834,2.39859370297,-0.15
446,199.6,143.9,124.919575439,4.27,18.4569732938,-0.621546961326,-6.4153671714,-0.09
447,170.2,144.9,128.393411802,4.45,1.00890207715,0.0690607734807,-3.81291115555,0.09
448,170.1,143.2,124.919575439,4.39,0.949554896142,-1.10497237569,-6.4153671714,0.03
449,169.2,144.9,122.121664327,4.6,0.415430267062,0.0690607734807,-8.51144765439,0.24
450,160.6,145.8,137.824842105,4.46,-4.6884272997,0.690607734807,3.25273038909,0.1
451,153.9,144.3,125.070398149,4.31,-8.6646884273,-0.345303867403,-6.30237696994,-0.05
452,168.2,144.8,137.824842105,4.24,-0.178041543027,0,3.25273038909,-0.12
453,166.9,145.2,138.648217105,4.3,-0.949554896142,0.276243093923,3.86956923748,-0.06
454,170,144.2,144.551595951,4.44,0.890207715134,-0.414364640884,8.29213903749,0.08
455,167.4,147.3,124.919575439,4.23,-0.652818991098,1.72651933702,-6.4153671714,-0.13
456,163.7,144.9,125.070398149,4.47,-2.84866468843,0.0690607734807,-6.30237696994,0.11
457,168.7,144.8,128.393411802,4.41,0.118694362018,0,-3.81291115555,0.05
458,170.2,144.3,124.919575439,4.47,1.00890207715,-0.345303867403,-6.4153671714,0.11
459,167.8,141,137.824842105,4.53,-0.415430267062,-2.62430939227,3.25273038909,0.17
460,170,144.9,158.476199458,4.41,0.890207715134,0.0690607734807,18.7238820361,0.05
461,174.3,143.4,158.476199458,4.31,3.44213649852,-0.966850828729,18.7238820361,-0.05
462,172.4,144,122.121664327,4.27,2.31454005935,-0.552486187845,-8.51144765439,-0.09
463,164.8,147.5,128.393411802,4.47,-2.19584569733,1.86464088398,-3.81291115555,0.11
464,170.2,145.1,158.476199458,4.44,1.00890207715,0.207182320442,18.7238820361,0.08
465,164.5,144.6,136.684714833,4.24,-2.37388724036,-0.138121546961,2.39859370297,-0.12
466,164.5,144.8,124.919575439,4.53,-2.37388724036,0,-6.4153671714,0.17
467,168.2,144,144.551595951,4.29,-0.178041543027,-0.552486187845,8.29213903749,-0.07
468,153.9,147.9,122.121664327,4.46,-8.6646884273,2.1408839779,-8.51144765439,0.1
469,174.5,144.5,124.919575439,4.42,3.56083086053,-0.207182320442,-6.4153671714,0.06
470,164.8,146.1,135.295494737,4.41,-2.19584569733,0.897790055249,1.35784686952,0.05
471,171.2,141,135.295494737,4.55,1.60237388724,-2.62430939227,1.35784686952,0.19
472,169.4,141.6,135.295494737,4.55,0.53412462908,-2.20994475138,1.35784686952,0.19
473,176.6,144.9,144.551595951,4.23,4.80712166172,0.0690607734807,8.29213903749,-0.13
474,165.4,145.2,125.070398149,4.32,-1.83976261128,0.276243093923,-6.30237696994,-0.04
475,190.9,143.5,122.121664327,4.6,13.293768546,-0.897790055249,-8.51144765439,0.24
476,165,144.2,135.295494737,4.41,-2.07715133531,-0.414364640884,1.35784686952,0.05
477,170.2,143.6,137.824842105,4.35,1.00890207715,-0.828729281768,3.25273038909,-0.01
478,170.1,144.3,144.551595951,4.3,0.949554896142,-0.345303867403,8.29213903749,-0.06
479,167.1,144.9,158.476199458,4.24,-0.830860534125,0.0690607734807,18.7238820361,-0.12
480,199.6,144.8,125.070398149,4.38,18.4569732938,0,-6.30237696994,0.02
481,168.2,144.5,158.476199458,4.32,-0.178041543027,-0.207182320442,18.7238820361,-0.04
482,169.4,144.3,135.295494737,4.44,0.53412462908,-0.345303867403,1.35784686952,0.08
483,161.6,144.4,137.824842105,4.31,-4.09495548961,-0.276243093923,3.25273038909,-0.05
484,169.4,144.9,124.919575439,4.45,0.53412462908,0.0690607734807,-6.4153671714,0.09
485,162.6,144.8,137.824842105,4.38,-3.50148367953,0,3.25273038909,0.02
486,176.6,141,138.648217105,4.27,4.80712166172,-2.62430939227,3.86956923748,-0.09
487,168.6,143.4,137.824842105,4.29,0.0593471810089,-0.966850828729,3.25273038909,-0.07
488,146.7,141,122.121664327,4.42,-12.9376854599,-2.62430939227,-8.51144765439,0.06
489,156.1,144.9,124.919575439,4.41,-7.3590504451,0.0690607734807,-6.4153671714,0.05
490,174.6,144.8,135.295494737,4.32,3.62017804154,0,1.35784686952,-0.04
491,166.1,145.2,144.551595951,4.36,-1.42433234421,0.276243093923,8.29213903749,0
492,168.6,144.9,158.476199458,4.47,0.0593471810089,0.0690607734807,18.7238820361,0.11
493,177.5,144.8,135.295494737,4.45,5.3412462908,0,1.35784686952,0.09
494,169.4,143.3,158.476199458,4.44,0.53412462908,-1.03591160221,18.7238820361,0.08
495,174.5,144.8,138.648217105,4.46,3.56083086053,0,3.86956923748,0.1
496,185.7,145.2,137.824842105,4.46,10.2077151335,0.276243093923,3.25273038909,0.1
497,175.7,144.5,124.919575439,4.6,4.27299703264,-0.207182320442,-6.4153671714,0.24
498,166.2,143.7,144.551595951,4.3,-1.3649851632,-0.759668508287,8.29213903749,-0.06
499,185.7,146.9,122.121664327,4.46,10.2077151335,1.45027624309,-8.51144765439,0.1
500,167.8,144,128.393411802,4.45,-0.415430267062,-0.552486187845,-3.81291115555,0.09
501,177.5,142.8,138.648217105,4.44,5.3412462908,-1.38121546961,3.86956923748,0.08
502,166.9,146.1,137.824842105,4.45,-0.949554896142,0.897790055249,3.25273038909,0.09
503,171.2,144,128.393411802,4.44,1.60237388724,-0.552486187845,-3.81291115555,0.08
504,165.5,144.3,128.393411802,4.41,-1.78041543027,-0.345303867403,-3.81291115555,0.05
505,170.1,144.5,158.476199458,4.35,0.949554896142,-0.207182320442,18.7238820361,-0.01
506,169.2,144.6,122.121664327,4.41,0.415430267062,-0.138121546961,-8.51144765439,0.05
507,174.1,144.6,158.476199458,4.46,3.3234421365,-0.138121546961,18.7238820361,0.1
508,167.1,144,122.121664327,4.35,-0.830860534125,-0.552486187845,-8.51144765439,-0.01
509,167.3,141,124.919575439,4.29,-0.712166172107,-2.62430939227,-6.4153671714,-0.07
510,165.4,144.9,138.648217105,4.21,-1.83976261128,0.0690607734807,3.86956923748,-0.15
511,174.5,147.3,144.551595951,4.6,3.56083086053,1.72651933702,8.29213903749,0.24
512,167.4,144.5,136.684714833,4.53,-0.652818991098,-0.207182320442,2.39859370297,0.17
513,165.5,144.3,136.684714833,4.53,-1.78041543027,-0.345303867403,2.39859370297,0.17
514,170.8,144.4,144.551595951,4.3,1.3649851632,-0.276243093923,8.29213903749,-0.06
515,171.8,141,137.824842105,4.34,1.95845697329,-2.62430939227,3.25273038909,-0.02
516,170.3,144.9,128.393411802,4.41,1.06824925816,0.0690607734807,-3.81291115555,0.05
517,161.7,142.6,128.393411802,4.6,-4.03560830861,-1.51933701657,-3.81291115555,0.24
518,168.6,145.2,138.648217105,4.47,0.0593471810089,0.276243093923,3.86956923748,0.11
519,166.2,144.8,124.919575439,4.3,-1.3649851632,0,-6.4153671714,-0.06
520,165.5,144,122.121664327,4.38,-1.78041543027,-0.552486187845,-8.51144765439,0.02
521,185.7,144.4,137.824842105,4.32,10.2077151335,-0.276243093923,3.25273038909,-0.04
522,173.3,143.6,158.476199458,4.53,2.84866468843,-0.828729281768,18.7238820361,0.17
523,173.2,143.4,135.295494737,4.53,2.78931750742,-0.966850828729,1.35784686952,0.17
524,164.8,144.5,158.476199458,4.27,-2.19584569733,-0.207182320442,18.7238820361,-0.09
525,165.7,144,125.070398149,4.36,-1.66172106825,-0.552486187845,-6.30237696994,0
526,161.3,141.6,135.295494737,4.27,-4.27299703264,-2.20994475138,1.35784686952,-0.09
527,169.4,144.3,128.393411802,4.34,0.53412462908,-0.345303867403,-3.81291115555,-0.02
528,176.6,145.8,137.824842105,4.6,4.80712166172,0.690607734807,3.25273038909,0.24
529,176,144.6,158.476199458,4.27,4.45103857567,-0.138121546961,18.7238820361,-0.09
530,167.5,143.7,122.121664327,4.24,-0.593471810089,-0.759668508287,-8.51144765439,-0.12
531,192.4,144.8,144.551595951,4.46,14.1839762611,0,8.29213903749,0.1
532,174.4,144,135.295494737,4.3,3.50148367953,-0.552486187845,1.35784686952,-0.06
533,167.8,144.3,136.684714833,4.29,-0.415430267062,-0.345303867403,2.39859370297,-0.07
534,167.6,143.8,138.648217105,4.35,-0.53412462908,-0.690607734807,3.86956923748,-0.01
535,162.6,146.9,135.295494737,4.35,-3.50148367953,1.45027624309,1.35784686952,-0.01
536,176,144.7,128.393411802,4.32,4.45103857567,-0.0690607734807,-3.81291115555,-0.04
537,167.1,148.6,136.684714833,4.55,-0.830860534125,2.62430939227,2.39859370297,0.19
538,169.2,144.9,158.476199458,4.23,0.415430267062,0.0690607734807,18.7238820361,-0.13
539,164.8,144.2,138.648217105,4.36,-2.19584569733,-0.414364640884,3.86956923748,0
540,170.3,143.2,158.476199458,4.34,1.06824925816,-1.10497237569,18.7238820361,-0.02
541,167.5,144.2,125.070398149,4.42,-0.593471810089,-0.414364640884,-6.30237696994,0.06
542,164.3,144,137.824842105,4.29,-2.49258160237,-0.552486187845,3.25273038909,-0.07
543,176.6,143.5,135.295494737,4.44,4.80712166172,-0.897790055249,1.35784686952,0.08
544,163.7,145.1,138.648217105,4.31,-2.84866468843,0.207182320442,3.86956923748,-0.05
545,199.6,143.5,138.648217105,4.3,18.4569732938,-0.897790055249,3.86956923748,-0.06
546,170.2,147.3,137.824842105,4.35,1.00890207715,1.72651933702,3.25273038909,-0.01
547,170.1,143.5,125.070398149,4.3,0.949554896142,-0.897790055249,-6.30237696994,-0.06
548,173.2,144.2,158.476199458,4.31,2.78931750742,-0.414364640884,18.7238820361,-0.05
549,185.7,144,144.551595951,4.45,10.2077151335,-0.552486187845,8.29213903749,0.09
550,161.3,143.2,144.551595951,4.24,-4.27299703264,-1.10497237569,8.29213903749,-0.12
551,172.4,145.2,124.919575439,4.21,2.31454005935,0.276243093923,-6.4153671714,-0.15
552,169.4,147.9,138.648217105,4.6,0.53412462908,2.1408839779,3.86956923748,0.24
553,173,143.5,138.648217105,4.29,2.6706231454,-0.897790055249,3.86956923748,-0.07
554,185.7,144.6,136.684714833,4.23,10.2077151335,-0.138121546961,2.39859370297,-0.13
555,174.6,144.6,137.824842105,4.36,3.62017804154,-0.138121546961,3.25273038909,0
556,164.6,145.2,135.295494737,4.55,-2.31454005935,0.276243093923,1.35784686952,0.19
557,159.8,141,135.295494737,4.34,-5.16320474777,-2.62430939227,1.35784686952,-0.02
558,159.8,140.4,128.393411802,4.29,-5.16320474777,-3.03867403315,-3.81291115555,-0.07
559,169.3,143.7,144.551595951,4.27,0.474777448071,-0.759668508287,8.29213903749,-0.09
560,159.8,143.5,122.121664327,4.27,-5.16320474777,-0.897790055249,-8.51144765439,-0.09
561,170.2,144.9,144.551595951,4.32,1.00890207715,0.0690607734807,8.29213903749,-0.04
562,167.6,144.6,136.684714833,4.6,-0.53412462908,-0.138121546961,2.39859370297,0.24
563,162.9,144.4,158.476199458,4.35,-3.3234421365,-0.276243093923,18.7238820361,-0.01
564,170.2,147.1,124.919575439,4.21,1.00890207715,1.58839779006,-6.4153671714,-0.15
565,166.9,144.2,135.295494737,4.24,-0.949554896142,-0.414364640884,1.35784686952,-0.12
566,175.7,144.2,122.121664327,4.6,4.27299703264,-0.414364640884,-8.51144765439,0.24
567,167.8,140.4,137.824842105,4.32,-0.415430267062,-3.03867403315,3.25273038909,-0.04
568,166.4,143.9,125.070398149,4.3,-1.24629080119,-0.621546961326,-6.30237696994,-0.06
569,199.6,143.5,158.476199458,4.3,18.4569732938,-0.897790055249,18.7238820361,-0.06
570,162.9,144,158.476199458,4.36,-3.3234421365,-0.552486187845,18.7238820361,0
571,173.2,140.4,124.919575439,4.46,2.78931750742,-3.03867403315,-6.4153671714,0.1
572,174.5,144.6,137.824842105,4.3,3.56083086053,-0.138121546961,3.25273038909,-0.06
573,167.5,144.8,124.919575439,4.24,-0.593471810089,0,-6.4153671714,-0.12
574,168.4,145.1,124.919575439,4.27,-0.0593471810089,0.207182320442,-6.4153671714,-0.09
575,166.1,144.4,135.295494737,4.29,-1.42433234421,-0.276243093923,1.35784686952,-0.07
576,174.5,146.9,125.070398149,4.32,3.56083086053,1.45027624309,-6.30237696994,-0.04
577,167.8,144.8,124.919575439,4.38,-0.415430267062,0,-6.4153671714,0.02
578,167.8,144.3,125.070398149,4.32,-0.415430267062,-0.345303867403,-6.30237696994,-0.04
579,167.5,144,138.648217105,4.35,-0.593471810089,-0.552486187845,3.86956923748,-0.01
580,170.1,144.8,137.824842105,4.35,0.949554896142,0,3.25273038909,-0.01
581,168.6,144.5,135.295494737,4.36,0.0593471810089,-0.207182320442,1.35784686952,0
582,173,143.8,135.295494737,4.29,2.6706231454,-0.690607734807,1.35784686952,-0.07
583,174.1,143.9,158.476199458,4.27,3.3234421365,-0.621546961326,18.7238820361,-0.09
584,192.4,144.8,128.393411802,4.44,14.1839762611,0,-3.81291115555,0.08
585,167.9,148,128.393411802,4.41,-0.356083086053,2.20994475138,-3.81291115555,0.05
586,166.9,145.2,124.919575439,4.46,-0.949554896142,0.276243093923,-6.4153671714,0.1
587,199.9,144.8,138.648217105,4.44,18.6350148368,0,3.86956923748,0.08
588,161.7,143.3,137.824842105,4.3,-4.03560830861,-1.03591160221,3.25273038909,-0.06
589,170.2,145.2,158.476199458,4.23,1.00890207715,0.276243093923,18.7238820361,-0.13
590,199.6,144.4,137.824842105,4.31,18.4569732938,-0.276243093923,3.25273038909,-0.05
591,174.6,144.2,135.295494737,4.32,3.62017804154,-0.414364640884,1.35784686952,-0.04
592,176,143.5,125.070398149,4.24,4.45103857567,-0.897790055249,-6.30237696994,-0.12
593,170.8,147.5,137.824842105,4.44,1.3649851632,1.86464088398,3.25273038909,0.08
594,173.3,144.2,135.295494737,4.36,2.84866468843,-0.414364640884,1.35784686952,0
595,161.6,144.8,125.070398149,4.38,-4.09495548961,0,-6.30237696994,0.02
596,167.3,144.2,138.648217105,4.42,-0.712166172107,-0.414364640884,3.86956923748,0.06
597,166.2,143.4,158.476199458,4.41,-1.3649851632,-0.966850828729,18.7238820361,0.05
598,162.6,144.4,138.648217105,4.27,-3.50148367953,-0.276243093923,3.86956923748,-0.09
599,164.8,144.4,158.476199458,4.47,-2.19584569733,-0.276243093923,18.7238820361,0.11
600,175.7,143.7,122.121664327,4.3,4.27299703264,-0.759668508287,-8.51144765439,-0.06
601,170.2,143.7,125.070398149,4.23,1.00890207715,-0.759668508287,-6.30237696994,-0.13
602,170.2,144.2,138.648217105,4.27,1.00890207715,-0.414364640884,3.86956923748,-0.09
603,199.6,145.1,125.070398149,4.41,18.4569732938,0.207182320442,-6.30237696994,0.05
604,169.9,144.2,128.393411802,4.32,0.830860534125,-0.414364640884,-3.81291115555,-0.04
605,165.7,143.5,135.295494737,4.55,-1.66172106825,-0.897790055249,1.35784686952,0.19
606,170.2,144.2,122.121664327,4.36,1.00890207715,-0.414364640884,-8.51144765439,0
607,169.4,144.5,128.393411802,4.35,0.53412462908,-0.207182320442,-3.81291115555,-0.01
608,199.6,144.2,128.393411802,4.32,18.4569732938,-0.414364640884,-3.81291115555,-0.04
609,167.5,144.6,128.393411802,4.3,-0.593471810089,-0.138121546961,-3.81291115555,-0.06
610,166.4,143.2,128.393411802,4.55,-1.24629080119,-1.10497237569,-3.81291115555,0.19
611,166.4,143.7,137.824842105,4.3,-1.24629080119,-0.759668508287,3.25273038909,-0.06
612,164.5,144.6,137.824842105,4.21,-2.37388724036,-0.138121546961,3.25273038909,-0.15
613,176.6,144,128.393411802,4.34,4.80712166172,-0.552486187845,-3.81291115555,-0.02
614,163.7,141.4,128.393411802,4.41,-2.84866468843,-2.34806629834,-3.81291115555,0.05
615,169.3,145.7,122.121664327,4.47,0.474777448071,0.621546961326,-8.51144765439,0.11
616,173.2,146.9,158.476199458,4.55,2.78931750742,1.45027624309,18.7238820361,0.19
617,163.3,146.1,122.121664327,4.32,-3.08605341246,0.897790055249,-8.51144765439,-0.04
618,166.2,144.2,138.648217105,4.47,-1.3649851632,-0.414364640884,3.86956923748,0.11
619,168.2,144.5,135.295494737,4.3,-0.178041543027,-0.207182320442,1.35784686952,-0.06
620,170.1,143.6,136.684714833,4.47,0.949554896142,-0.828729281768,2.39859370297,0.11
621,190.9,144.9,122.121664327,4.39,13.293768546,0.0690607734807,-8.51144765439,0.03
622,166.4,144.5,158.476199458,4.47,-1.24629080119,-0.207182320442,18.7238820361,0.11
623,165.4,145.5,138.648217105,4.53,-1.83976261128,0.483425414365,3.86956923748,0.17
624,167.4,144.6,122.121664327,4.41,-0.652818991098,-0.138121546961,-8.51144765439,0.05
625,169.2,144.4,144.551595951,4.45,0.415430267062,-0.276243093923,8.29213903749,0.09
626,167.5,143.7,135.295494737,4.39,-0.593471810089,-0.759668508287,1.35784686952,0.03
627,175.7,144.4,135.295494737,4.35,4.27299703264,-0.276243093923,1.35784686952,-0.01
628,199.6,141.6,122.121664327,4.27,18.4569732938,-2.20994475138,-8.51144765439,-0.09
629,169.4,144.4,136.684714833,4.38,0.53412462908,-0.276243093923,2.39859370297,0.02
630,169.4,143.5,144.551595951,4.46,0.53412462908,-0.897790055249,8.29213903749,0.1
631,169.9,143.6,135.295494737,4.32,0.830860534125,-0.828729281768,1.35784686952,-0.04
632,176.6,144.8,138.648217105,4.35,4.80712166172,0,3.86956923748,-0.01
633,164.6,143.5,138.648217105,4.6,-2.31454005935,-0.897790055249,3.86956923748,0.24
634,164.5,144.8,124.919575439,4.6,-2.37388724036,0,-6.4153671714,0.24
635,164.6,143.7,128.393411802,4.31,-2.31454005935,-0.759668508287,-3.81291115555,-0.05
636,168.4,143.5,136.684714833,4.44,-0.0593471810089,-0.897790055249,2.39859370297,0.08
637,166.4,142.6,136.684714833,4.6,-1.24629080119,-1.51933701657,2.39859370297,0.24
638,174.5,144.5,138.648217105,4.38,3.56083086053,-0.207182320442,3.86956923748,0.02
639,170.2,144.4,125.070398149,4.29,1.00890207715,-0.276243093923,-6.30237696994,-0.07
640,169.4,144.3,138.648217105,4.44,0.53412462908,-0.345303867403,3.86956923748,0.08
641,166.4,145.5,128.393411802,4.29,-1.24629080119,0.483425414365,-3.81291115555,-0.07
642,167.9,145.5,122.121664327,4.35,-0.356083086053,0.483425414365,-8.51144765439,-0.01
643,165.5,144.2,124.919575439,4.24,-1.78041543027,-0.414364640884,-6.4153671714,-0.12
644,199.9,143.8,144.551595951,4.36,18.6350148368,-0.690607734807,8.29213903749,0
645,166.1,143.4,125.070398149,4.55,-1.42433234421,-0.966850828729,-6.30237696994,0.19
646,160.6,144.8,138.648217105,4.31,-4.6884272997,0,3.86956923748,-0.05
647,170.1,145.2,128.393411802,4.47,0.949554896142,0.276243093923,-3.81291115555,0.11
648,168.7,144.9,122.121664327,4.3,0.118694362018,0.0690607734807,-8.51144765439,-0.06
649,173,144,138.648217105,4.6,2.6706231454,-0.552486187845,3.86956923748,0.24
650,177.5,143.2,124.919575439,4.47,5.3412462908,-1.10497237569,-6.4153671714,0.11
651,185.7,141,124.919575439,4.24,10.2077151335,-2.62430939227,-6.4153671714,-0.12
652,199.6,143.6,137.824842105,4.44,18.4569732938,-0.828729281768,3.25273038909,0.08
653,168.4,145.2,144.551595951,4.6,-0.0593471810089,0.276243093923,8.29213903749,0.24
654,167.5,144.7,158.476199458,4.31,-0.593471810089,-0.0690607734807,18.7238820361,-0.05
655,172.4,141,125.070398149,4.3,2.31454005935,-2.62430939227,-6.30237696994,-0.06
656,199.9,145.2,122.121664327,4.35,18.6350148368,0.276243093923,-8.51144765439,-0.01
657,164.3,141,158.476199458,4.39,-2.49258160237,-2.62430939227,18.7238820361,0.03
658,174.5,142.6,136.684714833,4.41,3.56083086053,-1.51933701657,2.39859370297,0.05
659,176,143.5,125.070398149,4.6,4.45103857567,-0.897790055249,-6.30237696994,0.24
660,190.9,144.3,137.824842105,4.53,13.293768546,-0.345303867403,3.25273038909,0.17
661,169.2,145.8,125.070398149,4.42,0.415430267062,0.690607734807,-6.30237696994,0.06
662,170.3,143.6,124.919575439,4.6,1.06824925816,-0.828729281768,-6.4153671714,0.24
663,170.2,143.4,158.476199458,4.36,1.00890207715,-0.966850828729,18.7238820361,0
664,161.7,144.5,158.476199458,4.46,-4.03560830861,-0.207182320442,18.7238820361,0.1
665,172.4,143.8,124.919575439,4.46,2.31454005935,-0.690607734807,-6.4153671714,0.1
666,159.8,143.2,136.684714833,4.34,-5.16320474777,-1.10497237569,2.39859370297,-0.02
667,168.7,143.3,124.919575439,4.46,0.118694362018,-1.03591160221,-6.4153671714,0.1
668,164.6,143.5,122.121664327,4.3,-2.31454005935,-0.897790055249,-8.51144765439,-0.06
669,170.2,145.2,136.684714833,4.35,1.00890207715,0.276243093923,2.39859370297,-0.01
670,170.8,143.6,138.648217105,4.41,1.3649851632,-0.828729281768,3.86956923748,0.05
671,146.7,144.5,125.070398149,4.6,-12.9376854599,-0.207182320442,-6.30237696994,0.24
672,176.2,145.2,135.295494737,4.45,4.56973293769,0.276243093923,1.35784686952,0.09
673,167.6,144.5,138.648217105,4.41,-0.53412462908,-0.207182320442,3.86956923748,0.05
674,173.3,143.6,135.295494737,4.32,2.84866468843,-0.828729281768,1.35784686952,-0.04
675,170.1,147.3,125.070398149,4.41,0.949554896142,1.72651933702,-6.30237696994,0.05
676,166.1,144.6,135.295494737,4.36,-1.42433234421,-0.138121546961,1.35784686952,0
677,168.4,144.9,122.121664327,4.53,-0.0593471810089,0.0690607734807,-8.51144765439,0.17
678,161.7,143.7,138.648217105,4.23,-4.03560830861,-0.759668508287,3.86956923748,-0.13
679,167.6,143.7,138.648217105,4.46,-0.53412462908,-0.759668508287,3.86956923748,0.1
680,177.5,144.4,144.551595951,4.6,5.3412462908,-0.276243093923,8.29213903749,0.24
681,170.2,144,122.121664327,4.41,1.00890207715,-0.552486187845,-8.51144765439,0.05
682,166.1,144.5,137.824842105,4.3,-1.42433234421,-0.207182320442,3.25273038909,-0.06
683,167.3,141.4,158.476199458,4.27,-0.712166172107,-2.34806629834,18.7238820361,-0.09
684,164.3,144.4,135.295494737,4.21,-2.49258160237,-0.276243093923,1.35784686952,-0.15
685,176.6,144.1,138.648217105,4.46,4.80712166172,-0.483425414365,3.86956923748,0.1
686,170.8,144.5,138.648217105,4.27,1.3649851632,-0.207182320442,3.86956923748,-0.09
687,164.8,147.5,135.295494737,4.53,-2.19584569733,1.86464088398,1.35784686952,0.17
688,176,146.3,124.919575439,4.29,4.45103857567,1.03591160221,-6.4153671714,-0.07
689,167.6,144.8,128.393411802,4.29,-0.53412462908,0,-3.81291115555,-0.07
690,169.8,144.4,144.551595951,4.53,0.771513353116,-0.276243093923,8.29213903749,0.17
691,168.4,144.9,158.476199458,4.55,-0.0593471810089,0.0690607734807,18.7238820361,0.19
692,171,143.9,138.648217105,4.46,1.48367952522,-0.621546961326,3.86956923748,0.1
693,168.7,144.8,135.295494737,4.39,0.118694362018,0,1.35784686952,0.03
694,162.2,145.1,137.824842105,4.3,-3.73887240356,0.207182320442,3.25273038909,-0.06
695,174.5,143.4,158.476199458,4.27,3.56083086053,-0.966850828729,18.7238820361,-0.09
696,176,147.3,158.476199458,4.47,4.45103857567,1.72651933702,18.7238820361,0.11
697,167.5,144.5,124.919575439,4.47,-0.593471810089,-0.207182320442,-6.4153671714,0.11
698,166.9,144,158.476199458,4.24,-0.949554896142,-0.552486187845,18.7238820361,-0.12
699,177.5,147.1,125.070398149,4.6,5.3412462908,1.58839779006,-6.30237696994,0.24
700,171,144,137.824842105,4.44,1.48367952522,-0.552486187845,3.25273038909,0.08
701,170.2,144.5,125.070398149,4.27,1.00890207715,-0.207182320442,-6.30237696994,-0.09
702,168.6,144.2,122.121664327,4.42,0.0593471810089,-0.414364640884,-8.51144765439,0.06
703,167.3,140.4,122.121664327,4.27,-0.712166172107,-3.03867403315,-8.51144765439,-0.09
704,167.1,145.1,138.648217105,4.34,-0.830860534125,0.207182320442,3.86956923748,-0.02
705,165,144.2,135.295494737,4.44,-2.07715133531,-0.414364640884,1.35784686952,0.08
706,171.2,145.2,137.824842105,4.46,1.60237388724,0.276243093923,3.25273038909,0.1
707,173,144.5,158.476199458,4.23,2.6706231454,-0.207182320442,18.7238820361,-0.13
708,159.8,144.8,144.551595951,4.55,-5.16320474777,0,8.29213903749,0.19
709,169.3,144,135.295494737,4.39,0.474777448071,-0.552486187845,1.35784686952,0.03
710,161.3,143.7,137.824842105,4.29,-4.27299703264,-0.759668508287,3.25273038909,-0.07
711,168.2,144.4,158.476199458,4.27,-0.178041543027,-0.276243093923,18.7238820361,-0.09
712,153.9,147.5,138.648217105,4.29,-8.6646884273,1.86464088398,3.86956923748,-0.07
713,168.4,144.8,128.393411802,4.42,-0.0593471810089,0,-3.81291115555,0.06
714,163.7,144.2,125.070398149,4.55,-2.84866468843,-0.414364640884,-6.30237696994,0.19
715,169.4,143.3,125.070398149,4.44,0.53412462908,-1.03591160221,-6.30237696994,0.08
716,176.2,144.6,125.070398149,4.3,4.56973293769,-0.138121546961,-6.30237696994,-0.06
717,168.6,144.2,144.551595951,4.39,0.0593471810089,-0.414364640884,8.29213903749,0.03
718,173.2,144.8,122.121664327,4.21,2.78931750742,0,-8.51144765439,-0.15
719,167.9,144.2,137.824842105,4.46,-0.356083086053,-0.414364640884,3.25273038909,0.1
720,185.7,144.9,135.295494737,4.3,10.2077151335,0.0690607734807,1.35784686952,-0.06
721,158.9,145.7,128.393411802,4.32,-5.69732937685,0.621546961326,-3.81291115555,-0.04
722,198.1,143.2,122.121664327,4.27,17.5667655786,-1.10497237569,-8.51144765439,-0.09
723,168.6,144.9,136.684714833,4.6,0.0593471810089,0.0690607734807,2.39859370297,0.24
724,174.5,144.4,138.648217105,4.6,3.56083086053,-0.276243093923,3.86956923748,0.24
725,163.3,145.7,136.684714833,4.47,-3.08605341246,0.621546961326,2.39859370297,0.11
726,169.2,145.7,124.919575439,4.6,0.415430267062,0.621546961326,-6.4153671714,0.24
727,170.2,144.5,122.121664327,4.6,1.00890207715,-0.207182320442,-8.51144765439,0.24
728,199.9,148,124.919575439,4.21,18.6350148368,2.20994475138,-6.4153671714,-0.15
729,174.3,144.5,138.648217105,4.6,3.44213649852,-0.207182320442,3.86956923748,0.24
730,163.7,144.2,144.551595951,4.39,-2.84866468843,-0.414364640884,8.29213903749,0.03
731,161.7,144.1,144.551595951,4.32,-4.03560830861,-0.483425414365,8.29213903749,-0.04
732,174.3,143.4,122.121664327,4.46,3.44213649852,-0.966850828729,-8.51144765439,0.1
733,168.4,147.1,125.070398149,4.38,-0.0593471810089,1.58839779006,-6.30237696994,0.02
734,163.3,144.9,138.648217105,4.27,-3.08605341246,0.0690607734807,3.86956923748,-0.09
735,169.2,144.6,138.648217105,4.35,0.415430267062,-0.138121546961,3.86956923748,-0.01
736,176.6,144.2,124.919575439,4.44,4.80712166172,-0.414364640884,-6.4153671714,0.08
737,171.2,144.5,158.476199458,4.53,1.60237388724,-0.207182320442,18.7238820361,0.17
738,169.3,144.4,158.476199458,4.38,0.474777448071,-0.276243093923,18.7238820361,0.02
739,156.1,144.6,124.919575439,4.32,-7.3590504451,-0.138121546961,-6.4153671714,-0.04
740,168.3,146.9,135.295494737,4.44,-0.118694362018,1.45027624309,1.35784686952,0.08
741,168.7,141.6,135.295494737,4.44,0.118694362018,-2.20994475138,1.35784686952,0.08
742,169.4,144.5,128.393411802,4.36,0.53412462908,-0.207182320442,-3.81291115555,0
743,162.6,144.6,125.070398149,4.42,-3.50148367953,-0.138121546961,-6.30237696994,0.06
744,160.6,144.7,135.295494737,4.3,-4.6884272997,-0.0690607734807,1.35784686952,-0.06
745,158.9,143.4,137.824842105,4.36,-5.69732937685,-0.966850828729,3.25273038909,0
746,162.6,144.8,122.121664327,4.35,-3.50148367953,0,-8.51144765439,-0.01
747,199.6,143.4,158.476199458,4.47,18.4569732938,-0.966850828729,18.7238820361,0.11
748,161.3,144.2,128.393411802,4.47,-4.27299703264,-0.414364640884,-3.81291115555,0.11
749,165.4,143.6,137.824842105,4.47,-1.83976261128,-0.828729281768,3.25273038909,0.11
750,167.9,144.8,125.070398149,4.41,-0.356083086053,0,-6.30237696994,0.05
751,164.5,143.6,137.824842105,4.23,-2.37388724036,-0.828729281768,3.25273038909,-0.13
752,170.6,143.2,138.648217105,4.21,1.24629080119,-1.10497237569,3.86956923748,-0.15
753,167.8,144.3,122.121664327,4.39,-0.415430267062,-0.345303867403,-8.51144765439,0.03
754,165.5,143.7,135.295494737,4.31,-1.78041543027,-0.759668508287,1.35784686952,-0.05
755,190.9,148.6,122.121664327,4.3,13.293768546,2.62430939227,-8.51144765439,-0.06
756,164.6,144,137.824842105,4.41,-2.31454005935,-0.552486187845,3.25273038909,0.05
757,167.8,144.6,137.824842105,4.38,-0.415430267062,-0.138121546961,3.25273038909,0.02
758,171.2,141.6,124.919575439,4.46,1.60237388724,-2.20994475138,-6.4153671714,0.1
759,162.6,144,122.121664327,4.47,-3.50148367953,-0.552486187845,-8.51144765439,0.11
760,173,146.9,124.919575439,4.32,2.6706231454,1.45027624309,-6.4153671714,-0.04
761,164.5,143.7,138.648217105,4.21,-2.37388724036,-0.759668508287,3.86956923748,-0.15
762,190.9,143.7,158.476199458,4.45,13.293768546,-0.759668508287,18.7238820361,0.09
763,169.4,144.5,144.551595951,4.6,0.53412462908,-0.207182320442,8.29213903749,0.24
764,153.9,144.2,144.551595951,4.32,-8.6646884273,-0.414364640884,8.29213903749,-0.04
765,165.4,146.9,124.919575439,4.35,-1.83976261128,1.45027624309,-6.4153671714,-0.01
766,170,144.8,136.684714833,4.31,0.890207715134,0,2.39859370297,-0.05
767,156.1,147.5,137.824842105,4.31,-7.3590504451,1.86464088398,3.25273038909,-0.05
768,168.2,144.3,125.070398149,4.23,-0.178041543027,-0.345303867403,-6.30237696994,-0.13
769,173,145.2,136.684714833,4.44,2.6706231454,0.276243093923,2.39859370297,0.08
770,160.6,145.2,125.070398149,4.6,-4.6884272997,0.276243093923,-6.30237696994,0.24
771,190.9,145.2,144.551595951,4.38,13.293768546,0.276243093923,8.29213903749,0.02
772,174.6,144.8,144.551595951,4.24,3.62017804154,0,8.29213903749,-0.12
773,169.2,145.8,136.684714833,4.6,0.415430267062,0.690607734807,2.39859370297,0.24
774,192.4,147.5,128.393411802,4.27,14.1839762611,1.86464088398,-3.81291115555,-0.09
775,160.6,143.7,124.919575439,4.47,-4.6884272997,-0.759668508287,-6.4153671714,0.11
776,164.8,147.5,136.684714833,4.47,-2.19584569733,1.86464088398,2.39859370297,0.11
777,166.1,141.6,158.476199458,4.42,-1.42433234421,-2.20994475138,18.7238820361,0.06
778,166.2,145.5,136.684714833,4.42,-1.3649851632,0.483425414365,2.39859370297,0.06
779,164.5,140.4,122.121664327,4.34,-2.37388724036,-3.03867403315,-8.51144765439,-0.02
780,174.3,144.3,125.070398149,4.47,3.44213649852,-0.345303867403,-6.30237696994,0.11
781,176.2,145.2,124.919575439,4.42,4.56973293769,0.276243093923,-6.4153671714,0.06
782,176.2,144.2,137.824842105,4.47,4.56973293769,-0.414364640884,3.25273038909,0.11
783,161.6,145.8,135.295494737,4.41,-4.09495548961,0.690607734807,1.35784686952,0.05
784,167.4,144.8,135.295494737,4.21,-0.652818991098,0,1.35784686952,-0.15
785,199.6,146.3,125.070398149,4.29,18.4569732938,1.03591160221,-6.30237696994,-0.07
786,166.1,145.5,125.070398149,4.42,-1.42433234421,0.483425414365,-6.30237696994,0.06
787,167.8,144.9,124.919575439,4.29,-0.415430267062,0.0690607734807,-6.4153671714,-0.07
788,146.7,143.7,128.393411802,4.55,-12.9376854599,-0.759668508287,-3.81291115555,0.19
789,174.3,144.5,128.393411802,4.23,3.44213649852,-0.207182320442,-3.81291115555,-0.13
790,161.7,141,138.648217105,4.46,-4.03560830861,-2.62430939227,3.86956923748,0.1
791,174.6,144.8,124.919575439,4.3,3.62017804154,0,-6.4153671714,-0.06
792,176.6,144.3,122.121664327,4.31,4.80712166172,-0.345303867403,-8.51144765439,-0.05
793,192.4,142.8,158.476199458,4.46,14.1839762611,-1.38121546961,18.7238820361,0.1
794,173,144.6,135.295494737,4.45,2.6706231454,-0.138121546961,1.35784686952,0.09
795,161.3,144.5,137.824842105,4.42,-4.27299703264,-0.207182320442,3.25273038909,0.06
796,166.1,146.3,128.393411802,4.42,-1.42433234421,1.03591160221,-3.81291115555,0.06
797,192.4,144.6,138.648217105,4.6,14.1839762611,-0.138121546961,3.86956923748,0.24
798,177.5,141.6,144.551595951,4.21,5.3412462908,-2.20994475138,8.29213903749,-0.15
799,199.6,142.6,138.648217105,4.6,18.4569732938,-1.51933701657,3.86956923748,0.24
800,166.9,145.2,158.476199458,4.41,-0.949554896142,0.276243093923,18.7238820361,0.05
801,173.2,146.9,125.070398149,4.29,2.78931750742,1.45027624309,-6.30237696994,-0.07
802,161.7,144.7,138.648217105,4.36,-4.03560830861,-0.0690607734807,3.86956923748,0
803,174.5,144.4,125.070398149,4.35,3.56083086053,-0.276243093923,-6.30237696994,-0.01
804,170.2,147.3,122.121664327,4.29,1.00890207715,1.72651933702,-8.51144765439,-0.07
805,167.8,144.7,138.648217105,4.29,-0.415430267062,-0.0690607734807,3.86956923748,-0.07
806,169.9,145.1,138.648217105,4.41,0.830860534125,0.207182320442,3.86956923748,0.05
807,170.2,147.3,137.824842105,4.53,1.00890207715,1.72651933702,3.25273038909,0.17
808,168.4,147.5,124.919575439,4.21,-0.0593471810089,1.86464088398,-6.4153671714,-0.15
809,174.6,144.2,144.551595951,4.29,3.62017804154,-0.414364640884,8.29213903749,-0.07
810,158.9,145.2,135.295494737,4.24,-5.69732937685,0.276243093923,1.35784686952,-0.12
811,162.6,143.5,144.551595951,4.23,-3.50148367953,-0.897790055249,8.29213903749,-0.13
812,161.3,142.6,138.648217105,4.46,-4.27299703264,-1.51933701657,3.86956923748,0.1
813,170.1,144.2,135.295494737,4.24,0.949554896142,-0.414364640884,1.35784686952,-0.12
814,166.9,147.9,136.684714833,4.21,-0.949554896142,2.1408839779,2.39859370297,-0.15
815,156.1,144.8,138.648217105,4.45,-7.3590504451,0,3.86956923748,0.09
816,175.7,146.3,136.684714833,4.24,4.27299703264,1.03591160221,2.39859370297,-0.12
817,190.9,144.2,128.393411802,4.31,13.293768546,-0.414364640884,-3.81291115555,-0.05
818,174.6,144.6,135.295494737,4.6,3.62017804154,-0.138121546961,1.35784686952,0.24
819,176,145.2,138.648217105,4.41,4.45103857567,0.276243093923,3.86956923748,0.05
820,162.9,145.8,138.648217105,4.29,-3.3234421365,0.690607734807,3.86956923748,-0.07
821,169.3,144.1,128.393411802,4.32,0.474777448071,-0.483425414365,-3.81291115555,-0.04
822,161.6,148,128.393411802,4.55,-4.09495548961,2.20994475138,-3.81291115555,0.19
823,165,144.8,158.476199458,4.35,-2.07715133531,0,18.7238820361,-0.01
824,192.4,144.8,128.393411802,4.29,14.1839762611,0,-3.81291115555,-0.07
825,192.4,144.8,136.684714833,4.32,14.1839762611,0,2.39859370297,-0.04
826,172.4,147.9,144.551595951,4.24,2.31454005935,2.1408839779,8.29213903749,-0.12
827,168.7,141.6,124.919575439,4.3,0.118694362018,-2.20994475138,-6.4153671714,-0.06
828,168.7,143.9,128.393411802,4.42,0.118694362018,-0.621546961326,-3.81291115555,0.06
829,177.5,143.9,124.919575439,4.21,5.3412462908,-0.621546961326,-6.4153671714,-0.15
830,171.8,143.9,138.648217105,4.44,1.95845697329,-0.621546961326,3.86956923748,0.08
831,171.8,144.3,125.070398149,4.36,1.95845697329,-0.345303867403,-6.30237696994,0
832,168.4,144.6,158.476199458,4.39,-0.0593471810089,-0.138121546961,18.7238820361,0.03
833,164.8,143.3,122.121664327,4.36,-2.19584569733,-1.03591160221,-8.51144765439,0
834,164.5,144.9,124.919575439,4.27,-2.37388724036,0.0690607734807,-6.4153671714,-0.09
835,162.2,145.2,138.648217105,4.24,-3.73887240356,0.276243093923,3.86956923748,-0.12
836,176,141,135.295494737,4.35,4.45103857567,-2.62430939227,1.35784686952,-0.01
837,167.8,144,125.070398149,4.23,-0.415430267062,-0.552486187845,-6.30237696994,-0.13
838,161.3,144.5,158.476199458,4.41,-4.27299703264,-0.207182320442,18.7238820361,0.05
839,170.2,141,158.476199458,4.29,1.00890207715,-2.62430939227,18.7238820361,-0.07
840,168.6,148.6,136.684714833,4.3,0.0593471810089,2.62430939227,2.39859370297,-0.06
841,171.2,144.8,138.648217105,4.3,1.60237388724,0,3.86956923748,-0.06
842,161.6,144,124.919575439,4.44,-4.09495548961,-0.552486187845,-6.4153671714,0.08
843,174.5,143.6,144.551595951,4.31,3.56083086053,-0.828729281768,8.29213903749,-0.05
844,198.1,143.8,135.295494737,4.21,17.5667655786,-0.690607734807,1.35784686952,-0.15
845,167.6,144.5,136.684714833,4.47,-0.53412462908,-0.207182320442,2.39859370297,0.11
846,165.5,143.4,124.919575439,4.46,-1.78041543027,-0.966850828729,-6.4153671714,0.1
847,174.6,146.9,136.684714833,4.3,3.62017804154,1.45027624309,2.39859370297,-0.06
848,176.6,144.2,125.070398149,4.41,4.80712166172,-0.414364640884,-6.30237696994,0.05
849,174.5,144.5,158.476199458,4.32,3.56083086053,-0.207182320442,18.7238820361,-0.04
850,174.4,144.2,125.070398149,4.47,3.50148367953,-0.414364640884,-6.30237696994,0.11
851,164.3,144.4,137.824842105,4.32,-2.49258160237,-0.276243093923,3.25273038909,-0.04
852,198.1,143.8,125.070398149,4.41,17.5667655786,-0.690607734807,-6.30237696994,0.05
853,165.4,144.9,138.648217105,4.35,-1.83976261128,0.0690607734807,3.86956923748,-0.01
854,168.6,148,138.648217105,4.45,0.0593471810089,2.20994475138,3.86956923748,0.09
855,146.7,144.6,138.648217105,4.41,-12.9376854599,-0.138121546961,3.86956923748,0.05
856,170.6,144.8,124.919575439,4.32,1.24629080119,0,-6.4153671714,-0.04
857,171.2,144.6,124.919575439,4.3,1.60237388724,-0.138121546961,-6.4153671714,-0.06
858,167.4,144.4,137.824842105,4.41,-0.652818991098,-0.276243093923,3.25273038909,0.05
859,168.2,144.2,158.476199458,4.24,-0.178041543027,-0.414364640884,18.7238820361,-0.12
860,166.4,144,144.551595951,4.29,-1.24629080119,-0.552486187845,8.29213903749,-0.07
861,198.1,143.7,124.919575439,4.47,17.5667655786,-0.759668508287,-6.4153671714,0.11
862,177.5,144.6,138.648217105,4.42,5.3412462908,-0.138121546961,3.86956923748,0.06
863,170.2,143.2,158.476199458,4.27,1.00890207715,-1.10497237569,18.7238820361,-0.09
864,168.2,145.2,135.295494737,4.35,-0.178041543027,0.276243093923,1.35784686952,-0.01
865,161.3,144.5,137.824842105,4.27,-4.27299703264,-0.207182320442,3.25273038909,-0.09
866,173.2,146.3,124.919575439,4.53,2.78931750742,1.03591160221,-6.4153671714,0.17
867,192.4,144.9,122.121664327,4.34,14.1839762611,0.0690607734807,-8.51144765439,-0.02
868,159.8,145.2,128.393411802,4.44,-5.16320474777,0.276243093923,-3.81291115555,0.08
869,169.2,143.7,137.824842105,4.3,0.415430267062,-0.759668508287,3.25273038909,-0.06
870,173.3,143.8,125.070398149,4.35,2.84866468843,-0.690607734807,-6.30237696994,-0.01
871,198.1,144.4,122.121664327,4.53,17.5667655786,-0.276243093923,-8.51144765439,0.17
872,167.9,144,144.551595951,4.55,-0.356083086053,-0.552486187845,8.29213903749,0.19
873,163.7,145.2,122.121664327,4.3,-2.84866468843,0.276243093923,-8.51144765439,-0.06
874,173.2,143.2,136.684714833,4.35,2.78931750742,-1.10497237569,2.39859370297,-0.01
875,162.9,145.2,128.393411802,4.46,-3.3234421365,0.276243093923,-3.81291115555,0.1
876,176,145.8,128.393411802,4.47,4.45103857567,0.690607734807,-3.81291115555,0.11
877,160.6,143.4,122.121664327,4.42,-4.6884272997,-0.966850828729,-8.51144765439,0.06
878,161.6,142.8,138.648217105,4.46,-4.09495548961,-1.38121546961,3.86956923748,0.1
879,190.9,143.7,158.476199458,4.39,13.293768546,-0.759668508287,18.7238820361,0.03
880,160.6,143.9,144.551595951,4.27,-4.6884272997,-0.621546961326,8.29213903749,-0.09
881,164.5,143.6,122.121664327,4.39,-2.37388724036,-0.828729281768,-8.51144765439,0.03
882,174.4,143.7,138.648217105,4.31,3.50148367953,-0.759668508287,3.86956923748,-0.05
883,170,143.4,128.393411802,4.34,0.890207715134,-0.966850828729,-3.81291115555,-0.02
884,161.3,144.7,158.476199458,4.23,-4.27299703264,-0.0690607734807,18.7238820361,-0.13
885,166.2,145.8,137.824842105,4.55,-1.3649851632,0.690607734807,3.25273038909,0.19
886,166.4,145.2,128.393411802,4.38,-1.24629080119,0.276243093923,-3.81291115555,0.02
887,164.5,143.7,136.684714833,4.45,-2.37388724036,-0.759668508287,2.39859370297,0.09
888,164.5,143.4,158.476199458,4.27,-2.37388724036,-0.966850828729,18.7238820361,-0.09
889,176.2,144.2,158.476199458,4.39,4.56973293769,-0.414364640884,18.7238820361,0.03
890,173,143.5,138.648217105,4.29,2.6706231454,-0.897790055249,3.86956923748,-0.07
891,168.6,143.3,124.919575439,4.36,0.0593471810089,-1.03591160221,-6.4153671714,0
892,163.7,144.9,124.919575439,4.36,-2.84866468843,0.0690607734807,-6.4153671714,0
893,170.3,144.4,124.919575439,4.46,1.06824925816,-0.276243093923,-6.4153671714,0.1
894,190.9,148.6,144.551595951,4.41,13.293768546,2.62430939227,8.29213903749,0.05
895,170.1,143.9,128.393411802,4.41,0.949554896142,-0.621546961326,-3.81291115555,0.05
896,167.3,143.3,158.476199458,4.21,-0.712166172107,-1.03591160221,18.7238820361,-0.15
897,161.6,141,158.476199458,4.38,-4.09495548961,-2.62430939227,18.7238820361,0.02
898,164.6,141.6,122.121664327,4.6,-2.31454005935,-2.20994475138,-8.51144765439,0.24
899,169.2,144.9,122.121664327,4.35,0.415430267062,0.0690607734807,-8.51144765439,-0.01
900,167.8,144.8,144.551595951,4.46,-0.415430267062,0,8.29213903749,0.1
901,163.7,144.5,137.824842105,4.44,-2.84866468843,-0.207182320442,3.25273038909,0.08
902,162.9,144.5,122.121664327,4.46,-3.3234421365,-0.207182320442,-8.51144765439,0.1
903,174.6,144.2,135.295494737,4.42,3.62017804154,-0.414364640884,1.35784686952,0.06
904,166.9,146.1,122.121664327,4.41,-0.949554896142,0.897790055249,-8.51144765439,0.05
905,165.4,144.5,136.684714833,4.44,-1.83976261128,-0.207182320442,2.39859370297,0.08
906,176.2,144.6,158.476199458,4.34,4.56973293769,-0.138121546961,18.7238820361,-0.02
907,168.4,141,137.824842105,4.39,-0.0593471810089,-2.62430939227,3.25273038909,0.03
908,167.9,143.9,144.551595951,4.35,-0.356083086053,-0.621546961326,8.29213903749,-0.01
909,168.3,143.5,128.393411802,4.32,-0.118694362018,-0.897790055249,-3.81291115555,-0.04
910,170.8,145.2,124.919575439,4.35,1.3649851632,0.276243093923,-6.4153671714,-0.01
911,153.9,144.3,128.393411802,4.53,-8.6646884273,-0.345303867403,-3.81291115555,0.17
912,168.7,147.3,144.551595951,4.38,0.118694362018,1.72651933702,8.29213903749,0.02
913,161.6,146.3,136.684714833,4.35,-4.09495548961,1.03591160221,2.39859370297,-0.01
914,165.4,143.8,135.295494737,4.24,-1.83976261128,-0.690607734807,1.35784686952,-0.12
915,170.6,144.8,122.121664327,4.29,1.24629080119,0,-8.51144765439,-0.07
916,172.4,144.4,144.551595951,4.39,2.31454005935,-0.276243093923,8.29213903749,0.03
917,170.2,144.5,137.824842105,4.41,1.00890207715,-0.207182320442,3.25273038909,0.05
918,174.5,144.8,135.295494737,4.38,3.56083086053,0,1.35784686952,0.02
919,173.2,144.2,128.393411802,4.3,2.78931750742,-0.414364640884,-3.81291115555,-0.06
920,170,144.8,158.476199458,4.21,0.890207715134,0,18.7238820361,-0.15
921,166.2,144.7,144.551595951,4.32,-1.3649851632,-0.0690607734807,8.29213903749,-0.04
922,171.8,144,136.684714833,4.55,1.95845697329,-0.552486187845,2.39859370297,0.19
923,161.7,143.6,137.824842105,4.3,-4.03560830861,-0.828729281768,3.25273038909,-0.06
924,171,144,136.684714833,4.29,1.48367952522,-0.552486187845,2.39859370297,-0.07
925,167.6,144,124.919575439,4.39,-0.53412462908,-0.552486187845,-6.4153671714,0.03
926,168.7,144.8,136.684714833,4.3,0.118694362018,0,2.39859370297,-0.06
927,176,144.1,136.684714833,4.27,4.45103857567,-0.483425414365,2.39859370297,-0.09
928,167.9,144.4,144.551595951,4.35,-0.356083086053,-0.276243093923,8.29213903749,-0.01
929,153.9,144.2,135.295494737,4.35,-8.6646884273,-0.414364640884,1.35784686952,-0.01
930,167.5,147.1,138.648217105,4.3,-0.593471810089,1.58839779006,3.86956923748,-0.06
931,169.9,145.2,125.070398149,4.32,0.830860534125,0.276243093923,-6.30237696994,-0.04
932,174.6,144,122.121664327,4.21,3.62017804154,-0.552486187845,-8.51144765439,-0.15
933,198.1,144.6,135.295494737,4.44,17.5667655786,-0.138121546961,1.35784686952,0.08
934,171.8,144.8,138.648217105,4.55,1.95845697329,0,3.86956923748,0.19
935,169.4,144.3,125.070398149,4.27,0.53412462908,-0.345303867403,-6.30237696994,-0.09
936,173.3,146.3,128.393411802,4.24,2.84866468843,1.03591160221,-3.81291115555,-0.12
937,173,144.8,128.393411802,4.29,2.6706231454,0,-3.81291115555,-0.07
938,176.6,144.9,122.121664327,4.24,4.80712166172,0.0690607734807,-8.51144765439,-0.12
939,173.2,144.4,144.551595951,4.3,2.78931750742,-0.276243093923,8.29213903749,-0.06
940,168.2,143.4,128.393411802,4.53,-0.178041543027,-0.966850828729,-3.81291115555,0.17
941,169.4,144.5,125.070398149,4.31,0.53412462908,-0.207182320442,-6.30237696994,-0.05
942,177.5,142.6,158.476199458,4.47,5.3412462908,-1.51933701657,18.7238820361,0.11
943,168.2,145.2,125.070398149,4.41,-0.178041543027,0.276243093923,-6.30237696994,0.05
944,169.4,144,122.121664327,4.32,0.53412462908,-0.552486187845,-8.51144765439,-0.04
945,168.7,147.9,128.393411802,4.39,0.118694362018,2.1408839779,-3.81291115555,0.03
946,160.6,144.2,158.476199458,4.6,-4.6884272997,-0.414364640884,18.7238820361,0.24
947,161.7,144.5,124.919575439,4.55,-4.03560830861,-0.207182320442,-6.4153671714,0.19
948,171,147.3,135.295494737,4.32,1.48367952522,1.72651933702,1.35784686952,-0.04
949,170.6,141.6,144.551595951,4.41,1.24629080119,-2.20994475138,8.29213903749,0.05
950,174.3,142.8,125.070398149,4.44,3.44213649852,-1.38121546961,-6.30237696994,0.08
951,169.3,142.8,128.393411802,4.3,0.474777448071,-1.38121546961,-3.81291115555,-0.06
952,167.6,143.3,125.070398149,4.32,-0.53412462908,-1.03591160221,-6.30237696994,-0.04
953,185.7,144.4,137.824842105,4.36,10.2077151335,-0.276243093923,3.25273038909,0
954,164.3,143.3,136.684714833,4.38,-2.49258160237,-1.03591160221,2.39859370297,0.02
955,172.4,145.1,128.393411802,4.41,2.31454005935,0.207182320442,-3.81291115555,0.05
956,168.4,144,128.393411802,4.47,-0.0593471810089,-0.552486187845,-3.81291115555,0.11
957,168.7,143.2,124.919575439,4.3,0.118694362018,-1.10497237569,-6.4153671714,-0.06
958,165.7,144.2,136.684714833,4.47,-1.66172106825,-0.414364640884,2.39859370297,0.11
959,170.2,143.6,125.070398149,4.3,1.00890207715,-0.828729281768,-6.30237696994,-0.06
960,168.3,143.9,158.476199458,4.6,-0.118694362018,-0.621546961326,18.7238820361,0.24
961,164.8,144.5,158.476199458,4.47,-2.19584569733,-0.207182320442,18.7238820361,0.11
962,173.3,144.2,144.551595951,4.42,2.84866468843,-0.414364640884,8.29213903749,0.06
963,168.4,145.1,128.393411802,4.3,-0.0593471810089,0.207182320442,-3.81291115555,-0.06
964,170.1,143.4,137.824842105,4.27,0.949554896142,-0.966850828729,3.25273038909,-0.09
965,167.8,143.8,122.121664327,4.47,-0.415430267062,-0.690607734807,-8.51144765439,0.11
966,174.3,144.5,125.070398149,4.29,3.44213649852,-0.207182320442,-6.30237696994,-0.07
967,164.3,141.4,128.393411802,4.41,-2.49258160237,-2.34806629834,-3.81291115555,0.05
968,171,147.5,135.295494737,4.23,1.48367952522,1.86464088398,1.35784686952,-0.13
969,174.5,144.5,158.476199458,4.24,3.56083086053,-0.207182320442,18.7238820361,-0.12
970,170.2,144.4,125.070398149,4.3,1.00890207715,-0.276243093923,-6.30237696994,-0.06
971,171,144.3,124.919575439,4.27,1.48367952522,-0.345303867403,-6.4153671714,-0.09
972,164.3,147.1,138.648217105,4.6,-2.49258160237,1.58839779006,3.86956923748,0.24
973,165.7,144.9,124.919575439,4.35,-1.66172106825,0.0690607734807,-6.4153671714,-0.01
974,170.2,144.5,122.121664327,4.23,1.00890207715,-0.207182320442,-8.51144765439,-0.13
975,161.3,147.1,128.393411802,4.44,-4.27299703264,1.58839779006,-3.81291115555,0.08
976,167.3,143.5,125.070398149,4.3,-0.712166172107,-0.897790055249,-6.30237696994,-0.06
977,168.4,145.2,122.121664327,4.35,-0.0593471810089,0.276243093923,-8.51144765439,-0.01
978,162.9,144.6,138.648217105,4.42,-3.3234421365,-0.138121546961,3.86956923748,0.06
979,185.7,143.2,125.070398149,4.34,10.2077151335,-1.10497237569,-6.30237696994,-0.02
980,156.1,144.2,128.393411802,4.24,-7.3590504451,-0.414364640884,-3.81291115555,-0.12
981,172.4,143.5,158.476199458,4.35,2.31454005935,-0.897790055249,18.7238820361,-0.01
982,167.5,144,128.393411802,4.35,-0.593471810089,-0.552486187845,-3.81291115555,-0.01
983,169.2,144.9,138.648217105,4.23,0.415430267062,0.0690607734807,3.86956923748,-0.13
984,166.9,144,124.919575439,4.3,-0.949554896142,-0.552486187845,-6.4153671714,-0.06
985,163.3,143.2,128.393411802,4.55,-3.08605341246,-1.10497237569,-3.81291115555,0.19
986,168.4,143.4,128.393411802,4.44,-0.0593471810089,-0.966850828729,-3.81291115555,0.08
987,168.4,146.1,138.648217105,4.27,-0.0593471810089,0.897790055249,3.86956923748,-0.09
988,170.8,146.3,135.295494737,4.29,1.3649851632,1.03591160221,1.35784686952,-0.07
989,168.6,145.1,158.476199458,4.32,0.0593471810089,0.207182320442,18.7238820361,-0.04
990,174.4,145.8,158.476199458,4.3,3.50148367953,0.690607734807,18.7238820361,-0.06
991,164.8,143.8,158.476199458,4.41,-2.19584569733,-0.690607734807,18.7238820361,0.05
992,198.1,147.1,136.684714833,4.47,17.5667655786,1.58839779006,2.39859370297,0.11
993,169.9,144.5,136.684714833,4.3,0.830860534125,-0.207182320442,2.39859370297,-0.06
994,162.9,143.7,138.648217105,4.55,-3.3234421365,-0.759668508287,3.86956923748,0.19
995,171.8,143.5,158.476199458,4.42,1.95845697329,-0.897790055249,18.7238820361,0.06
996,165.5,144.2,158.476199458,4.35,-1.78041543027,-0.414364640884,18.7238820361,-0.01
997,168.6,144,135.295494737,4.45,0.0593471810089,-0.552486187845,1.35784686952,0.09
998,168.3,143.7,122.121664327,4.55,-0.118694362018,-0.759668508287,-8.51144765439,0.19
999,170.2,144.8,135.295494737,4.42,1.00890207715,0,1.35784686952,0.06
1000,167.8,144.1,124.919575439,4.29,-0.415430267062,-0.483425414365,-6.4153671714,-0.07
1001,153.9,144.2,122.121664327,4.46,-8.6646884273,-0.414364640884,-8.51144765439,0.1
1002,174.5,144.4,124.919575439,4.36,3.56083086053,-0.276243093923,-6.4153671714,0
1003,199.6,144.1,135.295494737,4.35,18.4569732938,-0.483425414365,1.35784686952,-0.01
1004,164.5,144.5,128.393411802,4.46,-2.37388724036,-0.207182320442,-3.81291115555,0.1
1005,169.2,144.1,144.551595951,4.32,0.415430267062,-0.483425414365,8.29213903749,-0.04
1006,165.4,144.5,138.648217105,4.31,-1.83976261128,-0.207182320442,3.86956923748,-0.05
1007,170.2,143.5,122.121664327,4.6,1.00890207715,-0.897790055249,-8.51144765439,0.24
1008,167.1,144.2,122.121664327,4.32,-0.830860534125,-0.414364640884,-8.51144765439,-0.04
1009,174.5,146.9,124.919575439,4.36,3.56083086053,1.45027624309,-6.4153671714,0
1010,170.1,142.6,138.648217105,4.41,0.949554896142,-1.51933701657,3.86956923748,0.05
1011,168.6,143.5,124.919575439,4.3,0.0593471810089,-0.897790055249,-6.4153671714,-0.06
1012,164.6,143.4,124.919575439,4.3,-2.31454005935,-0.966850828729,-6.4153671714,-0.06
1013,167.3,145.2,158.476199458,4.41,-0.712166172107,0.276243093923,18.7238820361,0.05
1014,167.6,143.5,124.919575439,4.41,-0.53412462908,-0.897790055249,-6.4153671714,0.05
1015,153.9,144,135.295494737,4.27,-8.6646884273,-0.552486187845,1.35784686952,-0.09
1016,198.1,144.8,125.070398149,4.53,17.5667655786,0,-6.30237696994,0.17
1017,162.2,144.6,125.070398149,4.44,-3.73887240356,-0.138121546961,-6.30237696994,0.08
1018,169.4,145.1,137.824842105,4.35,0.53412462908,0.207182320442,3.25273038909,-0.01
1019,174.5,143.6,135.295494737,4.27,3.56083086053,-0.828729281768,1.35784686952,-0.09
1020,169.2,144,122.121664327,4.34,0.415430267062,-0.552486187845,-8.51144765439,-0.02
1021,174.3,144.5,125.070398149,4.24,3.44213649852,-0.207182320442,-6.30237696994,-0.12
1022,175.7,144.2,128.393411802,4.55,4.27299703264,-0.414364640884,-3.81291115555,0.19
1023,170,143.5,128.393411802,4.47,0.890207715134,-0.897790055249,-3.81291115555,0.11
1024,167.3,144,138.648217105,4.21,-0.712166172107,-0.552486187845,3.86956923748,-0.15
1025,169.3,144.5,137.824842105,4.35,0.474777448071,-0.207182320442,3.25273038909,-0.01
1026,158.9,143.4,158.476199458,4.27,-5.69732937685,-0.966850828729,18.7238820361,-0.09
1027,176,143.5,124.919575439,4.27,4.45103857567,-0.897790055249,-6.4153671714,-0.09
1028,162.9,144.4,122.121664327,4.42,-3.3234421365,-0.276243093923,-8.51144765439,0.06
1029,170.2,145.2,122.121664327,4.44,1.00890207715,0.276243093923,-8.51144765439,0.08
1030,167.5,144.9,144.551595951,4.31,-0.593471810089,0.0690607734807,8.29213903749,-0.05
1031,168.6,144,124.919575439,4.55,0.0593471810089,-0.552486187845,-6.4153671714,0.19
1032,166.4,144.2,138.648217105,4.45,-1.24629080119,-0.414364640884,3.86956923748,0.09
1033,170.8,144.2,158.476199458,4.36,1.3649851632,-0.414364640884,18.7238820361,0
1034,156.1,144,122.121664327,4.6,-7.3590504451,-0.552486187845,-8.51144765439,0.24
1035,161.3,145.2,135.295494737,4.34,-4.27299703264,0.276243093923,1.35784686952,-0.02
1036,172.4,144.8,122.121664327,4.21,2.31454005935,0,-8.51144765439,-0.15
1037,167.5,148,158.476199458,4.31,-0.593471810089,2.20994475138,18.7238820361,-0.05
1038,164.6,146.1,136.684714833,4.6,-2.31454005935,0.897790055249,2.39859370297,0.24
1039,170.2,141.4,122.121664327,4.32,1.00890207715,-2.34806629834,-8.51144765439,-0.04
1040,146.7,143.9,138.648217105,4.27,-12.9376854599,-0.621546961326,3.86956923748,-0.09
1041,177.5,143.7,137.824842105,4.3,5.3412462908,-0.759668508287,3.25273038909,-0.06
1042,167.9,144.1,135.295494737,4.46,-0.356083086053,-0.483425414365,1.35784686952,0.1
1043,162.9,144.5,137.824842105,4.45,-3.3234421365,-0.207182320442,3.25273038909,0.09
1044,165.5,143.4,137.824842105,4.55,-1.78041543027,-0.966850828729,3.25273038909,0.19
1045,156.1,144.2,124.919575439,4.42,-7.3590504451,-0.414364640884,-6.4153671714,0.06
1046,165.7,144.8,124.919575439,4.3,-1.66172106825,0,-6.4153671714,-0.06
1047,153.9,142.6,125.070398149,4.3,-8.6646884273,-1.51933701657,-6.30237696994,-0.06
1048,199.9,143.9,137.824842105,4.23,18.6350148368,-0.621546961326,3.25273038909,-0.13
1049,170,144.5,122.121664327,4.44,0.890207715134,-0.207182320442,-8.51144765439,0.08
1050,170.1,144.6,136.684714833,4.53,0.949554896142,-0.138121546961,2.39859370297,0.17
1051,167.5,144,158.476199458,4.3,-0.593471810089,-0.552486187845,18.7238820361,-0.06
1052,168.2,147.5,128.393411802,4.3,-0.178041543027,1.86464088398,-3.81291115555,-0.06
1053,162.9,144,138.648217105,4.41,-3.3234421365,-0.552486187845,3.86956923748,0.05
1054,164.5,141.6,122.121664327,4.36,-2.37388724036,-2.20994475138,-8.51144765439,0
1055,163.3,144.2,136.684714833,4.44,-3.08605341246,-0.414364640884,2.39859370297,0.08
1056,185.7,144.2,128.393411802,4.3,10.2077151335,-0.414364640884,-3.81291115555,-0.06
1057,176,148,144.551595951,4.46,4.45103857567,2.20994475138,8.29213903749,0.1
1058,169.2,141.4,136.684714833,4.47,0.415430267062,-2.34806629834,2.39859370297,0.11
1059,153.9,143.8,158.476199458,4.21,-8.6646884273,-0.690607734807,18.7238820361,-0.15
1060,170,144.8,124.919575439,4.21,0.890207715134,0,-6.4153671714,-0.15
1061,168.3,145.5,137.824842105,4.44,-0.118694362018,0.483425414365,3.25273038909,0.08
1062,146.7,143.6,125.070398149,4.46,-12.9376854599,-0.828729281768,-6.30237696994,0.1
1063,174.3,145.7,128.393411802,4.44,3.44213649852,0.621546961326,-3.81291115555,0.08
1064,167.1,144.5,135.295494737,4.34,-0.830860534125,-0.207182320442,1.35784686952,-0.02
1065,160.6,141.6,136.684714833,4.3,-4.6884272997,-2.20994475138,2.39859370297,-0.06
1066,163.7,144.2,158.476199458,4.21,-2.84866468843,-0.414364640884,18.7238820361,-0.15
1067,153.9,144.4,122.121664327,4.32,-8.6646884273,-0.276243093923,-8.51144765439,-0.04
1068,174.4,144.2,125.070398149,4.32,3.50148367953,-0.414364640884,-6.30237696994,-0.04
1069,167.6,140.4,128.393411802,4.42,-0.53412462908,-3.03867403315,-3.81291115555,0.06
1070,167.6,143.2,135.295494737,4.32,-0.53412462908,-1.10497237569,1.35784686952,-0.04
1071,166.4,148.6,124.919575439,4.32,-1.24629080119,2.62430939227,-6.4153671714,-0.04
1072,165.4,141,138.648217105,4.31,-1.83976261128,-2.62430939227,3.86956923748,-0.05
1073,169.3,147.1,138.648217105,4.46,0.474777448071,1.58839779006,3.86956923748,0.1
1074,162.2,143.9,124.919575439,4.27,-3.73887240356,-0.621546961326,-6.4153671714,-0.09
1075,177.5,144.5,136.684714833,4.32,5.3412462908,-0.207182320442,2.39859370297,-0.04
1076,160.6,144.8,124.919575439,4.6,-4.6884272997,0,-6.4153671714,0.24
1077,153.9,143.7,144.551595951,4.3,-8.6646884273,-0.759668508287,8.29213903749,-0.06
1078,172.4,144,128.393411802,4.42,2.31454005935,-0.552486187845,-3.81291115555,0.06
1079,173.2,143.9,136.684714833,4.32,2.78931750742,-0.621546961326,2.39859370297,-0.04
1080,173,144,122.121664327,4.29,2.6706231454,-0.552486187845,-8.51144765439,-0.07
1081,168.7,141,128.393411802,4.35,0.118694362018,-2.62430939227,-3.81291115555,-0.01
1082,192.4,144.8,136.684714833,4.29,14.1839762611,0,2.39859370297,-0.07
1083,167.5,144,158.476199458,4.46,-0.593471810089,-0.552486187845,18.7238820361,0.1
1084,168.6,144,135.295494737,4.32,0.0593471810089,-0.552486187845,1.35784686952,-0.04
1085,165.5,147.1,144.551595951,4.23,-1.78041543027,1.58839779006,8.29213903749,-0.13
1086,169.2,143.7,158.476199458,4.23,0.415430267062,-0.759668508287,18.7238820361,-0.13
1087,165.5,144.3,158.476199458,4.36,-1.78041543027,-0.345303867403,18.7238820361,0
1088,198.1,144.3,125.070398149,4.47,17.5667655786,-0.345303867403,-6.30237696994,0.11
1089,169.4,141.6,124.919575439,4.29,0.53412462908,-2.20994475138,-6.4153671714,-0.07
1090,176,145.2,158.476199458,4.27,4.45103857567,0.276243093923,18.7238820361,-0.09
1091,168.7,143.7,122.121664327,4.45,0.118694362018,-0.759668508287,-8.51144765439,0.09
1092,169.3,143.3,136.684714833,4.36,0.474777448071,-1.03591160221,2.39859370297,0
1093,170.2,143.7,158.476199458,4.47,1.00890207715,-0.759668508287,18.7238820361,0.11
1094,166.9,144.3,138.648217105,4.44,-0.949554896142,-0.345303867403,3.86956923748,0.08
1095,169.8,144.9,158.476199458,4.3,0.771513353116,0.0690607734807,18.7238820361,-0.06
1096,170.2,147.1,124.919575439,4.46,1.00890207715,1.58839779006,-6.4153671714,0.1
1097,166.4,141,122.121664327,4.6,-1.24629080119,-2.62430939227,-8.51144765439,0.24
1098,199.9,144.2,124.919575439,4.3,18.6350148368,-0.414364640884,-6.4153671714,-0.06
1099,198.1,144.7,122.121664327,4.45,17.5667655786,-0.0690607734807,-8.51144765439,0.09
1100,171,144.8,128.393411802,4.55,1.48367952522,0,-3.81291115555,0.19
1101,174.3,144.8,124.919575439,4.53,3.44213649852,0,-6.4153671714,0.17
1102,164.8,147.9,137.824842105,4.27,-2.19584569733,2.1408839779,3.25273038909,-0.09
1103,160.6,144,125.070398149,4.29,-4.6884272997,-0.552486187845,-6.30237696994,-0.07
1104,158.9,144.9,136.684714833,4.55,-5.69732937685,0.0690607734807,2.39859370297,0.19
1105,167.8,144.8,144.551595951,4.6,-0.415430267062,0,8.29213903749,0.24
1106,168.2,147.5,135.295494737,4.34,-0.178041543027,1.86464088398,1.35784686952,-0.02
1107,173.3,144.9,128.393411802,4.46,2.84866468843,0.0690607734807,-3.81291115555,0.1
1108,167.1,147.9,138.648217105,4.41,-0.830860534125,2.1408839779,3.86956923748,0.05
1109,169.4,144.9,158.476199458,4.6,0.53412462908,0.0690607734807,18.7238820361,0.24
1110,170.3,144.2,138.648217105,4.32,1.06824925816,-0.414364640884,3.86956923748,-0.04
1111,168.7,141,135.295494737,4.44,0.118694362018,-2.62430939227,1.35784686952,0.08
1112,174.1,145.7,136.684714833,4.3,3.3234421365,0.621546961326,2.39859370297,-0.06
1113,167.5,144.3,122.121664327,4.46,-0.593471810089,-0.345303867403,-8.51144765439,0.1
1114,171.8,143.8,135.295494737,4.35,1.95845697329,-0.690607734807,1.35784686952,-0.01
1115,170,143.5,158.476199458,4.35,0.890207715134,-0.897790055249,18.7238820361,-0.01
1116,166.9,144.4,124.919575439,4.44,-0.949554896142,-0.276243093923,-6.4153671714,0.08
1117,199.9,144.7,135.295494737,4.27,18.6350148368,-0.0690607734807,1.35784686952,-0.09
1118,166.1,144.4,122.121664327,4.27,-1.42433234421,-0.276243093923,-8.51144765439,-0.09
1119,164.5,145.5,138.648217105,4.41,-2.37388724036,0.483425414365,3.86956923748,0.05
1120,166.1,143.3,136.684714833,4.41,-1.42433234421,-1.03591160221,2.39859370297,0.05
1121,169.3,141.4,137.824842105,4.39,0.474777448071,-2.34806629834,3.25273038909,0.03
1122,161.6,143.5,138.648217105,4.46,-4.09495548961,-0.897790055249,3.86956923748,0.1
1123,173.3,140.4,137.824842105,4.44,2.84866468843,-3.03867403315,3.25273038909,0.08
1124,198.1,144.8,122.121664327,4.27,17.5667655786,0,-8.51144765439,-0.09
1125,156.1,146.9,135.295494737,4.44,-7.3590504451,1.45027624309,1.35784686952,0.08
1126,171.8,145.2,137.824842105,4.39,1.95845697329,0.276243093923,3.25273038909,0.03
1127,192.4,144.1,137.824842105,4.3,14.1839762611,-0.483425414365,3.25273038909,-0.06
1128,163.7,141.4,125.070398149,4.24,-2.84866468843,-2.34806629834,-6.30237696994,-0.12
1129,163.3,145.5,128.393411802,4.42,-3.08605341246,0.483425414365,-3.81291115555,0.06
1130,166.2,144.4,124.919575439,4.3,-1.3649851632,-0.276243093923,-6.4153671714,-0.06
1131,163.7,144,138.648217105,4.27,-2.84866468843,-0.552486187845,3.86956923748,-0.09
1132,167.3,144.2,137.824842105,4.3,-0.712166172107,-0.414364640884,3.25273038909,-0.06
1133,164.8,144.8,124.919575439,4.3,-2.19584569733,0,-6.4153671714,-0.06
1134,170.2,143.5,137.824842105,4.35,1.00890207715,-0.897790055249,3.25273038909,-0.01
1135,158.9,144.8,158.476199458,4.44,-5.69732937685,0,18.7238820361,0.08
1136,159.8,145.8,124.919575439,4.3,-5.16320474777,0.690607734807,-6.4153671714,-0.06
1137,170.1,144.4,136.684714833,4.46,0.949554896142,-0.276243093923,2.39859370297,0.1
1138,156.1,147.9,122.121664327,4.46,-7.3590504451,2.1408839779,-8.51144765439,0.1
1139,165.4,144.2,135.295494737,4.42,-1.83976261128,-0.414364640884,1.35784686952,0.06
1140,170.3,142.6,138.648217105,4.23,1.06824925816,-1.51933701657,3.86956923748,-0.13
1141,168.6,143.7,158.476199458,4.6,0.0593471810089,-0.759668508287,18.7238820361,0.24
1142,168.2,144.5,135.295494737,4.38,-0.178041543027,-0.207182320442,1.35784686952,0.02
1143,168.6,143.3,124.919575439,4.29,0.0593471810089,-1.03591160221,-6.4153671714,-0.07
1144,171.2,144,158.476199458,4.38,1.60237388724,-0.552486187845,18.7238820361,0.02
1145,165.7,144.8,124.919575439,4.47,-1.66172106825,0,-6.4153671714,0.11
1146,192.4,143.8,128.393411802,4.39,14.1839762611,-0.690607734807,-3.81291115555,0.03
1147,166.9,141,128.393411802,4.29,-0.949554896142,-2.62430939227,-3.81291115555,-0.07
1148,165.7,143.7,158.476199458,4.21,-1.66172106825,-0.759668508287,18.7238820361,-0.15
1149,153.9,143.6,138.648217105,4.24,-8.6646884273,-0.828729281768,3.86956923748,-0.12
1150,192.4,144.8,137.824842105,4.36,14.1839762611,0,3.25273038909,0
1151,166.2,144,125.070398149,4.35,-1.3649851632,-0.552486187845,-6.30237696994,-0.01
1152,167.3,144,125.070398149,4.42,-0.712166172107,-0.552486187845,-6.30237696994,0.06
1153,169.3,144.6,128.393411802,4.46,0.474777448071,-0.138121546961,-3.81291115555,0.1
1154,199.9,145.2,124.919575439,4.27,18.6350148368,0.276243093923,-6.4153671714,-0.09
1155,165,144.2,158.476199458,4.35,-2.07715133531,-0.414364640884,18.7238820361,-0.01
1156,168.4,144.8,136.684714833,4.6,-0.0593471810089,0,2.39859370297,0.24
1157,167.5,144.7,135.295494737,4.55,-0.593471810089,-0.0690607734807,1.35784686952,0.19
1158,171.8,143.5,135.295494737,4.24,1.95845697329,-0.897790055249,1.35784686952,-0.12
1159,177.5,145.2,135.295494737,4.6,5.3412462908,0.276243093923,1.35784686952,0.24
1160,176,143.3,136.684714833,4.47,4.45103857567,-1.03591160221,2.39859370297,0.11
1161,168.6,143.7,128.393411802,4.38,0.0593471810089,-0.759668508287,-3.81291115555,0.02
1162,168.6,148,122.121664327,4.6,0.0593471810089,2.20994475138,-8.51144765439,0.24
1163,167.8,144.5,138.648217105,4.53,-0.415430267062,-0.207182320442,3.86956923748,0.17
1164,165,144.8,137.824842105,4.29,-2.07715133531,0,3.25273038909,-0.07
1165,173.3,144.8,122.121664327,4.45,2.84866468843,0,-8.51144765439,0.09
1166,168.6,146.1,135.295494737,4.21,0.0593471810089,0.897790055249,1.35784686952,-0.15
1167,174.3,143.7,144.551595951,4.35,3.44213649852,-0.759668508287,8.29213903749,-0.01
1168,169.4,145.1,144.551595951,4.29,0.53412462908,0.207182320442,8.29213903749,-0.07
1169,162.2,144.2,138.648217105,4.6,-3.73887240356,-0.414364640884,3.86956923748,0.24
1170,177.5,144.9,136.684714833,4.32,5.3412462908,0.0690607734807,2.39859370297,-0.04
1171,161.6,145.8,158.476199458,4.44,-4.09495548961,0.690607734807,18.7238820361,0.08
1172,174.1,145.7,135.295494737,4.21,3.3234421365,0.621546961326,1.35784686952,-0.15
1173,173,146.9,135.295494737,4.3,2.6706231454,1.45027624309,1.35784686952,-0.06
1174,173.2,143.4,158.476199458,4.35,2.78931750742,-0.966850828729,18.7238820361,-0.01
1175,176,144.2,137.824842105,4.29,4.45103857567,-0.414364640884,3.25273038909,-0.07
1176,167.9,144.9,138.648217105,4.42,-0.356083086053,0.0690607734807,3.86956923748,0.06
1177,190.9,144.8,122.121664327,4.21,13.293768546,0,-8.51144765439,-0.15
1178,174.5,144.8,122.121664327,4.55,3.56083086053,0,-8.51144765439,0.19
1179,169.8,144.1,138.648217105,4.31,0.771513353116,-0.483425414365,3.86956923748,-0.05
1180,156.1,144.9,122.121664327,4.23,-7.3590504451,0.0690607734807,-8.51144765439,-0.13
1181,177.5,144.5,144.551595951,4.27,5.3412462908,-0.207182320442,8.29213903749,-0.09
1182,174.6,140.4,158.476199458,4.3,3.62017804154,-3.03867403315,18.7238820361,-0.06
1183,171,144.5,122.121664327,4.44,1.48367952522,-0.207182320442,-8.51144765439,0.08
1184,168.4,144.8,138.648217105,4.42,-0.0593471810089,0,3.86956923748,0.06
1185,169.4,147.3,136.684714833,4.47,0.53412462908,1.72651933702,2.39859370297,0.11
1186,167.5,144.5,137.824842105,4.55,-0.593471810089,-0.207182320442,3.25273038909,0.19
1187,168.6,145.2,128.393411802,4.23,0.0593471810089,0.276243093923,-3.81291115555,-0.13
1188,176.6,144.6,124.919575439,4.21,4.80712166172,-0.138121546961,-6.4153671714,-0.15
1189,170.6,144.2,136.684714833,4.39,1.24629080119,-0.414364640884,2.39859370297,0.03
1190,174.3,144.8,158.476199458,4.45,3.44213649852,0,18.7238820361,0.09
1191,177.5,147.5,137.824842105,4.41,5.3412462908,1.86464088398,3.25273038909,0.05
1192,159.8,145.2,158.476199458,4.41,-5.16320474777,0.276243093923,18.7238820361,0.05
1193,171.2,144,125.070398149,4.46,1.60237388724,-0.552486187845,-6.30237696994,0.1
1194,166.1,144.6,135.295494737,4.3,-1.42433234421,-0.138121546961,1.35784686952,-0.06
1195,176.6,141.4,124.919575439,4.6,4.80712166172,-2.34806629834,-6.4153671714,0.24
1196,165.4,144.8,144.551595951,4.21,-1.83976261128,0,8.29213903749,-0.15
1197,176.6,148,158.476199458,4.44,4.80712166172,2.20994475138,18.7238820361,0.08
1198,174.3,141,135.295494737,4.27,3.44213649852,-2.62430939227,1.35784686952,-0.09
1199,174.5,142.6,137.824842105,4.27,3.56083086053,-1.51933701657,3.25273038909,-0.09
1200,164.3,147.5,158.476199458,4.29,-2.49258160237,1.86464088398,18.7238820361,-0.07
1201,192.4,144.9,125.070398149,4.46,14.1839762611,0.0690607734807,-6.30237696994,0.1
1202,156.1,144.2,136.684714833,4.34,-7.3590504451,-0.414364640884,2.39859370297,-0.02
1203,146.7,146.1,128.393411802,4.3,-12.9376854599,0.897790055249,-3.81291115555,-0.06
1204,176.2,141,135.295494737,4.41,4.56973293769,-2.62430939227,1.35784686952,0.05
1205,171.8,142.8,135.295494737,4.53,1.95845697329,-1.38121546961,1.35784686952,0.17
1206,168.6,141,128.393411802,4.41,0.0593471810089,-2.62430939227,-3.81291115555,0.05
1207,165,144.8,125.070398149,4.3,-2.07715133531,0,-6.30237696994,-0.06
1208,165,144.9,125.070398149,4.46,-2.07715133531,0.0690607734807,-6.30237696994,0.1
1209,165,144.2,136.684714833,4.39,-2.07715133531,-0.414364640884,2.39859370297,0.03
1210,174.5,143.7,158.476199458,4.39,3.56083086053,-0.759668508287,18.7238820361,0.03
1211,174.5,144,144.551595951,4.47,3.56083086053,-0.552486187845,8.29213903749,0.11
1212,170.2,144.4,128.393411802,4.46,1.00890207715,-0.276243093923,-3.81291115555,0.1
1213,172.4,141.6,144.551595951,4.36,2.31454005935,-2.20994475138,8.29213903749,0
1214,163.7,147.3,128.393411802,4.27,-2.84866468843,1.72651933702,-3.81291115555,-0.09
1215,167.8,141,158.476199458,4.3,-0.415430267062,-2.62430939227,18.7238820361,-0.06
1216,169.2,144.5,124.919575439,4.35,0.415430267062,-0.207182320442,-6.4153671714,-0.01
1217,167.5,144.8,135.295494737,4.34,-0.593471810089,0,1.35784686952,-0.02
1218,169.4,143.9,136.684714833,4.21,0.53412462908,-0.621546961326,2.39859370297,-0.15
1219,176,143.3,124.919575439,4.41,4.45103857567,-1.03591160221,-6.4153671714,0.05
1220,167.4,141,135.295494737,4.55,-0.652818991098,-2.62430939227,1.35784686952,0.19
1221,162.2,144.2,158.476199458,4.21,-3.73887240356,-0.414364640884,18.7238820361,-0.15
1222,156.1,144.4,136.684714833,4.29,-7.3590504451,-0.276243093923,2.39859370297,-0.07
1223,176.2,144.4,122.121664327,4.6,4.56973293769,-0.276243093923,-8.51144765439,0.24
1224,166.2,143.7,122.121664327,4.3,-1.3649851632,-0.759668508287,-8.51144765439,-0.06
1225,169.4,143.9,137.824842105,4.46,0.53412462908,-0.621546961326,3.25273038909,0.1
1226,199.6,145.5,124.919575439,4.47,18.4569732938,0.483425414365,-6.4153671714,0.11
1227,174.3,144.5,138.648217105,4.47,3.44213649852,-0.207182320442,3.86956923748,0.11
1228,156.1,144.3,124.919575439,4.42,-7.3590504451,-0.345303867403,-6.4153671714,0.06
1229,164.3,144,125.070398149,4.41,-2.49258160237,-0.552486187845,-6.30237696994,0.05
1230,165.5,145.1,122.121664327,4.47,-1.78041543027,0.207182320442,-8.51144765439,0.11
1231,170.8,143.9,122.121664327,4.46,1.3649851632,-0.621546961326,-8.51144765439,0.1
1232,174.6,146.3,144.551595951,4.42,3.62017804154,1.03591160221,8.29213903749,0.06
1233,161.7,144,135.295494737,4.47,-4.03560830861,-0.552486187845,1.35784686952,0.11
1234,164.6,144.2,144.551595951,4.27,-2.31454005935,-0.414364640884,8.29213903749,-0.09
1235,171.8,147.1,137.824842105,4.45,1.95845697329,1.58839779006,3.25273038909,0.09
1236,168.4,144.9,125.070398149,4.36,-0.0593471810089,0.0690607734807,-6.30237696994,0
1237,169.9,144.6,144.551595951,4.41,0.830860534125,-0.138121546961,8.29213903749,0.05
1238,172.4,148,125.070398149,4.24,2.31454005935,2.20994475138,-6.30237696994,-0.12
1239,168.3,148,124.919575439,4.45,-0.118694362018,2.20994475138,-6.4153671714,0.09
1240,174.4,144.5,128.393411802,4.46,3.50148367953,-0.207182320442,-3.81291115555,0.1
1241,170.6,144.7,137.824842105,4.36,1.24629080119,-0.0690607734807,3.25273038909,0
1242,158.9,141.6,125.070398149,4.27,-5.69732937685,-2.20994475138,-6.30237696994,-0.09
1243,169.2,141.6,135.295494737,4.44,0.415430267062,-2.20994475138,1.35784686952,0.08
1244,169.9,147.5,158.476199458,4.47,0.830860534125,1.86464088398,18.7238820361,0.11
1245,168.7,144.5,138.648217105,4.3,0.118694362018,-0.207182320442,3.86956923748,-0.06
1246,170,144.8,144.551595951,4.3,0.890207715134,0,8.29213903749,-0.06
1247,171,144.6,158.476199458,4.36,1.48367952522,-0.138121546961,18.7238820361,0
1248,169.2,146.1,136.684714833,4.24,0.415430267062,0.897790055249,2.39859370297,-0.12
1249,172.4,147.1,158.476199458,4.21,2.31454005935,1.58839779006,18.7238820361,-0.15
1250,161.6,144.8,125.070398149,4.23,-4.09495548961,0,-6.30237696994,-0.13
1251,160.6,143.2,125.070398149,4.24,-4.6884272997,-1.10497237569,-6.30237696994,-0.12
1252,176,144.2,137.824842105,4.46,4.45103857567,-0.414364640884,3.25273038909,0.1
1253,168.3,144.8,125.070398149,4.41,-0.118694362018,0,-6.30237696994,0.05
1254,167.8,144,128.393411802,4.21,-0.415430267062,-0.552486187845,-3.81291115555,-0.15
1255,165.7,144.5,135.295494737,4.53,-1.66172106825,-0.207182320442,1.35784686952,0.17
1256,167.8,144.9,135.295494737,4.46,-0.415430267062,0.0690607734807,1.35784686952,0.1
1257,146.7,143.2,136.684714833,4.41,-12.9376854599,-1.10497237569,2.39859370297,0.05
1258,166.4,144.5,122.121664327,4.47,-1.24629080119,-0.207182320442,-8.51144765439,0.11
1259,171.2,144,137.824842105,4.3,1.60237388724,-0.552486187845,3.25273038909,-0.06
1260,161.6,143.3,138.648217105,4.34,-4.09495548961,-1.03591160221,3.86956923748,-0.02
1261,171.8,145.8,135.295494737,4.29,1.95845697329,0.690607734807,1.35784686952,-0.07
1262,173.3,146.9,136.684714833,4.46,2.84866468843,1.45027624309,2.39859370297,0.1
1263,165.5,147.1,124.919575439,4.41,-1.78041543027,1.58839779006,-6.4153671714,0.05
1264,168.4,143.5,122.121664327,4.21,-0.0593471810089,-0.897790055249,-8.51144765439,-0.15
1265,174.1,148,122.121664327,4.3,3.3234421365,2.20994475138,-8.51144765439,-0.06
1266,174.3,144,138.648217105,4.6,3.44213649852,-0.552486187845,3.86956923748,0.24
1267,174.5,143.7,125.070398149,4.23,3.56083086053,-0.759668508287,-6.30237696994,-0.13
1268,174.3,144.2,136.684714833,4.36,3.44213649852,-0.414364640884,2.39859370297,0
1269,161.7,143.3,135.295494737,4.45,-4.03560830861,-1.03591160221,1.35784686952,0.09
1270,163.3,144.4,137.824842105,4.3,-3.08605341246,-0.276243093923,3.25273038909,-0.06
1271,170.1,143.5,136.684714833,4.32,0.949554896142,-0.897790055249,2.39859370297,-0.04
1272,169.8,144.9,144.551595951,4.39,0.771513353116,0.0690607734807,8.29213903749,0.03
1273,170.2,144.5,136.684714833,4.24,1.00890207715,-0.207182320442,2.39859370297,-0.12
1274,176,143.5,158.476199458,4.3,4.45103857567,-0.897790055249,18.7238820361,-0.06
1275,170.1,143.5,135.295494737,4.6,0.949554896142,-0.897790055249,1.35784686952,0.24
1276,156.1,145.1,124.919575439,4.35,-7.3590504451,0.207182320442,-6.4153671714,-0.01
1277,166.2,141.6,136.684714833,4.24,-1.3649851632,-2.20994475138,2.39859370297,-0.12
1278,174.5,143.3,122.121664327,4.24,3.56083086053,-1.03591160221,-8.51144765439,-0.12
1279,171.8,143.7,136.684714833,4.42,1.95845697329,-0.759668508287,2.39859370297,0.06
1280,171.8,143.5,128.393411802,4.38,1.95845697329,-0.897790055249,-3.81291115555,0.02
1281,166.2,144.4,135.295494737,4.42,-1.3649851632,-0.276243093923,1.35784686952,0.06
1282,174.5,146.1,137.824842105,4.3,3.56083086053,0.897790055249,3.25273038909,-0.06
1283,171.2,144.3,122.121664327,4.29,1.60237388724,-0.345303867403,-8.51144765439,-0.07
1284,167.5,143.7,124.919575439,4.27,-0.593471810089,-0.759668508287,-6.4153671714,-0.09
1285,162.6,145.1,136.684714833,4.38,-3.50148367953,0.207182320442,2.39859370297,0.02
1286,167.6,145.8,128.393411802,4.44,-0.53412462908,0.690607734807,-3.81291115555,0.08
1287,169.9,143.9,125.070398149,4.27,0.830860534125,-0.621546961326,-6.30237696994,-0.09
1288,162.6,144.5,137.824842105,4.44,-3.50148367953,-0.207182320442,3.25273038909,0.08
1289,170,143.8,125.070398149,4.34,0.890207715134,-0.690607734807,-6.30237696994,-0.02
1290,167.8,143.7,144.551595951,4.3,-0.415430267062,-0.759668508287,8.29213903749,-0.06
1291,174.5,143.7,136.684714833,4.24,3.56083086053,-0.759668508287,2.39859370297,-0.12
1292,170.2,143.3,135.295494737,4.55,1.00890207715,-1.03591160221,1.35784686952,0.19
1293,169.4,144.5,137.824842105,4.3,0.53412462908,-0.207182320442,3.25273038909,-0.06
1294,169.8,144.3,136.684714833,4.39,0.771513353116,-0.345303867403,2.39859370297,0.03
1295,146.7,144.2,136.684714833,4.42,-12.9376854599,-0.414364640884,2.39859370297,0.06
1296,164.5,143.7,124.919575439,4.3,-2.37388724036,-0.759668508287,-6.4153671714,-0.06
1297,173.2,144.2,138.648217105,4.34,2.78931750742,-0.414364640884,3.86956923748,-0.02
1298,174.5,144.9,137.824842105,4.3,3.56083086053,0.0690607734807,3.25273038909,-0.06
1299,156.1,141,138.648217105,4.32,-7.3590504451,-2.62430939227,3.86956923748,-0.04
1300,165.5,143.6,137.824842105,4.47,-1.78041543027,-0.828729281768,3.25273038909,0.11
1301,162.6,144.6,158.476199458,4.42,-3.50148367953,-0.138121546961,18.7238820361,0.06
1302,159.8,145.8,138.648217105,4.45,-5.16320474777,0.690607734807,3.86956923748,0.09
1303,165,141.6,138.648217105,4.38,-2.07715133531,-2.20994475138,3.86956923748,0.02
1304,170.8,144.2,137.824842105,4.27,1.3649851632,-0.414364640884,3.25273038909,-0.09
1305,198.1,147.3,135.295494737,4.41,17.5667655786,1.72651933702,1.35784686952,0.05
1306,176.2,144.2,144.551595951,4.27,4.56973293769,-0.414364640884,8.29213903749,-0.09
1307,170.2,147.5,137.824842105,4.32,1.00890207715,1.86464088398,3.25273038909,-0.04
1308,163.7,144.3,138.648217105,4.35,-2.84866468843,-0.345303867403,3.86956923748,-0.01
1309,170,144.6,158.476199458,4.32,0.890207715134,-0.138121546961,18.7238820361,-0.04
1310,169.3,143.2,137.824842105,4.39,0.474777448071,-1.10497237569,3.25273038909,0.03
1311,167.5,143.2,144.551595951,4.21,-0.593471810089,-1.10497237569,8.29213903749,-0.15
1312,192.4,146.1,158.476199458,4.27,14.1839762611,0.897790055249,18.7238820361,-0.09
1313,174.1,145.2,135.295494737,4.38,3.3234421365,0.276243093923,1.35784686952,0.02
1314,171.8,143.4,144.551595951,4.24,1.95845697329,-0.966850828729,8.29213903749,-0.12
1315,199.6,144.2,158.476199458,4.3,18.4569732938,-0.414364640884,18.7238820361,-0.06
1316,169.2,144.7,137.824842105,4.31,0.415430267062,-0.0690607734807,3.25273038909,-0.05
1317,165.4,143.7,125.070398149,4.23,-1.83976261128,-0.759668508287,-6.30237696994,-0.13
1318,174.5,143.5,135.295494737,4.53,3.56083086053,-0.897790055249,1.35784686952,0.17
1319,176,143.7,158.476199458,4.27,4.45103857567,-0.759668508287,18.7238820361,-0.09
1320,171.2,143.4,135.295494737,4.41,1.60237388724,-0.966850828729,1.35784686952,0.05
1321,164.8,148.6,128.393411802,4.35,-2.19584569733,2.62430939227,-3.81291115555,-0.01
1322,199.9,144,128.393411802,4.41,18.6350148368,-0.552486187845,-3.81291115555,0.05
1323,173.3,144.7,138.648217105,4.44,2.84866468843,-0.0690607734807,3.86956923748,0.08
1324,170.1,144.9,128.393411802,4.21,0.949554896142,0.0690607734807,-3.81291115555,-0.15
1325,162.2,144.3,124.919575439,4.21,-3.73887240356,-0.345303867403,-6.4153671714,-0.15
1326,161.6,144.4,138.648217105,4.39,-4.09495548961,-0.276243093923,3.86956923748,0.03
1327,199.9,144.7,125.070398149,4.36,18.6350148368,-0.0690607734807,-6.30237696994,0
1328,171.8,144.3,125.070398149,4.3,1.95845697329,-0.345303867403,-6.30237696994,-0.06
1329,158.9,147.1,125.070398149,4.32,-5.69732937685,1.58839779006,-6.30237696994,-0.04
1330,169.2,143.7,135.295494737,4.42,0.415430267062,-0.759668508287,1.35784686952,0.06
1331,167.8,144.5,125.070398149,4.35,-0.415430267062,-0.207182320442,-6.30237696994,-0.01
1332,167.5,146.9,128.393411802,4.45,-0.593471810089,1.45027624309,-3.81291115555,0.09
1333,156.1,145.2,122.121664327,4.44,-7.3590504451,0.276243093923,-8.51144765439,0.08
1334,164.5,143.9,124.919575439,4.44,-2.37388724036,-0.621546961326,-6.4153671714,0.08
1335,170.6,144.2,158.476199458,4.53,1.24629080119,-0.414364640884,18.7238820361,0.17
1336,162.9,144.1,128.393411802,4.29,-3.3234421365,-0.483425414365,-3.81291115555,-0.07
1337,171,143.5,144.551595951,4.44,1.48367952522,-0.897790055249,8.29213903749,0.08
1338,167.9,146.3,158.476199458,4.32,-0.356083086053,1.03591160221,18.7238820361,-0.04
1339,173.2,143.3,124.919575439,4.36,2.78931750742,-1.03591160221,-6.4153671714,0
1340,167.8,144.3,122.121664327,4.36,-0.415430267062,-0.345303867403,-8.51144765439,0
1341,167.4,141,138.648217105,4.35,-0.652818991098,-2.62430939227,3.86956923748,-0.01
1342,173.2,144.2,144.551595951,4.44,2.78931750742,-0.414364640884,8.29213903749,0.08
1343,171,144.5,125.070398149,4.34,1.48367952522,-0.207182320442,-6.30237696994,-0.02
1344,173,143.9,125.070398149,4.29,2.6706231454,-0.621546961326,-6.30237696994,-0.07
1345,169.2,146.3,138.648217105,4.36,0.415430267062,1.03591160221,3.86956923748,0
1346,169.2,143.8,137.824842105,4.6,0.415430267062,-0.690607734807,3.25273038909,0.24
1347,161.7,145.8,158.476199458,4.41,-4.03560830861,0.690607734807,18.7238820361,0.05
1348,177.5,146.3,158.476199458,4.38,5.3412462908,1.03591160221,18.7238820361,0.02
1349,170.1,144,128.393411802,4.44,0.949554896142,-0.552486187845,-3.81291115555,0.08
1350,170.2,143.6,144.551595951,4.31,1.00890207715,-0.828729281768,8.29213903749,-0.05
1351,169.4,142.6,136.684714833,4.45,0.53412462908,-1.51933701657,2.39859370297,0.09
1352,170.2,143.7,144.551595951,4.47,1.00890207715,-0.759668508287,8.29213903749,0.11
1353,163.3,144.2,122.121664327,4.47,-3.08605341246,-0.414364640884,-8.51144765439,0.11
1354,169.9,141.4,144.551595951,4.46,0.830860534125,-2.34806629834,8.29213903749,0.1
1355,170.6,148,136.684714833,4.3,1.24629080119,2.20994475138,2.39859370297,-0.06
1356,165,147.3,144.551595951,4.41,-2.07715133531,1.72651933702,8.29213903749,0.05
1357,159.8,144.8,135.295494737,4.53,-5.16320474777,0,1.35784686952,0.17
1358,164.5,143.7,144.551595951,4.34,-2.37388724036,-0.759668508287,8.29213903749,-0.02
1359,162.2,143.2,144.551595951,4.55,-3.73887240356,-1.10497237569,8.29213903749,0.19
1360,173.2,143.8,125.070398149,4.3,2.78931750742,-0.690607734807,-6.30237696994,-0.06
1361,163.3,147.1,158.476199458,4.46,-3.08605341246,1.58839779006,18.7238820361,0.1
1362,164.6,143.6,144.551595951,4.46,-2.31454005935,-0.828729281768,8.29213903749,0.1
1363,173.3,145.8,125.070398149,4.35,2.84866468843,0.690607734807,-6.30237696994,-0.01
1364,190.9,145.1,124.919575439,4.29,13.293768546,0.207182320442,-6.4153671714,-0.07
1365,177.5,141.4,122.121664327,4.27,5.3412462908,-2.34806629834,-8.51144765439,-0.09
1366,161.7,141.6,125.070398149,4.6,-4.03560830861,-2.20994475138,-6.30237696994,0.24
1367,170.1,143.7,158.476199458,4.41,0.949554896142,-0.759668508287,18.7238820361,0.05
1368,177.5,144,125.070398149,4.42,5.3412462908,-0.552486187845,-6.30237696994,0.06
1369,166.2,144,144.551595951,4.41,-1.3649851632,-0.552486187845,8.29213903749,0.05
1370,161.7,144.4,122.121664327,4.21,-4.03560830861,-0.276243093923,-8.51144765439,-0.15
1371,166.9,143.3,122.121664327,4.44,-0.949554896142,-1.03591160221,-8.51144765439,0.08
1372,166.9,141,124.919575439,4.55,-0.949554896142,-2.62430939227,-6.4153671714,0.19
1373,159.8,147.1,144.551595951,4.44,-5.16320474777,1.58839779006,8.29213903749,0.08
1374,170.3,144,122.121664327,4.34,1.06824925816,-0.552486187845,-8.51144765439,-0.02
1375,198.1,144.8,125.070398149,4.38,17.5667655786,0,-6.30237696994,0.02
1376,176.6,145.1,158.476199458,4.53,4.80712166172,0.207182320442,18.7238820361,0.17
1377,168.2,147.3,135.295494737,4.35,-0.178041543027,1.72651933702,1.35784686952,-0.01
1378,158.9,142.6,138.648217105,4.46,-5.69732937685,-1.51933701657,3.86956923748,0.1
1379,174.6,144.4,136.684714833,4.41,3.62017804154,-0.276243093923,2.39859370297,0.05
1380,167.4,144.8,122.121664327,4.44,-0.652818991098,0,-8.51144765439,0.08
1381,199.6,144,124.919575439,4.36,18.4569732938,-0.552486187845,-6.4153671714,0
1382,166.2,144.8,124.919575439,4.55,-1.3649851632,0,-6.4153671714,0.19
1383,174.6,144,122.121664327,4.29,3.62017804154,-0.552486187845,-8.51144765439,-0.07
1384,176,144.8,158.476199458,4.6,4.45103857567,0,18.7238820361,0.24
1385,176.2,144.3,158.476199458,4.46,4.56973293769,-0.345303867403,18.7238820361,0.1
1386,161.7,141,122.121664327,4.42,-4.03560830861,-2.62430939227,-8.51144765439,0.06
1387,173,145.1,124.919575439,4.29,2.6706231454,0.207182320442,-6.4153671714,-0.07
1388,185.7,145.7,138.648217105,4.41,10.2077151335,0.621546961326,3.86956923748,0.05
1389,174.3,144.4,125.070398149,4.23,3.44213649852,-0.276243093923,-6.30237696994,-0.13
1390,171.2,145.2,125.070398149,4.24,1.60237388724,0.276243093923,-6.30237696994,-0.12
1391,163.7,144.5,136.684714833,4.27,-2.84866468843,-0.207182320442,2.39859370297,-0.09
1392,166.4,147.9,136.684714833,4.32,-1.24629080119,2.1408839779,2.39859370297,-0.04
1393,167.5,145.2,128.393411802,4.32,-0.593471810089,0.276243093923,-3.81291115555,-0.04
1394,166.1,140.4,122.121664327,4.3,-1.42433234421,-3.03867403315,-8.51144765439,-0.06
1395,166.9,144.4,124.919575439,4.41,-0.949554896142,-0.276243093923,-6.4153671714,0.05
1396,146.7,143.4,136.684714833,4.3,-12.9376854599,-0.966850828729,2.39859370297,-0.06
1397,199.6,144.4,122.121664327,4.46,18.4569732938,-0.276243093923,-8.51144765439,0.1
1398,166.1,143.3,144.551595951,4.24,-1.42433234421,-1.03591160221,8.29213903749,-0.12
1399,146.7,144.2,137.824842105,4.32,-12.9376854599,-0.414364640884,3.25273038909,-0.04
1400,175.7,143.4,144.551595951,4.35,4.27299703264,-0.966850828729,8.29213903749,-0.01
1401,166.1,144.9,124.919575439,4.35,-1.42433234421,0.0690607734807,-6.4153671714,-0.01
1402,199.6,144.7,136.684714833,4.47,18.4569732938,-0.0690607734807,2.39859370297,0.11
1403,169.2,144,137.824842105,4.6,0.415430267062,-0.552486187845,3.25273038909,0.24
1404,169.8,144.8,128.393411802,4.31,0.771513353116,0,-3.81291115555,-0.05
1405,169.2,143.9,136.684714833,4.42,0.415430267062,-0.621546961326,2.39859370297,0.06
1406,164.8,140.4,138.648217105,4.55,-2.19584569733,-3.03867403315,3.86956923748,0.19
1407,173.3,144.8,138.648217105,4.3,2.84866468843,0,3.86956923748,-0.06
1408,166.2,145.1,137.824842105,4.35,-1.3649851632,0.207182320442,3.25273038909,-0.01
1409,158.9,141,135.295494737,4.53,-5.69732937685,-2.62430939227,1.35784686952,0.17
1410,169.9,144.8,136.684714833,4.41,0.830860534125,0,2.39859370297,0.05
1411,174.4,145.1,125.070398149,4.36,3.50148367953,0.207182320442,-6.30237696994,0
1412,166.4,144,138.648217105,4.34,-1.24629080119,-0.552486187845,3.86956923748,-0.02
1413,170.6,144.2,128.393411802,4.41,1.24629080119,-0.414364640884,-3.81291115555,0.05
1414,158.9,143.4,122.121664327,4.31,-5.69732937685,-0.966850828729,-8.51144765439,-0.05
1415,169.3,144.9,144.551595951,4.35,0.474777448071,0.0690607734807,8.29213903749,-0.01
1416,168.7,145.7,124.919575439,4.41,0.118694362018,0.621546961326,-6.4153671714,0.05
1417,171.8,143.2,125.070398149,4.45,1.95845697329,-1.10497237569,-6.30237696994,0.09
1418,170.6,146.1,135.295494737,4.38,1.24629080119,0.897790055249,1.35784686952,0.02
1419,169.9,148.6,158.476199458,4.21,0.830860534125,2.62430939227,18.7238820361,-0.15
1420,169.4,143.7,128.393411802,4.21,0.53412462908,-0.759668508287,-3.81291115555,-0.15
1421,169.8,143.4,158.476199458,4.27,0.771513353116,-0.966850828729,18.7238820361,-0.09
1422,153.9,144.2,144.551595951,4.35,-8.6646884273,-0.414364640884,8.29213903749,-0.01
1423,167.5,144.5,124.919575439,4.42,-0.593471810089,-0.207182320442,-6.4153671714,0.06
1424,153.9,141.4,135.295494737,4.29,-8.6646884273,-2.34806629834,1.35784686952,-0.07
1425,190.9,143.4,124.919575439,4.47,13.293768546,-0.966850828729,-6.4153671714,0.11
1426,170.1,144.2,136.684714833,4.27,0.949554896142,-0.414364640884,2.39859370297,-0.09
1427,169.9,143.2,136.684714833,4.41,0.830860534125,-1.10497237569,2.39859370297,0.05
1428,163.3,144.2,137.824842105,4.29,-3.08605341246,-0.414364640884,3.25273038909,-0.07
1429,199.9,145.1,158.476199458,4.46,18.6350148368,0.207182320442,18.7238820361,0.1
1430,168.3,144.2,125.070398149,4.21,-0.118694362018,-0.414364640884,-6.30237696994,-0.15
1431,165,145.2,125.070398149,4.3,-2.07715133531,0.276243093923,-6.30237696994,-0.06
1432,174.5,144.8,144.551595951,4.27,3.56083086053,0,8.29213903749,-0.09
1433,174.4,144.2,128.393411802,4.55,3.50148367953,-0.414364640884,-3.81291115555,0.19
1434,192.4,144.8,122.121664327,4.35,14.1839762611,0,-8.51144765439,-0.01
1435,171.8,143.9,144.551595951,4.44,1.95845697329,-0.621546961326,8.29213903749,0.08
1436,159.8,144.7,136.684714833,4.29,-5.16320474777,-0.0690607734807,2.39859370297,-0.07
1437,172.4,144.5,128.393411802,4.41,2.31454005935,-0.207182320442,-3.81291115555,0.05
1438,168.2,144,138.648217105,4.3,-0.178041543027,-0.552486187845,3.86956923748,-0.06
1439,164.8,143.7,128.393411802,4.53,-2.19584569733,-0.759668508287,-3.81291115555,0.17
1440,171.8,144.5,135.295494737,4.38,1.95845697329,-0.207182320442,1.35784686952,0.02
1441,166.9,144.2,128.393411802,4.53,-0.949554896142,-0.414364640884,-3.81291115555,0.17
1442,167.6,144.6,144.551595951,4.27,-0.53412462908,-0.138121546961,8.29213903749,-0.09
1443,167.5,144.2,137.824842105,4.38,-0.593471810089,-0.414364640884,3.25273038909,0.02
1444,166.2,145.2,144.551595951,4.36,-1.3649851632,0.276243093923,8.29213903749,0
1445,164.3,144.5,136.684714833,4.44,-2.49258160237,-0.207182320442,2.39859370297,0.08
1446,166.9,143.4,135.295494737,4.3,-0.949554896142,-0.966850828729,1.35784686952,-0.06
1447,170.6,144.2,144.551595951,4.42,1.24629080119,-0.414364640884,8.29213903749,0.06
1448,164.5,143.2,124.919575439,4.31,-2.37388724036,-1.10497237569,-6.4153671714,-0.05
1449,166.2,144.1,122.121664327,4.6,-1.3649851632,-0.483425414365,-8.51144765439,0.24
1450,169.4,143.5,144.551595951,4.3,0.53412462908,-0.897790055249,8.29213903749,-0.06
1451,156.1,144.6,135.295494737,4.39,-7.3590504451,-0.138121546961,1.35784686952,0.03
1452,161.6,146.9,136.684714833,4.27,-4.09495548961,1.45027624309,2.39859370297,-0.09
1453,160.6,143.2,135.295494737,4.34,-4.6884272997,-1.10497237569,1.35784686952,-0.02
1454,164.3,143.5,144.551595951,4.29,-2.49258160237,-0.897790055249,8.29213903749,-0.07
1455,167.8,143.7,158.476199458,4.46,-0.415430267062,-0.759668508287,18.7238820361,0.1
1456,166.9,144.6,144.551595951,4.39,-0.949554896142,-0.138121546961,8.29213903749,0.03
1457,165.4,144.5,137.824842105,4.41,-1.83976261128,-0.207182320442,3.25273038909,0.05
1458,171,145.5,125.070398149,4.38,1.48367952522,0.483425414365,-6.30237696994,0.02
1459,167.1,147.9,125.070398149,4.55,-0.830860534125,2.1408839779,-6.30237696994,0.19
1460,167.8,144.2,144.551595951,4.23,-0.415430267062,-0.414364640884,8.29213903749,-0.13
1461,163.7,144.5,128.393411802,4.27,-2.84866468843,-0.207182320442,-3.81291115555,-0.09
1462,171.2,144.5,125.070398149,4.38,1.60237388724,-0.207182320442,-6.30237696994,0.02
1463,169.8,142.8,158.476199458,4.32,0.771513353116,-1.38121546961,18.7238820361,-0.04
1464,167.6,144,125.070398149,4.46,-0.53412462908,-0.552486187845,-6.30237696994,0.1
1465,170.1,143.9,122.121664327,4.6,0.949554896142,-0.621546961326,-8.51144765439,0.24
1466,162.2,141.6,158.476199458,4.35,-3.73887240356,-2.20994475138,18.7238820361,-0.01
1467,172.4,144.7,124.919575439,4.27,2.31454005935,-0.0690607734807,-6.4153671714,-0.09
1468,167.5,143.5,136.684714833,4.3,-0.593471810089,-0.897790055249,2.39859370297,-0.06
1469,167.1,145.1,138.648217105,4.3,-0.830860534125,0.207182320442,3.86956923748,-0.06
1470,167.8,144.3,125.070398149,4.3,-0.415430267062,-0.345303867403,-6.30237696994,-0.06
1471,166.2,143.5,144.551595951,4.36,-1.3649851632,-0.897790055249,8.29213903749,0
1472,167.4,144.4,144.551595951,4.3,-0.652818991098,-0.276243093923,8.29213903749,-0.06
1473,174.6,144.6,136.684714833,4.47,3.62017804154,-0.138121546961,2.39859370297,0.11
1474,163.7,144,128.393411802,4.46,-2.84866468843,-0.552486187845,-3.81291115555,0.1
1475,164.6,144,138.648217105,4.53,-2.31454005935,-0.552486187845,3.86956923748,0.17
1476,176,144,136.684714833,4.41,4.45103857567,-0.552486187845,2.39859370297,0.05
1477,166.9,143.5,158.476199458,4.38,-0.949554896142,-0.897790055249,18.7238820361,0.02
1478,198.1,143.2,137.824842105,4.27,17.5667655786,-1.10497237569,3.25273038909,-0.09
1479,170.2,144.4,136.684714833,4.27,1.00890207715,-0.276243093923,2.39859370297,-0.09
1480,174.1,144.6,128.393411802,4.41,3.3234421365,-0.138121546961,-3.81291115555,0.05
1481,153.9,145.2,136.684714833,4.3,-8.6646884273,0.276243093923,2.39859370297,-0.06
1482,165.7,144.9,144.551595951,4.53,-1.66172106825,0.0690607734807,8.29213903749,0.17
1483,169.8,144.4,135.295494737,4.41,0.771513353116,-0.276243093923,1.35784686952,0.05
1484,167.5,144.3,124.919575439,4.29,-0.593471810089,-0.345303867403,-6.4153671714,-0.07
1485,174.4,144.6,135.295494737,4.32,3.50148367953,-0.138121546961,1.35784686952,-0.04
1486,173.3,145.8,135.295494737,4.47,2.84866468843,0.690607734807,1.35784686952,0.11
1487,190.9,142.6,125.070398149,4.42,13.293768546,-1.51933701657,-6.30237696994,0.06
1488,168.4,147.3,144.551595951,4.29,-0.0593471810089,1.72651933702,8.29213903749,-0.07
1489,167.4,143.6,128.393411802,4.32,-0.652818991098,-0.828729281768,-3.81291115555,-0.04
1490,199.6,143.2,144.551595951,4.35,18.4569732938,-1.10497237569,8.29213903749,-0.01
1491,199.9,141,158.476199458,4.32,18.6350148368,-2.62430939227,18.7238820361,-0.04
1492,171.8,143.8,158.476199458,4.55,1.95845697329,-0.690607734807,18.7238820361,0.19
1493,163.7,143.3,122.121664327,4.34,-2.84866468843,-1.03591160221,-8.51144765439,-0.02
1494,174.5,145.7,128.393411802,4.32,3.56083086053,0.621546961326,-3.81291115555,-0.04
1495,176,146.3,138.648217105,4.24,4.45103857567,1.03591160221,3.86956923748,-0.12
1496,173,143.5,136.684714833,4.29,2.6706231454,-0.897790055249,2.39859370297,-0.07
1497,163.3,145.7,138.648217105,4.44,-3.08605341246,0.621546961326,3.86956923748,0.08
1498,166.4,144.5,135.295494737,4.27,-1.24629080119,-0.207182320442,1.35784686952,-0.09
1499,173.3,144.5,158.476199458,4.55,2.84866468843,-0.207182320442,18.7238820361,0.19
1500,171,144.8,144.551595951,4.39,1.48367952522,0,8.29213903749,0.03
1501,170.2,145.8,144.551595951,4.21,1.00890207715,0.690607734807,8.29213903749,-0.15
1502,166.1,144.5,135.295494737,4.38,-1.42433234421,-0.207182320442,1.35784686952,0.02
1503,167.5,147.5,124.919575439,4.36,-0.593471810089,1.86464088398,-6.4153671714,0
1504,169.4,144.5,124.919575439,4.29,0.53412462908,-0.207182320442,-6.4153671714,-0.07
1505,168.2,143.7,144.551595951,4.42,-0.178041543027,-0.759668508287,8.29213903749,0.06
1506,163.7,143.9,122.121664327,4.29,-2.84866468843,-0.621546961326,-8.51144765439,-0.07
1507,167.6,145.8,136.684714833,4.29,-0.53412462908,0.690607734807,2.39859370297,-0.07
1508,171,144.8,138.648217105,4.3,1.48367952522,0,3.86956923748,-0.06
1509,160.6,144.2,125.070398149,4.38,-4.6884272997,-0.414364640884,-6.30237696994,0.02
1510,170.1,144,135.295494737,4.3,0.949554896142,-0.552486187845,1.35784686952,-0.06
1511,162.6,142.6,128.393411802,4.21,-3.50148367953,-1.51933701657,-3.81291115555,-0.15
1512,159.8,141.4,144.551595951,4.41,-5.16320474777,-2.34806629834,8.29213903749,0.05
1513,174.5,144.8,136.684714833,4.36,3.56083086053,0,2.39859370297,0
1514,171.2,143.3,136.684714833,4.6,1.60237388724,-1.03591160221,2.39859370297,0.24
1515,167.5,144.2,122.121664327,4.29,-0.593471810089,-0.414364640884,-8.51144765439,-0.07
1516,177.5,144.5,138.648217105,4.53,5.3412462908,-0.207182320442,3.86956923748,0.17
1517,174.4,144.6,158.476199458,4.23,3.50148367953,-0.138121546961,18.7238820361,-0.13
1518,163.7,143.5,125.070398149,4.44,-2.84866468843,-0.897790055249,-6.30237696994,0.08
1519,167.5,143.6,135.295494737,4.23,-0.593471810089,-0.828729281768,1.35784686952,-0.13
1520,162.6,144.8,138.648217105,4.23,-3.50148367953,0,3.86956923748,-0.13
1521,162.6,146.1,136.684714833,4.21,-3.50148367953,0.897790055249,2.39859370297,-0.15
1522,175.7,144.8,135.295494737,4.41,4.27299703264,0,1.35784686952,0.05
1523,168.2,144.8,124.919575439,4.38,-0.178041543027,0,-6.4153671714,0.02
1524,167.8,143.7,135.295494737,4.6,-0.415430267062,-0.759668508287,1.35784686952,0.24
1525,172.4,145.8,144.551595951,4.3,2.31454005935,0.690607734807,8.29213903749,-0.06
1526,168.2,147.9,158.476199458,4.41,-0.178041543027,2.1408839779,18.7238820361,0.05
1527,170.6,145.2,122.121664327,4.55,1.24629080119,0.276243093923,-8.51144765439,0.19
1528,161.3,144.5,137.824842105,4.53,-4.27299703264,-0.207182320442,3.25273038909,0.17
1529,164.5,144.6,128.393411802,4.53,-2.37388724036,-0.138121546961,-3.81291115555,0.17
1530,166.4,140.4,124.919575439,4.24,-1.24629080119,-3.03867403315,-6.4153671714,-0.12
1531,165.7,144.8,158.476199458,4.27,-1.66172106825,0,18.7238820361,-0.09
1532,177.5,143.9,124.919575439,4.46,5.3412462908,-0.621546961326,-6.4153671714,0.1
1533,174.5,145.2,137.824842105,4.27,3.56083086053,0.276243093923,3.25273038909,-0.09
1534,167.5,144.2,125.070398149,4.34,-0.593471810089,-0.414364640884,-6.30237696994,-0.02
1535,170,144.5,137.824842105,4.23,0.890207715134,-0.207182320442,3.25273038909,-0.13
1536,163.7,143.4,144.551595951,4.35,-2.84866468843,-0.966850828729,8.29213903749,-0.01
1537,170.6,143.6,136.684714833,4.35,1.24629080119,-0.828729281768,2.39859370297,-0.01
1538,161.3,144,125.070398149,4.23,-4.27299703264,-0.552486187845,-6.30237696994,-0.13
1539,161.3,144.2,135.295494737,4.42,-4.27299703264,-0.414364640884,1.35784686952,0.06
1540,173,144.8,125.070398149,4.42,2.6706231454,0,-6.30237696994,0.06
1541,170,143.3,122.121664327,4.6,0.890207715134,-1.03591160221,-8.51144765439,0.24
1542,170.1,147.5,128.393411802,4.47,0.949554896142,1.86464088398,-3.81291115555,0.11
1543,165.4,144.6,158.476199458,4.24,-1.83976261128,-0.138121546961,18.7238820361,-0.12
1544,162.2,146.1,158.476199458,4.32,-3.73887240356,0.897790055249,18.7238820361,-0.04
1545,166.9,147.1,135.295494737,4.47,-0.949554896142,1.58839779006,1.35784686952,0.11
1546,168.2,144.5,144.551595951,4.44,-0.178041543027,-0.207182320442,8.29213903749,0.08
1547,164.6,143.5,158.476199458,4.6,-2.31454005935,-0.897790055249,18.7238820361,0.24
1548,165.7,144.1,158.476199458,4.42,-1.66172106825,-0.483425414365,18.7238820361,0.06
1549,169.4,144.3,137.824842105,4.39,0.53412462908,-0.345303867403,3.25273038909,0.03
1550,199.9,144.3,124.919575439,4.36,18.6350148368,-0.345303867403,-6.4153671714,0
1551,168.4,144.6,158.476199458,4.27,-0.0593471810089,-0.138121546961,18.7238820361,-0.09
1552,160.6,148.6,136.684714833,4.42,-4.6884272997,2.62430939227,2.39859370297,0.06
1553,166.9,144.7,124.919575439,4.27,-0.949554896142,-0.0690607734807,-6.4153671714,-0.09
1554,169.2,146.1,128.393411802,4.24,0.415430267062,0.897790055249,-3.81291115555,-0.12
1555,167.5,144.9,158.476199458,4.44,-0.593471810089,0.0690607734807,18.7238820361,0.08
1556,170.2,144.6,144.551595951,4.46,1.00890207715,-0.138121546961,8.29213903749,0.1
1557,176.2,145.2,158.476199458,4.32,4.56973293769,0.276243093923,18.7238820361,-0.04
1558,167.8,141.6,125.070398149,4.3,-0.415430267062,-2.20994475138,-6.30237696994,-0.06
1559,170.6,144.9,135.295494737,4.29,1.24629080119,0.0690607734807,1.35784686952,-0.07
1560,160.6,144.5,125.070398149,4.35,-4.6884272997,-0.207182320442,-6.30237696994,-0.01
1561,164.5,144.8,138.648217105,4.41,-2.37388724036,0,3.86956923748,0.05
1562,167.5,145.2,135.295494737,4.6,-0.593471810089,0.276243093923,1.35784686952,0.24
1563,164.5,143.9,128.393411802,4.39,-2.37388724036,-0.621546961326,-3.81291115555,0.03
1564,167.8,143.9,125.070398149,4.47,-0.415430267062,-0.621546961326,-6.30237696994,0.11
1565,164.3,146.3,137.824842105,4.46,-2.49258160237,1.03591160221,3.25273038909,0.1
1566,170.3,144.8,144.551595951,4.55,1.06824925816,0,8.29213903749,0.19
1567,167.6,143.5,135.295494737,4.41,-0.53412462908,-0.897790055249,1.35784686952,0.05
1568,161.6,142.8,138.648217105,4.42,-4.09495548961,-1.38121546961,3.86956923748,0.06
1569,169.2,144.8,144.551595951,4.34,0.415430267062,0,8.29213903749,-0.02
1570,168.2,147.3,122.121664327,4.41,-0.178041543027,1.72651933702,-8.51144765439,0.05
1571,163.7,141,144.551595951,4.39,-2.84866468843,-2.62430939227,8.29213903749,0.03
1572,146.7,144.9,158.476199458,4.6,-12.9376854599,0.0690607734807,18.7238820361,0.24
1573,165.4,143.6,128.393411802,4.35,-1.83976261128,-0.828729281768,-3.81291115555,-0.01
1574,159.8,147.9,128.393411802,4.27,-5.16320474777,2.1408839779,-3.81291115555,-0.09
1575,167.6,143.8,135.295494737,4.35,-0.53412462908,-0.690607734807,1.35784686952,-0.01
1576,176,141.4,158.476199458,4.35,4.45103857567,-2.34806629834,18.7238820361,-0.01
1577,167.8,143.8,125.070398149,4.3,-0.415430267062,-0.690607734807,-6.30237696994,-0.06
1578,173,144,135.295494737,4.35,2.6706231454,-0.552486187845,1.35784686952,-0.01
1579,172.4,144.6,122.121664327,4.32,2.31454005935,-0.138121546961,-8.51144765439,-0.04
1580,185.7,140.4,158.476199458,4.24,10.2077151335,-3.03867403315,18.7238820361,-0.12
1581,174.4,144.6,137.824842105,4.42,3.50148367953,-0.138121546961,3.25273038909,0.06
1582,174.5,144.5,124.919575439,4.32,3.56083086053,-0.207182320442,-6.4153671714,-0.04
1583,171,144,128.393411802,4.27,1.48367952522,-0.552486187845,-3.81291115555,-0.09
1584,169.2,146.9,137.824842105,4.35,0.415430267062,1.45027624309,3.25273038909,-0.01
1585,160.6,143.9,137.824842105,4.39,-4.6884272997,-0.621546961326,3.25273038909,0.03
1586,166.4,144.5,124.919575439,4.44,-1.24629080119,-0.207182320442,-6.4153671714,0.08
1587,164.3,144.5,138.648217105,4.46,-2.49258160237,-0.207182320442,3.86956923748,0.1
1588,166.9,145.5,158.476199458,4.41,-0.949554896142,0.483425414365,18.7238820361,0.05
1589,165.7,145.8,144.551595951,4.44,-1.66172106825,0.690607734807,8.29213903749,0.08
1590,167.4,143.4,122.121664327,4.47,-0.652818991098,-0.966850828729,-8.51144765439,0.11
1591,167.3,144,144.551595951,4.3,-0.712166172107,-0.552486187845,8.29213903749,-0.06
1592,165.4,141.6,124.919575439,4.38,-1.83976261128,-2.20994475138,-6.4153671714,0.02
1593,177.5,144.4,125.070398149,4.55,5.3412462908,-0.276243093923,-6.30237696994,0.19
1594,174.1,143.5,128.393411802,4.47,3.3234421365,-0.897790055249,-3.81291115555,0.11
1595,198.1,144.2,158.476199458,4.39,17.5667655786,-0.414364640884,18.7238820361,0.03
1596,164.5,144.8,128.393411802,4.45,-2.37388724036,0,-3.81291115555,0.09
1597,168.2,143.7,128.393411802,4.31,-0.178041543027,-0.759668508287,-3.81291115555,-0.05
1598,172.4,140.4,158.476199458,4.3,2.31454005935,-3.03867403315,18.7238820361,-0.06
1599,167.3,143.4,128.393411802,4.27,-0.712166172107,-0.966850828729,-3.81291115555,-0.09
1600,164.8,143.7,122.121664327,4.38,-2.19584569733,-0.759668508287,-8.51144765439,0.02
1601,153.9,144.2,125.070398149,4.3,-8.6646884273,-0.414364640884,-6.30237696994,-0.06
1602,163.3,144.8,136.684714833,4.34,-3.08605341246,0,2.39859370297,-0.02
1603,167.3,144.2,128.393411802,4.47,-0.712166172107,-0.414364640884,-3.81291115555,0.11
1604,199.9,144.5,137.824842105,4.35,18.6350148368,-0.207182320442,3.25273038909,-0.01
1605,177.5,144.2,128.393411802,4.41,5.3412462908,-0.414364640884,-3.81291115555,0.05
1606,161.3,144.6,128.393411802,4.29,-4.27299703264,-0.138121546961,-3.81291115555,-0.07
1607,168.4,144.2,144.551595951,4.6,-0.0593471810089,-0.414364640884,8.29213903749,0.24
1608,164.5,141,124.919575439,4.41,-2.37388724036,-2.62430939227,-6.4153671714,0.05
1609,174.6,144.8,125.070398149,4.47,3.62017804154,0,-6.30237696994,0.11
1610,167.5,144.2,144.551595951,4.41,-0.593471810089,-0.414364640884,8.29213903749,0.05
1611,169.8,146.3,135.295494737,4.53,0.771513353116,1.03591160221,1.35784686952,0.17
1612,170.8,144.2,125.070398149,4.45,1.3649851632,-0.414364640884,-6.30237696994,0.09
1613,168.6,144.2,158.476199458,4.21,0.0593471810089,-0.414364640884,18.7238820361,-0.15
1614,166.4,143.9,124.919575439,4.29,-1.24629080119,-0.621546961326,-6.4153671714,-0.07
1615,161.6,144.8,122.121664327,4.46,-4.09495548961,0,-8.51144765439,0.1
1616,168.6,143.9,124.919575439,4.36,0.0593471810089,-0.621546961326,-6.4153671714,0
1617,174.6,144.5,138.648217105,4.23,3.62017804154,-0.207182320442,3.86956923748,-0.13
1618,170.2,144.5,136.684714833,4.24,1.00890207715,-0.207182320442,2.39859370297,-0.12
1619,165.7,143.2,124.919575439,4.35,-1.66172106825,-1.10497237569,-6.4153671714,-0.01
1620,174.6,146.3,158.476199458,4.35,3.62017804154,1.03591160221,18.7238820361,-0.01
1621,156.1,147.3,124.919575439,4.6,-7.3590504451,1.72651933702,-6.4153671714,0.24
1622,198.1,145.2,124.919575439,4.6,17.5667655786,0.276243093923,-6.4153671714,0.24
1623,164.3,144.8,135.295494737,4.44,-2.49258160237,0,1.35784686952,0.08
1624,167.1,146.3,136.684714833,4.3,-0.830860534125,1.03591160221,2.39859370297,-0.06
1625,169.8,144.8,144.551595951,4.46,0.771513353116,0,8.29213903749,0.1
1626,170.2,147.5,144.551595951,4.6,1.00890207715,1.86464088398,8.29213903749,0.24
1627,168.4,144.4,144.551595951,4.36,-0.0593471810089,-0.276243093923,8.29213903749,0
1628,171.8,142.6,122.121664327,4.36,1.95845697329,-1.51933701657,-8.51144765439,0
1629,170.6,144.9,144.551595951,4.32,1.24629080119,0.0690607734807,8.29213903749,-0.04
1630,158.9,145.2,124.919575439,4.3,-5.69732937685,0.276243093923,-6.4153671714,-0.06
1631,167.1,145.2,124.919575439,4.44,-0.830860534125,0.276243093923,-6.4153671714,0.08
1632,171.2,144.4,144.551595951,4.41,1.60237388724,-0.276243093923,8.29213903749,0.05
1633,163.7,143.5,137.824842105,4.42,-2.84866468843,-0.897790055249,3.25273038909,0.06
1634,170.6,147.1,122.121664327,4.46,1.24629080119,1.58839779006,-8.51144765439,0.1
1635,169.3,143.3,144.551595951,4.27,0.474777448071,-1.03591160221,8.29213903749,-0.09
1636,173.2,144.3,122.121664327,4.47,2.78931750742,-0.345303867403,-8.51144765439,0.11
1637,192.4,143.9,135.295494737,4.3,14.1839762611,-0.621546961326,1.35784686952,-0.06
1638,165.4,144,144.551595951,4.32,-1.83976261128,-0.552486187845,8.29213903749,-0.04
1639,169.2,145.8,136.684714833,4.3,0.415430267062,0.690607734807,2.39859370297,-0.06
1640,153.9,146.1,122.121664327,4.41,-8.6646884273,0.897790055249,-8.51144765439,0.05
1641,170.2,146.1,135.295494737,4.3,1.00890207715,0.897790055249,1.35784686952,-0.06
1642,174.5,147.1,138.648217105,4.42,3.56083086053,1.58839779006,3.86956923748,0.06
1643,163.7,144.2,122.121664327,4.39,-2.84866468843,-0.414364640884,-8.51144765439,0.03
1644,166.1,144,144.551595951,4.6,-1.42433234421,-0.552486187845,8.29213903749,0.24
1645,162.6,143.6,125.070398149,4.36,-3.50148367953,-0.828729281768,-6.30237696994,0
1646,169.4,141.6,135.295494737,4.44,0.53412462908,-2.20994475138,1.35784686952,0.08
1647,169.2,143.7,124.919575439,4.29,0.415430267062,-0.759668508287,-6.4153671714,-0.07
1648,168.4,141,158.476199458,4.42,-0.0593471810089,-2.62430939227,18.7238820361,0.06
1649,163.7,141,124.919575439,4.34,-2.84866468843,-2.62430939227,-6.4153671714,-0.02
1650,163.3,145.8,144.551595951,4.47,-3.08605341246,0.690607734807,8.29213903749,0.11
1651,173.3,143.3,122.121664327,4.29,2.84866468843,-1.03591160221,-8.51144765439,-0.07
1652,153.9,143.4,124.919575439,4.6,-8.6646884273,-0.966850828729,-6.4153671714,0.24
1653,153.9,144,125.070398149,4.36,-8.6646884273,-0.552486187845,-6.30237696994,0
1654,166.1,145.1,136.684714833,4.32,-1.42433234421,0.207182320442,2.39859370297,-0.04
1655,170.6,144.5,144.551595951,4.36,1.24629080119,-0.207182320442,8.29213903749,0
1656,177.5,144.4,135.295494737,4.6,5.3412462908,-0.276243093923,1.35784686952,0.24
1657,170.2,144.5,136.684714833,4.41,1.00890207715,-0.207182320442,2.39859370297,0.05
1658,171,144.5,138.648217105,4.41,1.48367952522,-0.207182320442,3.86956923748,0.05
1659,163.7,144,135.295494737,4.47,-2.84866468843,-0.552486187845,1.35784686952,0.11
1660,185.7,143.6,136.684714833,4.6,10.2077151335,-0.828729281768,2.39859370297,0.24
1661,169.2,144.5,122.121664327,4.27,0.415430267062,-0.207182320442,-8.51144765439,-0.09
1662,164.5,144.6,128.393411802,4.21,-2.37388724036,-0.138121546961,-3.81291115555,-0.15
1663,164.5,143.5,144.551595951,4.44,-2.37388724036,-0.897790055249,8.29213903749,0.08
1664,170.1,143.8,136.684714833,4.21,0.949554896142,-0.690607734807,2.39859370297,-0.15
1665,176,144.8,144.551595951,4.6,4.45103857567,0,8.29213903749,0.24
1666,173.3,144.6,125.070398149,4.3,2.84866468843,-0.138121546961,-6.30237696994,-0.06
1667,176,144.6,122.121664327,4.29,4.45103857567,-0.138121546961,-8.51144765439,-0.07
1668,176,145.1,137.824842105,4.27,4.45103857567,0.207182320442,3.25273038909,-0.09
1669,161.3,144,128.393411802,4.46,-4.27299703264,-0.552486187845,-3.81291115555,0.1
1670,169.3,144.9,158.476199458,4.27,0.474777448071,0.0690607734807,18.7238820361,-0.09
1671,169.3,144.5,124.919575439,4.3,0.474777448071,-0.207182320442,-6.4153671714,-0.06
1672,190.9,144.8,124.919575439,4.41,13.293768546,0,-6.4153671714,0.05
1673,159.8,147.1,122.121664327,4.27,-5.16320474777,1.58839779006,-8.51144765439,-0.09
1674,168.4,143.3,135.295494737,4.29,-0.0593471810089,-1.03591160221,1.35784686952,-0.07
1675,165.7,147.1,158.476199458,4.46,-1.66172106825,1.58839779006,18.7238820361,0.1
1676,167.8,144.2,128.393411802,4.35,-0.415430267062,-0.414364640884,-3.81291115555,-0.01
1677,165.7,144.3,136.684714833,4.27,-1.66172106825,-0.345303867403,2.39859370297,-0.09
1678,167.4,147.5,136.684714833,4.27,-0.652818991098,1.86464088398,2.39859370297,-0.09
1679,170.2,145.1,125.070398149,4.35,1.00890207715,0.207182320442,-6.30237696994,-0.01
1680,161.7,143.7,144.551595951,4.34,-4.03560830861,-0.759668508287,8.29213903749,-0.02
1681,169.4,144,124.919575439,4.21,0.53412462908,-0.552486187845,-6.4153671714,-0.15
1682,176.6,147.5,135.295494737,4.36,4.80712166172,1.86464088398,1.35784686952,0
1683,174.5,144.5,137.824842105,4.41,3.56083086053,-0.207182320442,3.25273038909,0.05
1684,161.3,142.6,136.684714833,4.32,-4.27299703264,-1.51933701657,2.39859370297,-0.04
1685,165,141.4,122.121664327,4.21,-2.07715133531,-2.34806629834,-8.51144765439,-0.15
1686,163.7,144.8,158.476199458,4.44,-2.84866468843,0,18.7238820361,0.08
1687,169.9,141.6,136.684714833,4.41,0.830860534125,-2.20994475138,2.39859370297,0.05
1688,146.7,144.9,138.648217105,4.35,-12.9376854599,0.0690607734807,3.86956923748,-0.01
1689,164.8,143.2,158.476199458,4.35,-2.19584569733,-1.10497237569,18.7238820361,-0.01
1690,168.3,145.5,138.648217105,4.6,-0.118694362018,0.483425414365,3.86956923748,0.24
1691,164.6,143.5,135.295494737,4.21,-2.31454005935,-0.897790055249,1.35784686952,-0.15
1692,199.9,144.2,136.684714833,4.42,18.6350148368,-0.414364640884,2.39859370297,0.06
1693,171,147.3,138.648217105,4.31,1.48367952522,1.72651933702,3.86956923748,-0.05
1694,168.4,147.5,158.476199458,4.47,-0.0593471810089,1.86464088398,18.7238820361,0.11
1695,146.7,144.9,158.476199458,4.47,-12.9376854599,0.0690607734807,18.7238820361,0.11
1696,172.4,144.5,122.121664327,4.46,2.31454005935,-0.207182320442,-8.51144765439,0.1
1697,156.1,143.7,124.919575439,4.31,-7.3590504451,-0.759668508287,-6.4153671714,-0.05
1698,170.8,144.5,124.919575439,4.45,1.3649851632,-0.207182320442,-6.4153671714,0.09
1699,168.2,142.8,122.121664327,4.23,-0.178041543027,-1.38121546961,-8.51144765439,-0.13
1700,167.6,141.6,128.393411802,4.35,-0.53412462908,-2.20994475138,-3.81291115555,-0.01
1701,171.8,143.4,136.684714833,4.31,1.95845697329,-0.966850828729,2.39859370297,-0.05
1702,161.3,144.4,128.393411802,4.46,-4.27299703264,-0.276243093923,-3.81291115555,0.1
1703,166.2,143.4,125.070398149,4.55,-1.3649851632,-0.966850828729,-6.30237696994,0.19
1704,146.7,144.2,135.295494737,4.24,-12.9376854599,-0.414364640884,1.35784686952,-0.12
1705,170.2,145.2,137.824842105,4.36,1.00890207715,0.276243093923,3.25273038909,0
1706,168.2,144,125.070398149,4.6,-0.178041543027,-0.552486187845,-6.30237696994,0.24
1707,162.9,141.4,128.393411802,4.3,-3.3234421365,-2.34806629834,-3.81291115555,-0.06
1708,167.6,148.6,135.295494737,4.35,-0.53412462908,2.62430939227,1.35784686952,-0.01
1709,170.8,143.2,128.393411802,4.55,1.3649851632,-1.10497237569,-3.81291115555,0.19
1710,171.8,144.8,136.684714833,4.53,1.95845697329,0,2.39859370297,0.17
1711,163.3,144.9,128.393411802,4.46,-3.08605341246,0.0690607734807,-3.81291115555,0.1
1712,164.6,143.7,124.919575439,4.44,-2.31454005935,-0.759668508287,-6.4153671714,0.08
1713,160.6,144.6,125.070398149,4.55,-4.6884272997,-0.138121546961,-6.30237696994,0.19
1714,167.1,147.9,136.684714833,4.47,-0.830860534125,2.1408839779,2.39859370297,0.11
1715,169.2,144.6,158.476199458,4.32,0.415430267062,-0.138121546961,18.7238820361,-0.04
1716,166.1,143.9,124.919575439,4.6,-1.42433234421,-0.621546961326,-6.4153671714,0.24
1717,158.9,141.6,138.648217105,4.47,-5.69732937685,-2.20994475138,3.86956923748,0.11
1718,174.3,143.2,144.551595951,4.29,3.44213649852,-1.10497237569,8.29213903749,-0.07
1719,167.8,144.5,144.551595951,4.27,-0.415430267062,-0.207182320442,8.29213903749,-0.09
1720,165.4,144.5,125.070398149,4.31,-1.83976261128,-0.207182320442,-6.30237696994,-0.05
1721,167.5,144.2,125.070398149,4.27,-0.593471810089,-0.414364640884,-6.30237696994,-0.09
1722,174.1,140.4,136.684714833,4.44,3.3234421365,-3.03867403315,2.39859370297,0.08
1723,171,144.8,136.684714833,4.32,1.48367952522,0,2.39859370297,-0.04
1724,164.5,143.7,138.648217105,4.32,-2.37388724036,-0.759668508287,3.86956923748,-0.04
1725,146.7,144.8,122.121664327,4.32,-12.9376854599,0,-8.51144765439,-0.04
1726,166.9,144.5,128.393411802,4.21,-0.949554896142,-0.207182320442,-3.81291115555,-0.15
1727,176.2,147.1,135.295494737,4.31,4.56973293769,1.58839779006,1.35784686952,-0.05
1728,176,144.2,137.824842105,4.27,4.45103857567,-0.414364640884,3.25273038909,-0.09
1729,177.5,143.3,158.476199458,4.3,5.3412462908,-1.03591160221,18.7238820361,-0.06
1730,165.4,144.2,128.393411802,4.47,-1.83976261128,-0.414364640884,-3.81291115555,0.11
1731,153.9,144.7,125.070398149,4.55,-8.6646884273,-0.0690607734807,-6.30237696994,0.19
1732,168.6,144.8,138.648217105,4.32,0.0593471810089,0,3.86956923748,-0.04
1733,159.8,144.6,125.070398149,4.6,-5.16320474777,-0.138121546961,-6.30237696994,0.24
1734,165.7,145.2,125.070398149,4.41,-1.66172106825,0.276243093923,-6.30237696994,0.05
1735,166.2,143.9,137.824842105,4.45,-1.3649851632,-0.621546961326,3.25273038909,0.09
1736,169.2,146.3,144.551595951,4.35,0.415430267062,1.03591160221,8.29213903749,-0.01
1737,168.2,144.6,144.551595951,4.3,-0.178041543027,-0.138121546961,8.29213903749,-0.06
1738,162.9,145.2,137.824842105,4.41,-3.3234421365,0.276243093923,3.25273038909,0.05
1739,171.2,144.2,135.295494737,4.21,1.60237388724,-0.414364640884,1.35784686952,-0.15
1740,167.8,144.8,158.476199458,4.29,-0.415430267062,0,18.7238820361,-0.07
1741,167.6,144.2,135.295494737,4.41,-0.53412462908,-0.414364640884,1.35784686952,0.05
1742,174.4,144.5,135.295494737,4.44,3.50148367953,-0.207182320442,1.35784686952,0.08
1743,170.8,144.5,136.684714833,4.35,1.3649851632,-0.207182320442,2.39859370297,-0.01
1744,174.1,143.6,144.551595951,4.34,3.3234421365,-0.828729281768,8.29213903749,-0.02
1745,169.2,143.5,158.476199458,4.47,0.415430267062,-0.897790055249,18.7238820361,0.11
1746,167.8,143.4,144.551595951,4.41,-0.415430267062,-0.966850828729,8.29213903749,0.05
1747,168.6,144.8,124.919575439,4.53,0.0593471810089,0,-6.4153671714,0.17
1748,153.9,144.8,135.295494737,4.3,-8.6646884273,0,1.35784686952,-0.06
1749,199.6,144.5,128.393411802,4.3,18.4569732938,-0.207182320442,-3.81291115555,-0.06
1750,156.1,144.9,136.684714833,4.35,-7.3590504451,0.0690607734807,2.39859370297,-0.01
1751,166.9,143.7,128.393411802,4.44,-0.949554896142,-0.759668508287,-3.81291115555,0.08
1752,167.5,145.5,135.295494737,4.34,-0.593471810089,0.483425414365,1.35784686952,-0.02
1753,164.8,143.5,158.476199458,4.44,-2.19584569733,-0.897790055249,18.7238820361,0.08
1754,164.5,144.8,136.684714833,4.27,-2.37388724036,0,2.39859370297,-0.09
1755,164.5,145.8,135.295494737,4.35,-2.37388724036,0.690607734807,1.35784686952,-0.01
1756,170.2,144.5,137.824842105,4.24,1.00890207715,-0.207182320442,3.25273038909,-0.12
1757,167.8,144.5,136.684714833,4.6,-0.415430267062,-0.207182320442,2.39859370297,0.24
1758,165.4,144.8,158.476199458,4.3,-1.83976261128,0,18.7238820361,-0.06
1759,167.4,146.9,135.295494737,4.27,-0.652818991098,1.45027624309,1.35784686952,-0.09
1760,192.4,143.2,158.476199458,4.6,14.1839762611,-1.10497237569,18.7238820361,0.24
1761,170,148,124.919575439,4.39,0.890207715134,2.20994475138,-6.4153671714,0.03
1762,168.6,144.4,128.393411802,4.47,0.0593471810089,-0.276243093923,-3.81291115555,0.11
1763,168.4,144.2,128.393411802,4.39,-0.0593471810089,-0.414364640884,-3.81291115555,0.03
1764,168.3,144.9,135.295494737,4.29,-0.118694362018,0.0690607734807,1.35784686952,-0.07
1765,166.4,144.5,125.070398149,4.27,-1.24629080119,-0.207182320442,-6.30237696994,-0.09
1766,174.6,144.2,135.295494737,4.55,3.62017804154,-0.414364640884,1.35784686952,0.19
1767,165.5,143.8,144.551595951,4.27,-1.78041543027,-0.690607734807,8.29213903749,-0.09
1768,192.4,144.5,144.551595951,4.6,14.1839762611,-0.207182320442,8.29213903749,0.24
1769,171.8,144.2,144.551595951,4.6,1.95845697329,-0.414364640884,8.29213903749,0.24
1770,199.9,144.8,144.551595951,4.31,18.6350148368,0,8.29213903749,-0.05
1771,168.3,144.1,135.295494737,4.47,-0.118694362018,-0.483425414365,1.35784686952,0.11
1772,169.2,145.7,138.648217105,4.27,0.415430267062,0.621546961326,3.86956923748,-0.09
1773,177.5,144,125.070398149,4.3,5.3412462908,-0.552486187845,-6.30237696994,-0.06
1774,156.1,144.8,158.476199458,4.38,-7.3590504451,0,18.7238820361,0.02
1775,168.3,144.1,158.476199458,4.39,-0.118694362018,-0.483425414365,18.7238820361,0.03
1776,162.6,144.2,128.393411802,4.44,-3.50148367953,-0.414364640884,-3.81291115555,0.08
1777,198.1,144.4,138.648217105,4.41,17.5667655786,-0.276243093923,3.86956923748,0.05
1778,171,144.8,136.684714833,4.39,1.48367952522,0,2.39859370297,0.03
1779,167.6,143.9,125.070398149,4.32,-0.53412462908,-0.621546961326,-6.30237696994,-0.04
1780,161.3,143.7,136.684714833,4.44,-4.27299703264,-0.759668508287,2.39859370297,0.08
1781,185.7,143.8,125.070398149,4.38,10.2077151335,-0.690607734807,-6.30237696994,0.02
1782,161.3,144.9,124.919575439,4.44,-4.27299703264,0.0690607734807,-6.4153671714,0.08
1783,174.3,144,128.393411802,4.3,3.44213649852,-0.552486187845,-3.81291115555,-0.06
1784,164.5,144.2,135.295494737,4.44,-2.37388724036,-0.414364640884,1.35784686952,0.08
1785,164.5,144.2,124.919575439,4.46,-2.37388724036,-0.414364640884,-6.4153671714,0.1
1786,166.1,144.4,137.824842105,4.41,-1.42433234421,-0.276243093923,3.25273038909,0.05
1787,165,145.1,138.648217105,4.24,-2.07715133531,0.207182320442,3.86956923748,-0.12
1788,185.7,144.5,124.919575439,4.47,10.2077151335,-0.207182320442,-6.4153671714,0.11
1789,168.6,144.8,128.393411802,4.44,0.0593471810089,0,-3.81291115555,0.08
1790,169.4,143.2,138.648217105,4.55,0.53412462908,-1.10497237569,3.86956923748,0.19
1791,174.3,144.5,137.824842105,4.32,3.44213649852,-0.207182320442,3.25273038909,-0.04
1792,170.1,147.9,135.295494737,4.47,0.949554896142,2.1408839779,1.35784686952,0.11
1793,162.2,145.8,135.295494737,4.47,-3.73887240356,0.690607734807,1.35784686952,0.11
1794,168.4,143.5,124.919575439,4.47,-0.0593471810089,-0.897790055249,-6.4153671714,0.11
1795,170.1,144.2,128.393411802,4.3,0.949554896142,-0.414364640884,-3.81291115555,-0.06
1796,177.5,144,122.121664327,4.32,5.3412462908,-0.552486187845,-8.51144765439,-0.04
1797,170,143.9,135.295494737,4.31,0.890207715134,-0.621546961326,1.35784686952,-0.05
1798,165.4,148,158.476199458,4.27,-1.83976261128,2.20994475138,18.7238820361,-0.09
1799,167.6,144.6,135.295494737,4.27,-0.53412462908,-0.138121546961,1.35784686952,-0.09
1800,192.4,146.1,122.121664327,4.44,14.1839762611,0.897790055249,-8.51144765439,0.08
1801,168.2,145.5,138.648217105,4.32,-0.178041543027,0.483425414365,3.86956923748,-0.04
1802,199.6,143.5,158.476199458,4.35,18.4569732938,-0.897790055249,18.7238820361,-0.01
1803,170.6,144.5,158.476199458,4.47,1.24629080119,-0.207182320442,18.7238820361,0.11
1804,153.9,143.5,144.551595951,4.39,-8.6646884273,-0.897790055249,8.29213903749,0.03
1805,169.2,143.3,137.824842105,4.27,0.415430267062,-1.03591160221,3.25273038909,-0.09
1806,185.7,145.2,137.824842105,4.47,10.2077151335,0.276243093923,3.25273038909,0.11
1807,158.9,144.5,135.295494737,4.29,-5.69732937685,-0.207182320442,1.35784686952,-0.07
1808,199.6,144.6,122.121664327,4.44,18.4569732938,-0.138121546961,-8.51144765439,0.08
1809,146.7,144.2,138.648217105,4.46,-12.9376854599,-0.414364640884,3.86956923748,0.1
1810,173.3,146.3,135.295494737,4.32,2.84866468843,1.03591160221,1.35784686952,-0.04
1811,160.6,144.8,137.824842105,4.27,-4.6884272997,0,3.25273038909,-0.09
1812,171.8,144.8,158.476199458,4.36,1.95845697329,0,18.7238820361,0
1813,199.9,144,158.476199458,4.6,18.6350148368,-0.552486187845,18.7238820361,0.24
1814,168.2,141,135.295494737,4.21,-0.178041543027,-2.62430939227,1.35784686952,-0.15
1815,167.9,144.4,124.919575439,4.35,-0.356083086053,-0.276243093923,-6.4153671714,-0.01
1816,169.4,146.9,128.393411802,4.6,0.53412462908,1.45027624309,-3.81291115555,0.24
1817,175.7,144.2,128.393411802,4.39,4.27299703264,-0.414364640884,-3.81291115555,0.03
1818,176,144,122.121664327,4.32,4.45103857567,-0.552486187845,-8.51144765439,-0.04
1819,176,144.5,138.648217105,4.6,4.45103857567,-0.207182320442,3.86956923748,0.24
1820,171,143.2,128.393411802,4.35,1.48367952522,-1.10497237569,-3.81291115555,-0.01
1821,174.5,144.8,122.121664327,4.3,3.56083086053,0,-8.51144765439,-0.06
1822,165.5,143.2,125.070398149,4.29,-1.78041543027,-1.10497237569,-6.30237696994,-0.07
1823,166.9,144.4,135.295494737,4.46,-0.949554896142,-0.276243093923,1.35784686952,0.1
1824,199.9,144.1,122.121664327,4.6,18.6350148368,-0.483425414365,-8.51144765439,0.24
1825,175.7,144.6,144.551595951,4.36,4.27299703264,-0.138121546961,8.29213903749,0
1826,169.2,143.4,137.824842105,4.45,0.415430267062,-0.966850828729,3.25273038909,0.09
1827,146.7,141,137.824842105,4.32,-12.9376854599,-2.62430939227,3.25273038909,-0.04
1828,171.8,144,158.476199458,4.53,1.95845697329,-0.552486187845,18.7238820361,0.17
1829,170.6,142.6,128.393411802,4.3,1.24629080119,-1.51933701657,-3.81291115555,-0.06
1830,167.1,143.2,135.295494737,4.45,-0.830860534125,-1.10497237569,1.35784686952,0.09
1831,165.7,144.7,135.295494737,4.3,-1.66172106825,-0.0690607734807,1.35784686952,-0.06
1832,169.2,145.2,158.476199458,4.53,0.415430267062,0.276243093923,18.7238820361,0.17
1833,168.2,144,128.393411802,4.35,-0.178041543027,-0.552486187845,-3.81291115555,-0.01
1834,170.2,143.7,125.070398149,4.45,1.00890207715,-0.759668508287,-6.30237696994,0.09
1835,168.7,147.9,122.121664327,4.45,0.118694362018,2.1408839779,-8.51144765439,0.09
1836,156.1,144.2,158.476199458,4.31,-7.3590504451,-0.414364640884,18.7238820361,-0.05
1837,161.6,144.2,137.824842105,4.32,-4.09495548961,-0.414364640884,3.25273038909,-0.04
1838,156.1,145.8,136.684714833,4.23,-7.3590504451,0.690607734807,2.39859370297,-0.13
1839,167.1,144,122.121664327,4.41,-0.830860534125,-0.552486187845,-8.51144765439,0.05
1840,173,143.9,137.824842105,4.44,2.6706231454,-0.621546961326,3.25273038909,0.08
1841,170.8,143.5,128.393411802,4.44,1.3649851632,-0.897790055249,-3.81291115555,0.08
1842,165.4,144.4,128.393411802,4.32,-1.83976261128,-0.276243093923,-3.81291115555,-0.04
1843,175.7,144.8,135.295494737,4.38,4.27299703264,0,1.35784686952,0.02
1844,190.9,145.5,124.919575439,4.47,13.293768546,0.483425414365,-6.4153671714,0.11
1845,169.4,147.1,136.684714833,4.34,0.53412462908,1.58839779006,2.39859370297,-0.02
1846,168.7,144.4,158.476199458,4.6,0.118694362018,-0.276243093923,18.7238820361,0.24
1847,170.8,144.6,122.121664327,4.3,1.3649851632,-0.138121546961,-8.51144765439,-0.06
1848,166.9,144.4,136.684714833,4.46,-0.949554896142,-0.276243093923,2.39859370297,0.1
1849,163.7,144.9,124.919575439,4.21,-2.84866468843,0.0690607734807,-6.4153671714,-0.15
1850,161.7,143.3,136.684714833,4.47,-4.03560830861,-1.03591160221,2.39859370297,0.11
1851,167.3,144.2,144.551595951,4.23,-0.712166172107,-0.414364640884,8.29213903749,-0.13
1852,170.2,144.2,138.648217105,4.6,1.00890207715,-0.414364640884,3.86956923748,0.24
1853,158.9,144.2,138.648217105,4.27,-5.69732937685,-0.414364640884,3.86956923748,-0.09
1854,165.4,144.8,125.070398149,4.53,-1.83976261128,0,-6.30237696994,0.17
1855,162.6,144.5,138.648217105,4.53,-3.50148367953,-0.207182320442,3.86956923748,0.17
1856,170.1,144.5,124.919575439,4.6,0.949554896142,-0.207182320442,-6.4153671714,0.24
1857,165.4,142.6,136.684714833,4.35,-1.83976261128,-1.51933701657,2.39859370297,-0.01
1858,161.3,144.5,138.648217105,4.23,-4.27299703264,-0.207182320442,3.86956923748,-0.13
1859,162.2,146.9,158.476199458,4.44,-3.73887240356,1.45027624309,18.7238820361,0.08
1860,167.4,144.6,138.648217105,4.32,-0.652818991098,-0.138121546961,3.86956923748,-0.04
1861,170.2,145.2,122.121664327,4.42,1.00890207715,0.276243093923,-8.51144765439,0.06
1862,166.2,144,135.295494737,4.27,-1.3649851632,-0.552486187845,1.35784686952,-0.09
1863,174.1,144.8,137.824842105,4.27,3.3234421365,0,3.25273038909,-0.09
1864,168.6,144.5,136.684714833,4.6,0.0593471810089,-0.207182320442,2.39859370297,0.24
1865,168.2,144.4,138.648217105,4.23,-0.178041543027,-0.276243093923,3.86956923748,-0.13
1866,176.6,145.8,122.121664327,4.41,4.80712166172,0.690607734807,-8.51144765439,0.05
1867,174.4,145.2,136.684714833,4.53,3.50148367953,0.276243093923,2.39859370297,0.17
1868,165.4,144.2,138.648217105,4.3,-1.83976261128,-0.414364640884,3.86956923748,-0.06
1869,174.6,141.6,128.393411802,4.23,3.62017804154,-2.20994475138,-3.81291115555,-0.13
1870,169.2,145.7,144.551595951,4.45,0.415430267062,0.621546961326,8.29213903749,0.09
1871,170.1,143.7,138.648217105,4.27,0.949554896142,-0.759668508287,3.86956923748,-0.09
1872,167.6,144.5,138.648217105,4.35,-0.53412462908,-0.207182320442,3.86956923748,-0.01
1873,167.6,144.8,124.919575439,4.27,-0.53412462908,0,-6.4153671714,-0.09
1874,160.6,144.2,124.919575439,4.27,-4.6884272997,-0.414364640884,-6.4153671714,-0.09
1875,176,147.5,124.919575439,4.27,4.45103857567,1.86464088398,-6.4153671714,-0.09
1876,171,140.4,136.684714833,4.6,1.48367952522,-3.03867403315,2.39859370297,0.24
1877,166.9,145.2,136.684714833,4.3,-0.949554896142,0.276243093923,2.39859370297,-0.06
1878,170,144.8,158.476199458,4.47,0.890207715134,0,18.7238820361,0.11
1879,161.3,143.9,158.476199458,4.39,-4.27299703264,-0.621546961326,18.7238820361,0.03
1880,170.2,144.4,137.824842105,4.47,1.00890207715,-0.276243093923,3.25273038909,0.11
1881,167.6,142.6,125.070398149,4.29,-0.53412462908,-1.51933701657,-6.30237696994,-0.07
1882,158.9,143.9,122.121664327,4.53,-5.69732937685,-0.621546961326,-8.51144765439,0.17
1883,168.6,143.7,138.648217105,4.53,0.0593471810089,-0.759668508287,3.86956923748,0.17
1884,169.2,144.5,135.295494737,4.6,0.415430267062,-0.207182320442,1.35784686952,0.24
1885,170.2,144.3,158.476199458,4.27,1.00890207715,-0.345303867403,18.7238820361,-0.09
1886,165.5,144.4,138.648217105,4.44,-1.78041543027,-0.276243093923,3.86956923748,0.08
1887,165.7,144.6,124.919575439,4.29,-1.66172106825,-0.138121546961,-6.4153671714,-0.07
1888,199.9,148,136.684714833,4.47,18.6350148368,2.20994475138,2.39859370297,0.11
1889,169.4,144.2,125.070398149,4.45,0.53412462908,-0.414364640884,-6.30237696994,0.09
1890,168.6,144.3,122.121664327,4.46,0.0593471810089,-0.345303867403,-8.51144765439,0.1
1891,161.6,143.3,124.919575439,4.46,-4.09495548961,-1.03591160221,-6.4153671714,0.1
1892,169.3,142.6,125.070398149,4.38,0.474777448071,-1.51933701657,-6.30237696994,0.02
1893,170.3,144.9,125.070398149,4.32,1.06824925816,0.0690607734807,-6.30237696994,-0.04
1894,169.2,143.9,144.551595951,4.45,0.415430267062,-0.621546961326,8.29213903749,0.09
1895,163.7,144.9,158.476199458,4.36,-2.84866468843,0.0690607734807,18.7238820361,0
1896,174.5,147.1,125.070398149,4.44,3.56083086053,1.58839779006,-6.30237696994,0.08
1897,167.4,144.4,137.824842105,4.21,-0.652818991098,-0.276243093923,3.25273038909,-0.15
1898,162.6,144.4,144.551595951,4.47,-3.50148367953,-0.276243093923,8.29213903749,0.11
1899,168.3,144.6,158.476199458,4.53,-0.118694362018,-0.138121546961,18.7238820361,0.17
1900,170.6,144,138.648217105,4.38,1.24629080119,-0.552486187845,3.86956923748,0.02
1901,160.6,145.8,135.295494737,4.24,-4.6884272997,0.690607734807,1.35784686952,-0.12
1902,168.7,143.9,125.070398149,4.6,0.118694362018,-0.621546961326,-6.30237696994,0.24
1903,166.9,146.9,122.121664327,4.46,-0.949554896142,1.45027624309,-8.51144765439,0.1
1904,170.1,144.5,122.121664327,4.46,0.949554896142,-0.207182320442,-8.51144765439,0.1
1905,165.5,143.9,136.684714833,4.24,-1.78041543027,-0.621546961326,2.39859370297,-0.12
1906,174.5,145.2,138.648217105,4.46,3.56083086053,0.276243093923,3.86956923748,0.1
1907,166.2,144.3,128.393411802,4.53,-1.3649851632,-0.345303867403,-3.81291115555,0.17
1908,174.1,142.8,158.476199458,4.34,3.3234421365,-1.38121546961,18.7238820361,-0.02
1909,171.8,144.2,144.551595951,4.35,1.95845697329,-0.414364640884,8.29213903749,-0.01
1910,174.4,144.2,137.824842105,4.35,3.50148367953,-0.414364640884,3.25273038909,-0.01
1911,170.6,144.2,138.648217105,4.41,1.24629080119,-0.414364640884,3.86956923748,0.05
1912,170.3,144.5,125.070398149,4.27,1.06824925816,-0.207182320442,-6.30237696994,-0.09
1913,177.5,144.6,128.393411802,4.45,5.3412462908,-0.138121546961,-3.81291115555,0.09
1914,169.2,144.6,125.070398149,4.41,0.415430267062,-0.138121546961,-6.30237696994,0.05
1915,168.4,144.2,136.684714833,4.47,-0.0593471810089,-0.414364640884,2.39859370297,0.11
1916,164.5,144.9,128.393411802,4.53,-2.37388724036,0.0690607734807,-3.81291115555,0.17
1917,170.8,144.8,158.476199458,4.29,1.3649851632,0,18.7238820361,-0.07
1918,164.5,144.5,144.551595951,4.47,-2.37388724036,-0.207182320442,8.29213903749,0.11
1919,167.1,144.2,122.121664327,4.27,-0.830860534125,-0.414364640884,-8.51144765439,-0.09
1920,169.2,144.8,128.393411802,4.38,0.415430267062,0,-3.81291115555,0.02
1921,192.4,144.8,137.824842105,4.42,14.1839762611,0,3.25273038909,0.06
1922,170,143.8,135.295494737,4.23,0.890207715134,-0.690607734807,1.35784686952,-0.13
1923,162.9,144,122.121664327,4.31,-3.3234421365,-0.552486187845,-8.51144765439,-0.05
1924,164.5,144.9,128.393411802,4.27,-2.37388724036,0.0690607734807,-3.81291115555,-0.09
1925,169.4,143.7,144.551595951,4.47,0.53412462908,-0.759668508287,8.29213903749,0.11
1926,165,142.6,136.684714833,4.47,-2.07715133531,-1.51933701657,2.39859370297,0.11
1927,174.5,145.2,125.070398149,4.42,3.56083086053,0.276243093923,-6.30237696994,0.06
1928,174.5,145.2,137.824842105,4.29,3.56083086053,0.276243093923,3.25273038909,-0.07
1929,171.8,143.2,122.121664327,4.32,1.95845697329,-1.10497237569,-8.51144765439,-0.04
1930,167.4,144,122.121664327,4.35,-0.652818991098,-0.552486187845,-8.51144765439,-0.01
1931,171,143.9,137.824842105,4.27,1.48367952522,-0.621546961326,3.25273038909,-0.09
1932,164.5,144,124.919575439,4.46,-2.37388724036,-0.552486187845,-6.4153671714,0.1
1933,169.8,143.7,125.070398149,4.27,0.771513353116,-0.759668508287,-6.30237696994,-0.09
1934,168.2,144.2,125.070398149,4.41,-0.178041543027,-0.414364640884,-6.30237696994,0.05
1935,168.2,144.8,158.476199458,4.32,-0.178041543027,0,18.7238820361,-0.04
1936,168.6,143.3,122.121664327,4.24,0.0593471810089,-1.03591160221,-8.51144765439,-0.12
1937,167.4,146.3,138.648217105,4.29,-0.652818991098,1.03591160221,3.86956923748,-0.07
1938,168.2,143.9,137.824842105,4.31,-0.178041543027,-0.621546961326,3.25273038909,-0.05
1939,176.2,142.8,128.393411802,4.29,4.56973293769,-1.38121546961,-3.81291115555,-0.07
1940,167.5,144.2,138.648217105,4.27,-0.593471810089,-0.414364640884,3.86956923748,-0.09
1941,176.2,144.2,136.684714833,4.47,4.56973293769,-0.414364640884,2.39859370297,0.11
1942,171.2,145.8,125.070398149,4.36,1.60237388724,0.690607734807,-6.30237696994,0
1943,164.6,143.5,125.070398149,4.29,-2.31454005935,-0.897790055249,-6.30237696994,-0.07
1944,168.6,142.8,144.551595951,4.24,0.0593471810089,-1.38121546961,8.29213903749,-0.12
1945,164.5,145.2,144.551595951,4.41,-2.37388724036,0.276243093923,8.29213903749,0.05
1946,174.1,143.2,138.648217105,4.32,3.3234421365,-1.10497237569,3.86956923748,-0.04
1947,169.2,145.1,128.393411802,4.23,0.415430267062,0.207182320442,-3.81291115555,-0.13
1948,174.4,145.2,137.824842105,4.42,3.50148367953,0.276243093923,3.25273038909,0.06
1949,175.7,143.7,122.121664327,4.21,4.27299703264,-0.759668508287,-8.51144765439,-0.15
1950,153.9,145.1,136.684714833,4.36,-8.6646884273,0.207182320442,2.39859370297,0
1951,174.4,143.5,136.684714833,4.32,3.50148367953,-0.897790055249,2.39859370297,-0.04
1952,171.8,144.2,136.684714833,4.44,1.95845697329,-0.414364640884,2.39859370297,0.08
1953,171.2,144.4,144.551595951,4.53,1.60237388724,-0.276243093923,8.29213903749,0.17
1954,168.4,143.3,136.684714833,4.29,-0.0593471810089,-1.03591160221,2.39859370297,-0.07
1955,164.6,143.3,122.121664327,4.21,-2.31454005935,-1.03591160221,-8.51144765439,-0.15
1956,163.3,144.2,138.648217105,4.44,-3.08605341246,-0.414364640884,3.86956923748,0.08
1957,175.7,144.4,138.648217105,4.6,4.27299703264,-0.276243093923,3.86956923748,0.24
1958,174.5,147.1,138.648217105,4.41,3.56083086053,1.58839779006,3.86956923748,0.05
1959,174.1,143.9,128.393411802,4.44,3.3234421365,-0.621546961326,-3.81291115555,0.08
1960,190.9,144.4,125.070398149,4.46,13.293768546,-0.276243093923,-6.30237696994,0.1
1961,170.6,143.3,128.393411802,4.41,1.24629080119,-1.03591160221,-3.81291115555,0.05
1962,156.1,143.4,136.684714833,4.3,-7.3590504451,-0.966850828729,2.39859370297,-0.06
1963,170,147.5,128.393411802,4.39,0.890207715134,1.86464088398,-3.81291115555,0.03
1964,163.3,144.4,124.919575439,4.32,-3.08605341246,-0.276243093923,-6.4153671714,-0.04
1965,146.7,144.5,137.824842105,4.41,-12.9376854599,-0.207182320442,3.25273038909,0.05
1966,169.2,144.3,124.919575439,4.42,0.415430267062,-0.345303867403,-6.4153671714,0.06
1967,146.7,148.6,135.295494737,4.44,-12.9376854599,2.62430939227,1.35784686952,0.08
1968,168.3,143.5,122.121664327,4.6,-0.118694362018,-0.897790055249,-8.51144765439,0.24
1969,176.6,144.6,128.393411802,4.41,4.80712166172,-0.138121546961,-3.81291115555,0.05
1970,165.4,144.8,144.551595951,4.39,-1.83976261128,0,8.29213903749,0.03
1971,167.9,144.5,122.121664327,4.3,-0.356083086053,-0.207182320442,-8.51144765439,-0.06
1972,171,147.5,158.476199458,4.41,1.48367952522,1.86464088398,18.7238820361,0.05
1973,173,143.5,158.476199458,4.29,2.6706231454,-0.897790055249,18.7238820361,-0.07
1974,162.6,141.6,135.295494737,4.27,-3.50148367953,-2.20994475138,1.35784686952,-0.09
1975,166.2,144.5,135.295494737,4.27,-1.3649851632,-0.207182320442,1.35784686952,-0.09
1976,174.6,145.2,138.648217105,4.6,3.62017804154,0.276243093923,3.86956923748,0.24
1977,167.5,145.2,138.648217105,4.38,-0.593471810089,0.276243093923,3.86956923748,0.02
1978,173.3,143.3,124.919575439,4.35,2.84866468843,-1.03591160221,-6.4153671714,-0.01
1979,165.7,144,144.551595951,4.46,-1.66172106825,-0.552486187845,8.29213903749,0.1
1980,161.6,145.2,138.648217105,4.34,-4.09495548961,0.276243093923,3.86956923748,-0.02
1981,158.9,143.2,125.070398149,4.23,-5.69732937685,-1.10497237569,-6.30237696994,-0.13
1982,170.3,144,122.121664327,4.35,1.06824925816,-0.552486187845,-8.51144765439,-0.01
1983,176.2,144.5,122.121664327,4.29,4.56973293769,-0.207182320442,-8.51144765439,-0.07
1984,168.3,143.2,122.121664327,4.6,-0.118694362018,-1.10497237569,-8.51144765439,0.24
1985,170.6,144.6,135.295494737,4.44,1.24629080119,-0.138121546961,1.35784686952,0.08
1986,174.6,144,128.393411802,4.36,3.62017804154,-0.552486187845,-3.81291115555,0
1987,169.2,144.6,124.919575439,4.41,0.415430267062,-0.138121546961,-6.4153671714,0.05
1988,173.3,145.5,138.648217105,4.6,2.84866468843,0.483425414365,3.86956923748,0.24
1989,167.6,143.8,135.295494737,4.35,-0.53412462908,-0.690607734807,1.35784686952,-0.01
1990,170.2,144.5,138.648217105,4.44,1.00890207715,-0.207182320442,3.86956923748,0.08
1991,169.3,143.4,137.824842105,4.3,0.474777448071,-0.966850828729,3.25273038909,-0.06
1992,165.5,143.8,158.476199458,4.38,-1.78041543027,-0.690607734807,18.7238820361,0.02
1993,173.3,143.5,158.476199458,4.41,2.84866468843,-0.897790055249,18.7238820361,0.05
1994,192.4,144.2,128.393411802,4.47,14.1839762611,-0.414364640884,-3.81291115555,0.11
1995,169.4,144.6,125.070398149,4.38,0.53412462908,-0.138121546961,-6.30237696994,0.02
1996,176.2,144.6,137.824842105,4.6,4.56973293769,-0.138121546961,3.25273038909,0.24
1997,168.6,143.8,136.684714833,4.47,0.0593471810089,-0.690607734807,2.39859370297,0.11
1998,167.1,145.5,137.824842105,4.29,-0.830860534125,0.483425414365,3.25273038909,-0.07
1999,169.2,143.6,124.919575439,4.3,0.415430267062,-0.828729281768,-6.4153671714,-0.06
2000,169.2,144.9,158.476199458,4.27,0.415430267062,0.0690607734807,18.7238820361,-0.09
2001,174.5,143.7,125.070398149,4.38,3.56083086053,-0.759668508287,-6.30237696994,0.02
2002,161.7,144.5,144.551595951,4.46,-4.03560830861,-0.207182320442,8.29213903749,0.1
2003,163.3,145.7,135.295494737,4.47,-3.08605341246,0.621546961326,1.35784686952,0.11
2004,168.7,142.8,138.648217105,4.53,0.118694362018,-1.38121546961,3.86956923748,0.17
2005,176.6,141,128.393411802,4.31,4.80712166172,-2.62430939227,-3.81291115555,-0.05
2006,164.6,144.9,137.824842105,4.38,-2.31454005935,0.0690607734807,3.25273038909,0.02
2007,176.6,146.1,158.476199458,4.47,4.80712166172,0.897790055249,18.7238820361,0.11
2008,159.8,142.6,136.684714833,4.6,-5.16320474777,-1.51933701657,2.39859370297,0.24
2009,165.5,141,128.393411802,4.29,-1.78041543027,-2.62430939227,-3.81291115555,-0.07
2010,199.9,144.2,135.295494737,4.44,18.6350148368,-0.414364640884,1.35784686952,0.08
2011,199.9,147.5,136.684714833,4.32,18.6350148368,1.86464088398,2.39859370297,-0.04
2012,168.7,145.2,125.070398149,4.53,0.118694362018,0.276243093923,-6.30237696994,0.17
2013,163.7,141.4,137.824842105,4.35,-2.84866468843,-2.34806629834,3.25273038909,-0.01
2014,156.1,143.5,138.648217105,4.53,-7.3590504451,-0.897790055249,3.86956923748,0.17
2015,165.5,144.2,158.476199458,4.31,-1.78041543027,-0.414364640884,18.7238820361,-0.05
2016,164.5,143.4,137.824842105,4.31,-2.37388724036,-0.966850828729,3.25273038909,-0.05
2017,168.6,143.3,138.648217105,4.41,0.0593471810089,-1.03591160221,3.86956923748,0.05
2018,166.4,144,128.393411802,4.45,-1.24629080119,-0.552486187845,-3.81291115555,0.09
2019,173,148.6,125.070398149,4.38,2.6706231454,2.62430939227,-6.30237696994,0.02
2020,174.6,143.4,128.393411802,4.3,3.62017804154,-0.966850828729,-3.81291115555,-0.06
2021,185.7,143.2,135.295494737,4.27,10.2077151335,-1.10497237569,1.35784686952,-0.09
2022,175.7,144,144.551595951,4.38,4.27299703264,-0.552486187845,8.29213903749,0.02
2023,173,144.6,122.121664327,4.27,2.6706231454,-0.138121546961,-8.51144765439,-0.09
2024,169.4,144,138.648217105,4.38,0.53412462908,-0.552486187845,3.86956923748,0.02
2025,167.6,144.5,158.476199458,4.3,-0.53412462908,-0.207182320442,18.7238820361,-0.06
2026,162.6,144.9,137.824842105,4.44,-3.50148367953,0.0690607734807,3.25273038909,0.08
2027,153.9,144.2,138.648217105,4.53,-8.6646884273,-0.414364640884,3.86956923748,0.17
2028,164.5,144.5,124.919575439,4.45,-2.37388724036,-0.207182320442,-6.4153671714,0.09
2029,163.7,146.1,144.551595951,4.44,-2.84866468843,0.897790055249,8.29213903749,0.08
2030,174.6,144.8,158.476199458,4.24,3.62017804154,0,18.7238820361,-0.12
2031,167.8,144.3,135.295494737,4.36,-0.415430267062,-0.345303867403,1.35784686952,0
2032,158.9,144.9,124.919575439,4.55,-5.69732937685,0.0690607734807,-6.4153671714,0.19
2033,174.5,144.7,137.824842105,4.36,3.56083086053,-0.0690607734807,3.25273038909,0
2034,167.9,143.5,122.121664327,4.29,-0.356083086053,-0.897790055249,-8.51144765439,-0.07
2035,167.5,144.8,144.551595951,4.29,-0.593471810089,0,8.29213903749,-0.07
2036,198.1,145.1,124.919575439,4.41,17.5667655786,0.207182320442,-6.4153671714,0.05
2037,164.3,144.6,125.070398149,4.46,-2.49258160237,-0.138121546961,-6.30237696994,0.1
2038,164.5,144,137.824842105,4.3,-2.37388724036,-0.552486187845,3.25273038909,-0.06
2039,162.2,143.5,135.295494737,4.34,-3.73887240356,-0.897790055249,1.35784686952,-0.02
2040,162.2,143.5,144.551595951,4.45,-3.73887240356,-0.897790055249,8.29213903749,0.09
2041,169.9,144.6,136.684714833,4.34,0.830860534125,-0.138121546961,2.39859370297,-0.02
2042,176.2,145.2,135.295494737,4.35,4.56973293769,0.276243093923,1.35784686952,-0.01
2043,164.5,144.2,125.070398149,4.27,-2.37388724036,-0.414364640884,-6.30237696994,-0.09
2044,169.2,144.6,135.295494737,4.29,0.415430267062,-0.138121546961,1.35784686952,-0.07
2045,168.6,143.7,158.476199458,4.53,0.0593471810089,-0.759668508287,18.7238820361,0.17
2046,163.7,144.3,135.295494737,4.32,-2.84866468843,-0.345303867403,1.35784686952,-0.04
2047,146.7,143.3,122.121664327,4.39,-12.9376854599,-1.03591160221,-8.51144765439,0.03
2048,146.7,143.2,135.295494737,4.6,-12.9376854599,-1.10497237569,1.35784686952,0.24
2049,168.3,144.5,158.476199458,4.32,-0.118694362018,-0.207182320442,18.7238820361,-0.04
2050,168.6,144,124.919575439,4.3,0.0593471810089,-0.552486187845,-6.4153671714,-0.06
2051,199.6,143.8,128.393411802,4.24,18.4569732938,-0.690607734807,-3.81291115555,-0.12
2052,161.3,144.2,124.919575439,4.29,-4.27299703264,-0.414364640884,-6.4153671714,-0.07
2053,176,144.8,122.121664327,4.35,4.45103857567,0,-8.51144765439,-0.01
2054,173.2,144.8,135.295494737,4.31,2.78931750742,0,1.35784686952,-0.05
2055,169.3,144.9,124.919575439,4.32,0.474777448071,0.0690607734807,-6.4153671714,-0.04
2056,176.2,144.2,135.295494737,4.29,4.56973293769,-0.414364640884,1.35784686952,-0.07
2057,167.1,145.1,122.121664327,4.46,-0.830860534125,0.207182320442,-8.51144765439,0.1
2058,168.3,144.8,124.919575439,4.39,-0.118694362018,0,-6.4153671714,0.03
2059,159.8,148,158.476199458,4.47,-5.16320474777,2.20994475138,18.7238820361,0.11
2060,167.5,141.4,137.824842105,4.32,-0.593471810089,-2.34806629834,3.25273038909,-0.04
2061,176,144.4,124.919575439,4.29,4.45103857567,-0.276243093923,-6.4153671714,-0.07
2062,171,141.4,122.121664327,4.6,1.48367952522,-2.34806629834,-8.51144765439,0.24
2063,169.2,142.6,135.295494737,4.29,0.415430267062,-1.51933701657,1.35784686952,-0.07
2064,169.4,144.7,125.070398149,4.42,0.53412462908,-0.0690607734807,-6.30237696994,0.06
2065,170.1,144.2,128.393411802,4.29,0.949554896142,-0.414364640884,-3.81291115555,-0.07
2066,177.5,145.2,158.476199458,4.38,5.3412462908,0.276243093923,18.7238820361,0.02
2067,174.5,143.8,122.121664327,4.44,3.56083086053,-0.690607734807,-8.51144765439,0.08
2068,176.6,144.2,125.070398149,4.35,4.80712166172,-0.414364640884,-6.30237696994,-0.01
2069,158.9,144.6,137.824842105,4.42,-5.69732937685,-0.138121546961,3.25273038909,0.06
2070,153.9,143.5,125.070398149,4.24,-8.6646884273,-0.897790055249,-6.30237696994,-0.12
2071,199.9,144.9,138.648217105,4.35,18.6350148368,0.0690607734807,3.86956923748,-0.01
2072,163.7,141,128.393411802,4.47,-2.84866468843,-2.62430939227,-3.81291115555,0.11
2073,176.2,144.6,125.070398149,4.44,4.56973293769,-0.138121546961,-6.30237696994,0.08
2074,168.6,146.9,137.824842105,4.27,0.0593471810089,1.45027624309,3.25273038909,-0.09
2075,146.7,143.3,122.121664327,4.46,-12.9376854599,-1.03591160221,-8.51144765439,0.1
2076,167.8,143.7,135.295494737,4.41,-0.415430267062,-0.759668508287,1.35784686952,0.05
2077,169.2,144.6,122.121664327,4.39,0.415430267062,-0.138121546961,-8.51144765439,0.03
2078,174.6,146.9,135.295494737,4.47,3.62017804154,1.45027624309,1.35784686952,0.11
2079,170.1,148.6,158.476199458,4.27,0.949554896142,2.62430939227,18.7238820361,-0.09
2080,153.9,145.2,138.648217105,4.3,-8.6646884273,0.276243093923,3.86956923748,-0.06
2081,176,144,128.393411802,4.34,4.45103857567,-0.552486187845,-3.81291115555,-0.02
2082,163.3,144.2,135.295494737,4.27,-3.08605341246,-0.414364640884,1.35784686952,-0.09
2083,164.3,143.4,138.648217105,4.41,-2.49258160237,-0.966850828729,3.86956923748,0.05
2084,164.5,144,136.684714833,4.3,-2.37388724036,-0.552486187845,2.39859370297,-0.06
2085,165.7,143.8,138.648217105,4.29,-1.66172106825,-0.690607734807,3.86956923748,-0.07
2086,167.9,147.9,136.684714833,4.42,-0.356083086053,2.1408839779,2.39859370297,0.06
2087,167.6,144.3,144.551595951,4.23,-0.53412462908,-0.345303867403,8.29213903749,-0.13
2088,170.2,144.3,138.648217105,4.44,1.00890207715,-0.345303867403,3.86956923748,0.08
2089,164.3,144.9,137.824842105,4.6,-2.49258160237,0.0690607734807,3.25273038909,0.24
2090,170.1,143.9,158.476199458,4.55,0.949554896142,-0.621546961326,18.7238820361,0.19
2091,164.6,143.3,135.295494737,4.24,-2.31454005935,-1.03591160221,1.35784686952,-0.12
2092,164.5,144.5,136.684714833,4.55,-2.37388724036,-0.207182320442,2.39859370297,0.19
2093,160.6,148.6,158.476199458,4.31,-4.6884272997,2.62430939227,18.7238820361,-0.05
2094,167.8,147.1,136.684714833,4.53,-0.415430267062,1.58839779006,2.39859370297,0.17
2095,169.2,144.9,128.393411802,4.27,0.415430267062,0.0690607734807,-3.81291115555,-0.09
2096,162.9,143.7,135.295494737,4.29,-3.3234421365,-0.759668508287,1.35784686952,-0.07
2097,167.1,144.2,138.648217105,4.3,-0.830860534125,-0.414364640884,3.86956923748,-0.06
2098,164.3,144.5,138.648217105,4.6,-2.49258160237,-0.207182320442,3.86956923748,0.24
2099,166.4,147.5,122.121664327,4.29,-1.24629080119,1.86464088398,-8.51144765439,-0.07
2100,198.1,144.8,128.393411802,4.23,17.5667655786,0,-3.81291115555,-0.13
2101,167.5,142.6,124.919575439,4.3,-0.593471810089,-1.51933701657,-6.4153671714,-0.06
2102,158.9,144.5,158.476199458,4.24,-5.69732937685,-0.207182320442,18.7238820361,-0.12
2103,153.9,144.2,137.824842105,4.47,-8.6646884273,-0.414364640884,3.25273038909,0.11
2104,190.9,140.4,158.476199458,4.53,13.293768546,-3.03867403315,18.7238820361,0.17
2105,170.1,144.5,135.295494737,4.35,0.949554896142,-0.207182320442,1.35784686952,-0.01
2106,169.2,144.6,124.919575439,4.6,0.415430267062,-0.138121546961,-6.4153671714,0.24
2107,163.7,143.5,137.824842105,4.45,-2.84866468843,-0.897790055249,3.25273038909,0.09
2108,170.3,144.1,138.648217105,4.6,1.06824925816,-0.483425414365,3.86956923748,0.24
2109,199.9,144.2,137.824842105,4.47,18.6350148368,-0.414364640884,3.25273038909,0.11
2110,165.7,141,125.070398149,4.3,-1.66172106825,-2.62430939227,-6.30237696994,-0.06
2111,174.6,144.4,128.393411802,4.32,3.62017804154,-0.276243093923,-3.81291115555,-0.04
2112,161.7,144,144.551595951,4.32,-4.03560830861,-0.552486187845,8.29213903749,-0.04
2113,168.4,146.9,135.295494737,4.31,-0.0593471810089,1.45027624309,1.35784686952,-0.05
2114,170.2,145.5,158.476199458,4.29,1.00890207715,0.483425414365,18.7238820361,-0.07
2115,198.1,144.4,125.070398149,4.36,17.5667655786,-0.276243093923,-6.30237696994,0
2116,185.7,144.8,144.551595951,4.39,10.2077151335,0,8.29213903749,0.03
2117,160.6,145.8,144.551595951,4.3,-4.6884272997,0.690607734807,8.29213903749,-0.06
2118,192.4,143.4,122.121664327,4.41,14.1839762611,-0.966850828729,-8.51144765439,0.05
2119,174.5,143.9,128.393411802,4.32,3.56083086053,-0.621546961326,-3.81291115555,-0.04
2120,167.4,148,136.684714833,4.46,-0.652818991098,2.20994475138,2.39859370297,0.1
2121,170.1,143.7,158.476199458,4.46,0.949554896142,-0.759668508287,18.7238820361,0.1
2122,169.8,143.7,124.919575439,4.41,0.771513353116,-0.759668508287,-6.4153671714,0.05
2123,165.7,143.6,158.476199458,4.3,-1.66172106825,-0.828729281768,18.7238820361,-0.06
2124,161.6,141,137.824842105,4.29,-4.09495548961,-2.62430939227,3.25273038909,-0.07
2125,164.3,144.2,158.476199458,4.24,-2.49258160237,-0.414364640884,18.7238820361,-0.12
2126,164.3,141,128.393411802,4.27,-2.49258160237,-2.62430939227,-3.81291115555,-0.09
2127,168.4,144.4,122.121664327,4.46,-0.0593471810089,-0.276243093923,-8.51144765439,0.1
2128,164.8,144,124.919575439,4.55,-2.19584569733,-0.552486187845,-6.4153671714,0.19
2129,172.4,142.6,124.919575439,4.46,2.31454005935,-1.51933701657,-6.4153671714,0.1
2130,163.7,144.2,144.551595951,4.47,-2.84866468843,-0.414364640884,8.29213903749,0.11
2131,163.3,144.3,125.070398149,4.27,-3.08605341246,-0.345303867403,-6.30237696994,-0.09
2132,171.8,144,137.824842105,4.3,1.95845697329,-0.552486187845,3.25273038909,-0.06
2133,162.2,144.8,137.824842105,4.3,-3.73887240356,0,3.25273038909,-0.06
2134,170.2,143.9,144.551595951,4.47,1.00890207715,-0.621546961326,8.29213903749,0.11
2135,173.2,144.7,128.393411802,4.38,2.78931750742,-0.0690607734807,-3.81291115555,0.02
2136,166.2,144.6,138.648217105,4.44,-1.3649851632,-0.138121546961,3.86956923748,0.08
2137,170.1,145.1,138.648217105,4.35,0.949554896142,0.207182320442,3.86956923748,-0.01
2138,164.5,144,122.121664327,4.44,-2.37388724036,-0.552486187845,-8.51144765439,0.08
2139,174.1,144.4,125.070398149,4.3,3.3234421365,-0.276243093923,-6.30237696994,-0.06
2140,165.4,140.4,137.824842105,4.27,-1.83976261128,-3.03867403315,3.25273038909,-0.09
2141,167.3,144.4,138.648217105,4.29,-0.712166172107,-0.276243093923,3.86956923748,-0.07
2142,163.3,143.8,144.551595951,4.3,-3.08605341246,-0.690607734807,8.29213903749,-0.06
2143,172.4,144.2,136.684714833,4.41,2.31454005935,-0.414364640884,2.39859370297,0.05
2144,174.6,144.7,138.648217105,4.27,3.62017804154,-0.0690607734807,3.86956923748,-0.09
2145,176.2,142.6,136.684714833,4.6,4.56973293769,-1.51933701657,2.39859370297,0.24
2146,166.1,140.4,137.824842105,4.24,-1.42433234421,-3.03867403315,3.25273038909,-0.12
2147,170.1,144.8,124.919575439,4.55,0.949554896142,0,-6.4153671714,0.19
2148,164.6,146.9,128.393411802,4.47,-2.31454005935,1.45027624309,-3.81291115555,0.11
2149,156.1,145.7,125.070398149,4.27,-7.3590504451,0.621546961326,-6.30237696994,-0.09
2150,164.8,144.6,122.121664327,4.31,-2.19584569733,-0.138121546961,-8.51144765439,-0.05
2151,162.2,145.2,122.121664327,4.53,-3.73887240356,0.276243093923,-8.51144765439,0.17
2152,168.2,144.4,122.121664327,4.3,-0.178041543027,-0.276243093923,-8.51144765439,-0.06
2153,161.3,144.9,124.919575439,4.44,-4.27299703264,0.0690607734807,-6.4153671714,0.08
2154,166.9,143.3,135.295494737,4.53,-0.949554896142,-1.03591160221,1.35784686952,0.17
2155,166.9,143.8,137.824842105,4.24,-0.949554896142,-0.690607734807,3.25273038909,-0.12
2156,174.1,144.8,136.684714833,4.35,3.3234421365,0,2.39859370297,-0.01
2157,169.4,145.1,138.648217105,4.29,0.53412462908,0.207182320442,3.86956923748,-0.07
2158,164.5,147.5,128.393411802,4.24,-2.37388724036,1.86464088398,-3.81291115555,-0.12
2159,162.6,143.4,137.824842105,4.44,-3.50148367953,-0.966850828729,3.25273038909,0.08
2160,174.5,143.5,144.551595951,4.42,3.56083086053,-0.897790055249,8.29213903749,0.06
2161,170.6,144.4,138.648217105,4.6,1.24629080119,-0.276243093923,3.86956923748,0.24
2162,168.6,146.3,138.648217105,4.46,0.0593471810089,1.03591160221,3.86956923748,0.1
2163,168.3,144.6,122.121664327,4.32,-0.118694362018,-0.138121546961,-8.51144765439,-0.04
2164,169.9,144.2,125.070398149,4.24,0.830860534125,-0.414364640884,-6.30237696994,-0.12
2165,199.9,142.8,122.121664327,4.32,18.6350148368,-1.38121546961,-8.51144765439,-0.04
2166,176,141.6,136.684714833,4.38,4.45103857567,-2.20994475138,2.39859370297,0.02
2167,168.7,143.4,128.393411802,4.47,0.118694362018,-0.966850828729,-3.81291115555,0.11
2168,168.6,145.1,122.121664327,4.44,0.0593471810089,0.207182320442,-8.51144765439,0.08
2169,167.5,144.6,124.919575439,4.32,-0.593471810089,-0.138121546961,-6.4153671714,-0.04
2170,174.5,144.4,135.295494737,4.3,3.56083086053,-0.276243093923,1.35784686952,-0.06
2171,167.4,144.3,128.393411802,4.23,-0.652818991098,-0.345303867403,-3.81291115555,-0.13
2172,169.3,144.2,122.121664327,4.45,0.474777448071,-0.414364640884,-8.51144765439,0.09
2173,165.4,143.5,158.476199458,4.24,-1.83976261128,-0.897790055249,18.7238820361,-0.12
2174,166.9,144.8,137.824842105,4.23,-0.949554896142,0,3.25273038909,-0.13
2175,160.6,144.8,136.684714833,4.31,-4.6884272997,0,2.39859370297,-0.05
2176,170.2,144.8,128.393411802,4.39,1.00890207715,0,-3.81291115555,0.03
2177,159.8,144.2,124.919575439,4.35,-5.16320474777,-0.414364640884,-6.4153671714,-0.01
2178,198.1,143.2,128.393411802,4.24,17.5667655786,-1.10497237569,-3.81291115555,-0.12
2179,167.3,141,125.070398149,4.41,-0.712166172107,-2.62430939227,-6.30237696994,0.05
2180,168.6,144.2,122.121664327,4.32,0.0593471810089,-0.414364640884,-8.51144765439,-0.04
2181,173.2,144.9,128.393411802,4.3,2.78931750742,0.0690607734807,-3.81291115555,-0.06
2182,171.8,144,125.070398149,4.31,1.95845697329,-0.552486187845,-6.30237696994,-0.05
2183,170.2,144.8,124.919575439,4.47,1.00890207715,0,-6.4153671714,0.11
2184,164.3,141.4,136.684714833,4.35,-2.49258160237,-2.34806629834,2.39859370297,-0.01
2185,174.1,144.6,138.648217105,4.31,3.3234421365,-0.138121546961,3.86956923748,-0.05
2186,174.4,144.4,138.648217105,4.34,3.50148367953,-0.276243093923,3.86956923748,-0.02
2187,169.2,143.7,122.121664327,4.3,0.415430267062,-0.759668508287,-8.51144765439,-0.06
2188,162.9,147.5,128.393411802,4.24,-3.3234421365,1.86464088398,-3.81291115555,-0.12
2189,163.7,143.9,136.684714833,4.3,-2.84866468843,-0.621546961326,2.39859370297,-0.06
2190,166.9,143.9,138.648217105,4.6,-0.949554896142,-0.621546961326,3.86956923748,0.24
2191,161.3,144.6,138.648217105,4.6,-4.27299703264,-0.138121546961,3.86956923748,0.24
2192,171,147.3,137.824842105,4.6,1.48367952522,1.72651933702,3.25273038909,0.24
2193,192.4,144.9,135.295494737,4.44,14.1839762611,0.0690607734807,1.35784686952,0.08
2194,172.4,144.5,135.295494737,4.27,2.31454005935,-0.207182320442,1.35784686952,-0.09
2195,174.5,144.8,137.824842105,4.32,3.56083086053,0,3.25273038909,-0.04
2196,161.6,143.4,128.393411802,4.41,-4.09495548961,-0.966850828729,-3.81291115555,0.05
2197,167.3,143.5,136.684714833,4.3,-0.712166172107,-0.897790055249,2.39859370297,-0.06
2198,167.1,144.3,124.919575439,4.55,-0.830860534125,-0.345303867403,-6.4153671714,0.19
2199,165.7,143.7,135.295494737,4.39,-1.66172106825,-0.759668508287,1.35784686952,0.03
2200,164.5,144,158.476199458,4.31,-2.37388724036,-0.552486187845,18.7238820361,-0.05
2201,161.7,144.2,122.121664327,4.27,-4.03560830861,-0.414364640884,-8.51144765439,-0.09
2202,167.3,143.9,124.919575439,4.45,-0.712166172107,-0.621546961326,-6.4153671714,0.09
2203,146.7,142.8,136.684714833,4.29,-12.9376854599,-1.38121546961,2.39859370297,-0.07
2204,190.9,144.8,137.824842105,4.3,13.293768546,0,3.25273038909,-0.06
2205,169.4,145.2,144.551595951,4.42,0.53412462908,0.276243093923,8.29213903749,0.06
2206,166.9,146.1,138.648217105,4.46,-0.949554896142,0.897790055249,3.86956923748,0.1
2207,170.2,144.2,128.393411802,4.6,1.00890207715,-0.414364640884,-3.81291115555,0.24
2208,167.6,144.5,136.684714833,4.39,-0.53412462908,-0.207182320442,2.39859370297,0.03
2209,162.9,146.3,122.121664327,4.29,-3.3234421365,1.03591160221,-8.51144765439,-0.07
2210,161.3,144.5,136.684714833,4.23,-4.27299703264,-0.207182320442,2.39859370297,-0.13
2211,156.1,141,136.684714833,4.27,-7.3590504451,-2.62430939227,2.39859370297,-0.09
2212,199.6,144.5,138.648217105,4.32,18.4569732938,-0.207182320442,3.86956923748,-0.04
2213,168.3,144.9,144.551595951,4.46,-0.118694362018,0.0690607734807,8.29213903749,0.1
2214,164.3,143.2,122.121664327,4.32,-2.49258160237,-1.10497237569,-8.51144765439,-0.04
2215,146.7,143.9,124.919575439,4.42,-12.9376854599,-0.621546961326,-6.4153671714,0.06
2216,161.3,144.8,137.824842105,4.44,-4.27299703264,0,3.25273038909,0.08
2217,169.8,146.9,124.919575439,4.29,0.771513353116,1.45027624309,-6.4153671714,-0.07
2218,170.1,142.6,144.551595951,4.24,0.949554896142,-1.51933701657,8.29213903749,-0.12
2219,198.1,145.5,138.648217105,4.27,17.5667655786,0.483425414365,3.86956923748,-0.09
2220,170.1,143.6,122.121664327,4.3,0.949554896142,-0.828729281768,-8.51144765439,-0.06
2221,174.5,142.8,122.121664327,4.41,3.56083086053,-1.38121546961,-8.51144765439,0.05
2222,165.4,143.5,125.070398149,4.41,-1.83976261128,-0.897790055249,-6.30237696994,0.05
2223,176,143.7,137.824842105,4.29,4.45103857567,-0.759668508287,3.25273038909,-0.07
2224,170.2,144.5,124.919575439,4.44,1.00890207715,-0.207182320442,-6.4153671714,0.08
2225,177.5,143.8,137.824842105,4.3,5.3412462908,-0.690607734807,3.25273038909,-0.06
2226,170.2,145.2,125.070398149,4.32,1.00890207715,0.276243093923,-6.30237696994,-0.04
2227,169.2,144.8,138.648217105,4.3,0.415430267062,0,3.86956923748,-0.06
2228,166.1,144.4,124.919575439,4.31,-1.42433234421,-0.276243093923,-6.4153671714,-0.05
2229,168.4,143.4,122.121664327,4.27,-0.0593471810089,-0.966850828729,-8.51144765439,-0.09
2230,164.6,144.7,122.121664327,4.24,-2.31454005935,-0.0690607734807,-8.51144765439,-0.12
2231,192.4,143.4,135.295494737,4.36,14.1839762611,-0.966850828729,1.35784686952,0
2232,185.7,143.4,138.648217105,4.41,10.2077151335,-0.966850828729,3.86956923748,0.05
2233,190.9,144,136.684714833,4.39,13.293768546,-0.552486187845,2.39859370297,0.03
2234,168.7,144.5,138.648217105,4.53,0.118694362018,-0.207182320442,3.86956923748,0.17
2235,176,144.8,138.648217105,4.55,4.45103857567,0,3.86956923748,0.19
2236,170.1,143.4,144.551595951,4.29,0.949554896142,-0.966850828729,8.29213903749,-0.07
2237,169.2,145.2,138.648217105,4.32,0.415430267062,0.276243093923,3.86956923748,-0.04
2238,167.9,145.2,122.121664327,4.6,-0.356083086053,0.276243093923,-8.51144765439,0.24
2239,168.3,144.5,158.476199458,4.3,-0.118694362018,-0.207182320442,18.7238820361,-0.06
2240,168.6,144.9,144.551595951,4.27,0.0593471810089,0.0690607734807,8.29213903749,-0.09
2241,169.4,144.5,135.295494737,4.29,0.53412462908,-0.207182320442,1.35784686952,-0.07
2242,170.2,144.4,144.551595951,4.39,1.00890207715,-0.276243093923,8.29213903749,0.03
2243,169.2,145.2,124.919575439,4.32,0.415430267062,0.276243093923,-6.4153671714,-0.04
2244,173.2,144.6,144.551595951,4.55,2.78931750742,-0.138121546961,8.29213903749,0.19
2245,192.4,144.7,136.684714833,4.44,14.1839762611,-0.0690607734807,2.39859370297,0.08
2246,170.6,144.4,138.648217105,4.29,1.24629080119,-0.276243093923,3.86956923748,-0.07
2247,168.4,147.3,122.121664327,4.31,-0.0593471810089,1.72651933702,-8.51144765439,-0.05
2248,167.3,144.8,136.684714833,4.39,-0.712166172107,0,2.39859370297,0.03
2249,172.4,144.7,125.070398149,4.53,2.31454005935,-0.0690607734807,-6.30237696994,0.17
2250,172.4,143.2,138.648217105,4.32,2.31454005935,-1.10497237569,3.86956923748,-0.04
2251,167.9,143.7,138.648217105,4.23,-0.356083086053,-0.759668508287,3.86956923748,-0.13
2252,167.1,144.8,144.551595951,4.23,-0.830860534125,0,8.29213903749,-0.13
2253,174.6,141.6,158.476199458,4.3,3.62017804154,-2.20994475138,18.7238820361,-0.06
2254,167.8,144.4,158.476199458,4.55,-0.415430267062,-0.276243093923,18.7238820361,0.19
2255,168.6,144.9,158.476199458,4.27,0.0593471810089,0.0690607734807,18.7238820361,-0.09
2256,190.9,145.2,158.476199458,4.36,13.293768546,0.276243093923,18.7238820361,0
2257,167.6,143.4,136.684714833,4.3,-0.53412462908,-0.966850828729,2.39859370297,-0.06
2258,170.2,144.4,128.393411802,4.35,1.00890207715,-0.276243093923,-3.81291115555,-0.01
2259,174.6,144.9,122.121664327,4.44,3.62017804154,0.0690607734807,-8.51144765439,0.08
2260,162.2,144.2,138.648217105,4.44,-3.73887240356,-0.414364640884,3.86956923748,0.08
2261,159.8,145.2,137.824842105,4.29,-5.16320474777,0.276243093923,3.25273038909,-0.07
2262,165.4,143.2,144.551595951,4.35,-1.83976261128,-1.10497237569,8.29213903749,-0.01
2263,164.3,147.9,136.684714833,4.46,-2.49258160237,2.1408839779,2.39859370297,0.1
2264,167.4,143.3,144.551595951,4.23,-0.652818991098,-1.03591160221,8.29213903749,-0.13
2265,176,145.2,125.070398149,4.45,4.45103857567,0.276243093923,-6.30237696994,0.09
2266,170.2,146.3,137.824842105,4.46,1.00890207715,1.03591160221,3.25273038909,0.1
2267,164.8,143.3,124.919575439,4.32,-2.19584569733,-1.03591160221,-6.4153671714,-0.04
2268,166.4,145.1,137.824842105,4.44,-1.24629080119,0.207182320442,3.25273038909,0.08
2269,192.4,143.9,128.393411802,4.46,14.1839762611,-0.621546961326,-3.81291115555,0.1
2270,168.6,144.5,122.121664327,4.45,0.0593471810089,-0.207182320442,-8.51144765439,0.09
2271,176,143.8,158.476199458,4.6,4.45103857567,-0.690607734807,18.7238820361,0.24
2272,174.3,144.5,122.121664327,4.34,3.44213649852,-0.207182320442,-8.51144765439,-0.02
2273,166.1,143.9,124.919575439,4.47,-1.42433234421,-0.621546961326,-6.4153671714,0.11
2274,174.5,144,122.121664327,4.47,3.56083086053,-0.552486187845,-8.51144765439,0.11
2275,159.8,140.4,124.919575439,4.27,-5.16320474777,-3.03867403315,-6.4153671714,-0.09
2276,165.7,144.8,122.121664327,4.46,-1.66172106825,0,-8.51144765439,0.1
2277,168.2,144.6,136.684714833,4.36,-0.178041543027,-0.138121546961,2.39859370297,0
2278,164.8,147.3,144.551595951,4.27,-2.19584569733,1.72651933702,8.29213903749,-0.09
2279,169.4,144.6,137.824842105,4.41,0.53412462908,-0.138121546961,3.25273038909,0.05
2280,165.4,144,158.476199458,4.41,-1.83976261128,-0.552486187845,18.7238820361,0.05
2281,174.3,143.4,137.824842105,4.24,3.44213649852,-0.966850828729,3.25273038909,-0.12
2282,167.4,144.6,144.551595951,4.45,-0.652818991098,-0.138121546961,8.29213903749,0.09
2283,176.6,144.4,144.551595951,4.46,4.80712166172,-0.276243093923,8.29213903749,0.1
2284,153.9,143.7,128.393411802,4.35,-8.6646884273,-0.759668508287,-3.81291115555,-0.01
2285,168.7,144.4,136.684714833,4.35,0.118694362018,-0.276243093923,2.39859370297,-0.01
2286,173.3,144.8,136.684714833,4.24,2.84866468843,0,2.39859370297,-0.12
2287,164.5,145.1,135.295494737,4.41,-2.37388724036,0.207182320442,1.35784686952,0.05
2288,198.1,143.3,125.070398149,4.41,17.5667655786,-1.03591160221,-6.30237696994,0.05
2289,165.5,144.7,135.295494737,4.27,-1.78041543027,-0.0690607734807,1.35784686952,-0.09
2290,169.4,144,128.393411802,4.44,0.53412462908,-0.552486187845,-3.81291115555,0.08
2291,167.6,143.3,125.070398149,4.23,-0.53412462908,-1.03591160221,-6.30237696994,-0.13
2292,169.9,141.6,158.476199458,4.46,0.830860534125,-2.20994475138,18.7238820361,0.1
2293,153.9,147.5,137.824842105,4.3,-8.6646884273,1.86464088398,3.25273038909,-0.06
2294,156.1,144.8,128.393411802,4.32,-7.3590504451,0,-3.81291115555,-0.04
2295,165.7,147.5,125.070398149,4.41,-1.66172106825,1.86464088398,-6.30237696994,0.05
2296,177.5,145.2,137.824842105,4.34,5.3412462908,0.276243093923,3.25273038909,-0.02
2297,166.9,145.7,144.551595951,4.34,-0.949554896142,0.621546961326,8.29213903749,-0.02
2298,163.3,143.9,144.551595951,4.35,-3.08605341246,-0.621546961326,8.29213903749,-0.01
2299,174.5,144.2,138.648217105,4.36,3.56083086053,-0.414364640884,3.86956923748,0
2300,165.4,144.5,136.684714833,4.45,-1.83976261128,-0.207182320442,2.39859370297,0.09
2301,174.1,143.4,122.121664327,4.3,3.3234421365,-0.966850828729,-8.51144765439,-0.06
2302,170.2,141.6,136.684714833,4.45,1.00890207715,-2.20994475138,2.39859370297,0.09
2303,162.6,141.6,125.070398149,4.3,-3.50148367953,-2.20994475138,-6.30237696994,-0.06
2304,185.7,144.3,125.070398149,4.47,10.2077151335,-0.345303867403,-6.30237696994,0.11
2305,159.8,143.4,137.824842105,4.53,-5.16320474777,-0.966850828729,3.25273038909,0.17
2306,161.3,148,137.824842105,4.47,-4.27299703264,2.20994475138,3.25273038909,0.11
2307,164.5,144.9,128.393411802,4.39,-2.37388724036,0.0690607734807,-3.81291115555,0.03
2308,162.2,141,137.824842105,4.32,-3.73887240356,-2.62430939227,3.25273038909,-0.04
2309,168.6,145.5,125.070398149,4.27,0.0593471810089,0.483425414365,-6.30237696994,-0.09
2310,190.9,144.2,138.648217105,4.3,13.293768546,-0.414364640884,3.86956923748,-0.06
2311,168.3,141.6,124.919575439,4.21,-0.118694362018,-2.20994475138,-6.4153671714,-0.15
2312,174.6,144.2,135.295494737,4.23,3.62017804154,-0.414364640884,1.35784686952,-0.13
2313,192.4,144.6,124.919575439,4.32,14.1839762611,-0.138121546961,-6.4153671714,-0.04
2314,164.5,143.7,128.393411802,4.38,-2.37388724036,-0.759668508287,-3.81291115555,0.02
2315,168.2,144,158.476199458,4.21,-0.178041543027,-0.552486187845,18.7238820361,-0.15
2316,165.4,144,124.919575439,4.36,-1.83976261128,-0.552486187845,-6.4153671714,0
2317,174.5,143.6,135.295494737,4.6,3.56083086053,-0.828729281768,1.35784686952,0.24
2318,173,142.6,122.121664327,4.41,2.6706231454,-1.51933701657,-8.51144765439,0.05
2319,170.2,144.6,124.919575439,4.46,1.00890207715,-0.138121546961,-6.4153671714,0.1
2320,169.4,144.8,124.919575439,4.6,0.53412462908,0,-6.4153671714,0.24
2321,168.2,143.8,124.919575439,4.53,-0.178041543027,-0.690607734807,-6.4153671714,0.17
2322,165.4,145.2,158.476199458,4.23,-1.83976261128,0.276243093923,18.7238820361,-0.13
2323,170.8,147.5,137.824842105,4.41,1.3649851632,1.86464088398,3.25273038909,0.05
2324,159.8,144.5,135.295494737,4.38,-5.16320474777,-0.207182320442,1.35784686952,0.02
2325,163.7,143.4,137.824842105,4.34,-2.84866468843,-0.966850828729,3.25273038909,-0.02
2326,168.6,144.4,128.393411802,4.31,0.0593471810089,-0.276243093923,-3.81291115555,-0.05
2327,164.5,144.4,136.684714833,4.55,-2.37388724036,-0.276243093923,2.39859370297,0.19
2328,158.9,143.7,124.919575439,4.35,-5.69732937685,-0.759668508287,-6.4153671714,-0.01
2329,167.8,145.2,122.121664327,4.27,-0.415430267062,0.276243093923,-8.51144765439,-0.09
2330,174.5,144.8,138.648217105,4.45,3.56083086053,0,3.86956923748,0.09
2331,153.9,143.4,138.648217105,4.6,-8.6646884273,-0.966850828729,3.86956923748,0.24
2332,173.3,143.2,122.121664327,4.42,2.84866468843,-1.10497237569,-8.51144765439,0.06
2333,170.1,145.8,125.070398149,4.55,0.949554896142,0.690607734807,-6.30237696994,0.19
2334,166.9,145.2,137.824842105,4.6,-0.949554896142,0.276243093923,3.25273038909,0.24
2335,167.4,145.5,138.648217105,4.3,-0.652818991098,0.483425414365,3.86956923748,-0.06
2336,170.2,144.8,138.648217105,4.47,1.00890207715,0,3.86956923748,0.11
2337,168.6,146.3,144.551595951,4.21,0.0593471810089,1.03591160221,8.29213903749,-0.15
2338,168.2,143.6,137.824842105,4.23,-0.178041543027,-0.828729281768,3.25273038909,-0.13
2339,171,148,128.393411802,4.46,1.48367952522,2.20994475138,-3.81291115555,0.1
2340,169.9,144.6,137.824842105,4.6,0.830860534125,-0.138121546961,3.25273038909,0.24
2341,161.7,144.5,122.121664327,4.35,-4.03560830861,-0.207182320442,-8.51144765439,-0.01
2342,167.6,143.3,136.684714833,4.29,-0.53412462908,-1.03591160221,2.39859370297,-0.07
2343,162.9,143.7,136.684714833,4.45,-3.3234421365,-0.759668508287,2.39859370297,0.09
2344,169.4,143.9,124.919575439,4.53,0.53412462908,-0.621546961326,-6.4153671714,0.17
2345,166.4,148.6,122.121664327,4.44,-1.24629080119,2.62430939227,-8.51144765439,0.08
2346,175.7,144,137.824842105,4.21,4.27299703264,-0.552486187845,3.25273038909,-0.15
2347,163.7,143.8,128.393411802,4.41,-2.84866468843,-0.690607734807,-3.81291115555,0.05
2348,167.5,144.8,136.684714833,4.47,-0.593471810089,0,2.39859370297,0.11
2349,156.1,144.6,122.121664327,4.35,-7.3590504451,-0.138121546961,-8.51144765439,-0.01
2350,171.2,144.5,138.648217105,4.42,1.60237388724,-0.207182320442,3.86956923748,0.06
2351,192.4,144.5,128.393411802,4.6,14.1839762611,-0.207182320442,-3.81291115555,0.24
2352,162.2,144.8,122.121664327,4.47,-3.73887240356,0,-8.51144765439,0.11
2353,167.1,147.3,125.070398149,4.34,-0.830860534125,1.72651933702,-6.30237696994,-0.02
2354,169.2,143.8,124.919575439,4.39,0.415430267062,-0.690607734807,-6.4153671714,0.03
2355,174.6,144.4,122.121664327,4.44,3.62017804154,-0.276243093923,-8.51144765439,0.08
2356,171.2,144.2,128.393411802,4.27,1.60237388724,-0.414364640884,-3.81291115555,-0.09
2357,174.5,144.3,136.684714833,4.42,3.56083086053,-0.345303867403,2.39859370297,0.06
2358,168.3,144.8,122.121664327,4.46,-0.118694362018,0,-8.51144765439,0.1
2359,168.6,143.5,135.295494737,4.29,0.0593471810089,-0.897790055249,1.35784686952,-0.07
2360,167.5,144.7,122.121664327,4.44,-0.593471810089,-0.0690607734807,-8.51144765439,0.08
2361,170.2,144.8,128.393411802,4.46,1.00890207715,0,-3.81291115555,0.1
2362,169.2,144.5,122.121664327,4.47,0.415430267062,-0.207182320442,-8.51144765439,0.11
2363,174.3,145.2,124.919575439,4.3,3.44213649852,0.276243093923,-6.4153671714,-0.06
2364,164.5,142.6,125.070398149,4.23,-2.37388724036,-1.51933701657,-6.30237696994,-0.13
2365,161.6,144.2,137.824842105,4.35,-4.09495548961,-0.414364640884,3.25273038909,-0.01
2366,173,145.1,122.121664327,4.53,2.6706231454,0.207182320442,-8.51144765439,0.17
2367,168.7,140.4,137.824842105,4.32,0.118694362018,-3.03867403315,3.25273038909,-0.04
2368,198.1,144.4,158.476199458,4.45,17.5667655786,-0.276243093923,18.7238820361,0.09
2369,167.1,144.2,135.295494737,4.21,-0.830860534125,-0.414364640884,1.35784686952,-0.15
2370,174.3,142.6,138.648217105,4.27,3.44213649852,-1.51933701657,3.86956923748,-0.09
2371,163.3,144.5,137.824842105,4.42,-3.08605341246,-0.207182320442,3.25273038909,0.06
2372,162.9,144.6,135.295494737,4.47,-3.3234421365,-0.138121546961,1.35784686952,0.11
2373,167.9,144.8,122.121664327,4.35,-0.356083086053,0,-8.51144765439,-0.01
2374,174.4,143.9,158.476199458,4.55,3.50148367953,-0.621546961326,18.7238820361,0.19
2375,170.2,144.8,124.919575439,4.55,1.00890207715,0,-6.4153671714,0.19
2376,164.8,144.8,128.393411802,4.29,-2.19584569733,0,-3.81291115555,-0.07
2377,160.6,145.2,144.551595951,4.55,-4.6884272997,0.276243093923,8.29213903749,0.19
2378,170,144.2,158.476199458,4.35,0.890207715134,-0.414364640884,18.7238820361,-0.01
2379,160.6,144.7,137.824842105,4.36,-4.6884272997,-0.0690607734807,3.25273038909,0
2380,170.2,144.6,136.684714833,4.39,1.00890207715,-0.138121546961,2.39859370297,0.03
2381,174.4,144.1,122.121664327,4.27,3.50148367953,-0.483425414365,-8.51144765439,-0.09
2382,156.1,144.6,136.684714833,4.46,-7.3590504451,-0.138121546961,2.39859370297,0.1
2383,167.8,143.8,122.121664327,4.6,-0.415430267062,-0.690607734807,-8.51144765439,0.24
2384,169.3,144.8,138.648217105,4.32,0.474777448071,0,3.86956923748,-0.04
2385,160.6,145.1,124.919575439,4.41,-4.6884272997,0.207182320442,-6.4153671714,0.05
2386,161.3,145.2,144.551595951,4.55,-4.27299703264,0.276243093923,8.29213903749,0.19
2387,167.4,143.7,128.393411802,4.46,-0.652818991098,-0.759668508287,-3.81291115555,0.1
2388,165.5,144.8,122.121664327,4.35,-1.78041543027,0,-8.51144765439,-0.01
2389,165.7,141,144.551595951,4.44,-1.66172106825,-2.62430939227,8.29213903749,0.08
2390,171,143.7,158.476199458,4.3,1.48367952522,-0.759668508287,18.7238820361,-0.06
2391,170.1,144.4,137.824842105,4.55,0.949554896142,-0.276243093923,3.25273038909,0.19
2392,176.2,144.8,122.121664327,4.45,4.56973293769,0,-8.51144765439,0.09
2393,164.5,144.5,138.648217105,4.3,-2.37388724036,-0.207182320442,3.86956923748,-0.06
2394,169.3,144.5,144.551595951,4.24,0.474777448071,-0.207182320442,8.29213903749,-0.12
2395,176,144.3,136.684714833,4.21,4.45103857567,-0.345303867403,2.39859370297,-0.15
2396,172.4,143.6,122.121664327,4.29,2.31454005935,-0.828729281768,-8.51144765439,-0.07
2397,177.5,145.8,124.919575439,4.32,5.3412462908,0.690607734807,-6.4153671714,-0.04
2398,165.4,144.9,122.121664327,4.23,-1.83976261128,0.0690607734807,-8.51144765439,-0.13
2399,164.3,144.2,144.551595951,4.32,-2.49258160237,-0.414364640884,8.29213903749,-0.04
2400,163.7,144.5,124.919575439,4.21,-2.84866468843,-0.207182320442,-6.4153671714,-0.15
2401,158.9,144.5,128.393411802,4.46,-5.69732937685,-0.207182320442,-3.81291115555,0.1
2402,171,144.5,135.295494737,4.27,1.48367952522,-0.207182320442,1.35784686952,-0.09
2403,170.2,144.2,138.648217105,4.3,1.00890207715,-0.414364640884,3.86956923748,-0.06
2404,167.5,143.7,128.393411802,4.27,-0.593471810089,-0.759668508287,-3.81291115555,-0.09
2405,172.4,143.2,137.824842105,4.24,2.31454005935,-1.10497237569,3.25273038909,-0.12
2406,176.2,144.6,144.551595951,4.34,4.56973293769,-0.138121546961,8.29213903749,-0.02
2407,171,140.4,128.393411802,4.46,1.48367952522,-3.03867403315,-3.81291115555,0.1
2408,168.7,146.1,125.070398149,4.3,0.118694362018,0.897790055249,-6.30237696994,-0.06
2409,160.6,143.9,128.393411802,4.23,-4.6884272997,-0.621546961326,-3.81291115555,-0.13
2410,164.8,144.2,158.476199458,4.35,-2.19584569733,-0.414364640884,18.7238820361,-0.01
2411,164.5,144.2,138.648217105,4.34,-2.37388724036,-0.414364640884,3.86956923748,-0.02
2412,185.7,144.6,135.295494737,4.41,10.2077151335,-0.138121546961,1.35784686952,0.05
2413,159.8,143.5,124.919575439,4.38,-5.16320474777,-0.897790055249,-6.4153671714,0.02
2414,176,143.3,144.551595951,4.46,4.45103857567,-1.03591160221,8.29213903749,0.1
2415,164.8,144.7,138.648217105,4.6,-2.19584569733,-0.0690607734807,3.86956923748,0.24
2416,161.6,144.2,128.393411802,4.39,-4.09495548961,-0.414364640884,-3.81291115555,0.03
2417,170,144,122.121664327,4.21,0.890207715134,-0.552486187845,-8.51144765439,-0.15
2418,192.4,147.9,135.295494737,4.55,14.1839762611,2.1408839779,1.35784686952,0.19
2419,172.4,145.7,122.121664327,4.27,2.31454005935,0.621546961326,-8.51144765439,-0.09
2420,176,144.8,138.648217105,4.53,4.45103857567,0,3.86956923748,0.17
2421,173,143.7,158.476199458,4.44,2.6706231454,-0.759668508287,18.7238820361,0.08
2422,176.2,141,124.919575439,4.53,4.56973293769,-2.62430939227,-6.4153671714,0.17
2423,176,140.4,138.648217105,4.27,4.45103857567,-3.03867403315,3.86956923748,-0.09
2424,166.4,147.9,125.070398149,4.38,-1.24629080119,2.1408839779,-6.30237696994,0.02
2425,164.3,144.5,138.648217105,4.41,-2.49258160237,-0.207182320442,3.86956923748,0.05
2426,192.4,144,138.648217105,4.39,14.1839762611,-0.552486187845,3.86956923748,0.03
2427,173.2,144.9,137.824842105,4.27,2.78931750742,0.0690607734807,3.25273038909,-0.09
2428,170.2,143.7,135.295494737,4.6,1.00890207715,-0.759668508287,1.35784686952,0.24
2429,168.4,143.9,125.070398149,4.3,-0.0593471810089,-0.621546961326,-6.30237696994,-0.06
2430,162.6,141,122.121664327,4.41,-3.50148367953,-2.62430939227,-8.51144765439,0.05
2431,171,145.2,144.551595951,4.27,1.48367952522,0.276243093923,8.29213903749,-0.09
2432,170.3,144.2,138.648217105,4.23,1.06824925816,-0.414364640884,3.86956923748,-0.13
2433,162.6,144,125.070398149,4.32,-3.50148367953,-0.552486187845,-6.30237696994,-0.04
2434,165.4,148.6,158.476199458,4.35,-1.83976261128,2.62430939227,18.7238820361,-0.01
2435,167.8,144.6,136.684714833,4.24,-0.415430267062,-0.138121546961,2.39859370297,-0.12
2436,168.4,144.5,124.919575439,4.34,-0.0593471810089,-0.207182320442,-6.4153671714,-0.02
2437,170.1,144.5,124.919575439,4.46,0.949554896142,-0.207182320442,-6.4153671714,0.1
2438,168.6,144.6,144.551595951,4.53,0.0593471810089,-0.138121546961,8.29213903749,0.17
2439,167.4,144.5,144.551595951,4.46,-0.652818991098,-0.207182320442,8.29213903749,0.1
2440,170.2,143.7,137.824842105,4.31,1.00890207715,-0.759668508287,3.25273038909,-0.05
2441,166.9,145.1,135.295494737,4.55,-0.949554896142,0.207182320442,1.35784686952,0.19
2442,173.2,144.8,135.295494737,4.21,2.78931750742,0,1.35784686952,-0.15
2443,168.6,142.8,125.070398149,4.27,0.0593471810089,-1.38121546961,-6.30237696994,-0.09
2444,166.2,144.3,137.824842105,4.3,-1.3649851632,-0.345303867403,3.25273038909,-0.06
2445,153.9,144.8,122.121664327,4.3,-8.6646884273,0,-8.51144765439,-0.06
2446,174.6,144.8,158.476199458,4.32,3.62017804154,0,18.7238820361,-0.04
2447,176,143.4,135.295494737,4.42,4.45103857567,-0.966850828729,1.35784686952,0.06
2448,170.2,145.5,135.295494737,4.29,1.00890207715,0.483425414365,1.35784686952,-0.07
2449,169.3,144.8,124.919575439,4.6,0.474777448071,0,-6.4153671714,0.24
2450,167.5,145.7,124.919575439,4.55,-0.593471810089,0.621546961326,-6.4153671714,0.19
2451,165,140.4,135.295494737,4.45,-2.07715133531,-3.03867403315,1.35784686952,0.09
2452,167.4,143.8,135.295494737,4.46,-0.652818991098,-0.690607734807,1.35784686952,0.1
2453,166.2,144.4,137.824842105,4.6,-1.3649851632,-0.276243093923,3.25273038909,0.24
2454,170.2,144.8,138.648217105,4.24,1.00890207715,0,3.86956923748,-0.12
2455,163.7,144,137.824842105,4.45,-2.84866468843,-0.552486187845,3.25273038909,0.09
2456,168.6,144.6,158.476199458,4.6,0.0593471810089,-0.138121546961,18.7238820361,0.24
2457,159.8,141.4,138.648217105,4.44,-5.16320474777,-2.34806629834,3.86956923748,0.08
2458,167.8,143.5,122.121664327,4.23,-0.415430267062,-0.897790055249,-8.51144765439,-0.13
2459,169.9,144.2,158.476199458,4.36,0.830860534125,-0.414364640884,18.7238820361,0
2460,170.1,144.4,137.824842105,4.3,0.949554896142,-0.276243093923,3.25273038909,-0.06
2461,166.4,143.5,122.121664327,4.21,-1.24629080119,-0.897790055249,-8.51144765439,-0.15
2462,170.6,143.5,158.476199458,4.39,1.24629080119,-0.897790055249,18.7238820361,0.03
2463,174.1,144.6,135.295494737,4.34,3.3234421365,-0.138121546961,1.35784686952,-0.02
2464,170.6,143.5,135.295494737,4.44,1.24629080119,-0.897790055249,1.35784686952,0.08
2465,170.2,143.2,138.648217105,4.53,1.00890207715,-1.10497237569,3.86956923748,0.17
2466,175.7,145.2,136.684714833,4.45,4.27299703264,0.276243093923,2.39859370297,0.09
2467,165.4,147.3,144.551595951,4.47,-1.83976261128,1.72651933702,8.29213903749,0.11
2468,170.2,143.2,136.684714833,4.53,1.00890207715,-1.10497237569,2.39859370297,0.17
2469,164.5,144.6,138.648217105,4.38,-2.37388724036,-0.138121546961,3.86956923748,0.02
2470,166.9,145.1,136.684714833,4.32,-0.949554896142,0.207182320442,2.39859370297,-0.04
2471,167.8,143.5,136.684714833,4.21,-0.415430267062,-0.897790055249,2.39859370297,-0.15
2472,198.1,144.8,144.551595951,4.24,17.5667655786,0,8.29213903749,-0.12
2473,199.6,141.6,124.919575439,4.44,18.4569732938,-2.20994475138,-6.4153671714,0.08
2474,176.2,144.4,137.824842105,4.27,4.56973293769,-0.276243093923,3.25273038909,-0.09
2475,174.6,146.1,122.121664327,4.35,3.62017804154,0.897790055249,-8.51144765439,-0.01
2476,174.4,143.8,138.648217105,4.44,3.50148367953,-0.690607734807,3.86956923748,0.08
2477,170.2,144.9,137.824842105,4.27,1.00890207715,0.0690607734807,3.25273038909,-0.09
2478,165.4,143.9,138.648217105,4.23,-1.83976261128,-0.621546961326,3.86956923748,-0.13
2479,169.2,143.8,125.070398149,4.6,0.415430267062,-0.690607734807,-6.30237696994,0.24
2480,174.3,144.9,125.070398149,4.29,3.44213649852,0.0690607734807,-6.30237696994,-0.07
2481,174.3,143.9,122.121664327,4.3,3.44213649852,-0.621546961326,-8.51144765439,-0.06
2482,167.4,145.2,138.648217105,4.3,-0.652818991098,0.276243093923,3.86956923748,-0.06
2483,174.5,147.1,122.121664327,4.34,3.56083086053,1.58839779006,-8.51144765439,-0.02
2484,164.6,145.2,138.648217105,4.3,-2.31454005935,0.276243093923,3.86956923748,-0.06
2485,163.7,143.9,122.121664327,4.44,-2.84866468843,-0.621546961326,-8.51144765439,0.08
2486,185.7,144.4,135.295494737,4.41,10.2077151335,-0.276243093923,1.35784686952,0.05
2487,168.4,144.4,144.551595951,4.34,-0.0593471810089,-0.276243093923,8.29213903749,-0.02
2488,176.2,145.2,135.295494737,4.44,4.56973293769,0.276243093923,1.35784686952,0.08
2489,168.2,144.2,122.121664327,4.39,-0.178041543027,-0.414364640884,-8.51144765439,0.03
2490,146.7,144.5,138.648217105,4.34,-12.9376854599,-0.207182320442,3.86956923748,-0.02
2491,169.2,148.6,128.393411802,4.21,0.415430267062,2.62430939227,-3.81291115555,-0.15
2492,167.5,146.3,138.648217105,4.35,-0.593471810089,1.03591160221,3.86956923748,-0.01
2493,166.9,143.6,124.919575439,4.39,-0.949554896142,-0.828729281768,-6.4153671714,0.03
2494,171.8,144.6,135.295494737,4.32,1.95845697329,-0.138121546961,1.35784686952,-0.04
2495,163.3,144,135.295494737,4.3,-3.08605341246,-0.552486187845,1.35784686952,-0.06
2496,167.9,144.5,125.070398149,4.39,-0.356083086053,-0.207182320442,-6.30237696994,0.03
2497,175.7,143.7,124.919575439,4.3,4.27299703264,-0.759668508287,-6.4153671714,-0.06
2498,168.4,144.2,135.295494737,4.47,-0.0593471810089,-0.414364640884,1.35784686952,0.11
2499,166.9,143.2,158.476199458,4.39,-0.949554896142,-1.10497237569,18.7238820361,0.03
2500,162.6,146.9,135.295494737,4.53,-3.50148367953,1.45027624309,1.35784686952,0.17
2501,169.4,144.6,137.824842105,4.55,0.53412462908,-0.138121546961,3.25273038909,0.19
2502,165.5,144.4,122.121664327,4.36,-1.78041543027,-0.276243093923,-8.51144765439,0
2503,165.5,145.5,122.121664327,4.6,-1.78041543027,0.483425414365,-8.51144765439,0.24
2504,167.8,144.4,124.919575439,4.55,-0.415430267062,-0.276243093923,-6.4153671714,0.19
2505,167.3,143.2,128.393411802,4.46,-0.712166172107,-1.10497237569,-3.81291115555,0.1
2506,168.7,144.2,144.551595951,4.34,0.118694362018,-0.414364640884,8.29213903749,-0.02
2507,169.9,144.6,124.919575439,4.21,0.830860534125,-0.138121546961,-6.4153671714,-0.15
2508,164.5,144.8,138.648217105,4.47,-2.37388724036,0,3.86956923748,0.11
2509,170.8,144.6,128.393411802,4.32,1.3649851632,-0.138121546961,-3.81291115555,-0.04
2510,185.7,141.6,124.919575439,4.36,10.2077151335,-2.20994475138,-6.4153671714,0
2511,170.1,144.6,122.121664327,4.31,0.949554896142,-0.138121546961,-8.51144765439,-0.05
2512,171.2,144.8,158.476199458,4.44,1.60237388724,0,18.7238820361,0.08
2513,168.6,143.3,125.070398149,4.6,0.0593471810089,-1.03591160221,-6.30237696994,0.24
2514,165.5,144.8,122.121664327,4.23,-1.78041543027,0,-8.51144765439,-0.13
2515,170,147.3,137.824842105,4.29,0.890207715134,1.72651933702,3.25273038909,-0.07
2516,176.6,144.9,135.295494737,4.45,4.80712166172,0.0690607734807,1.35784686952,0.09
2517,162.9,143.9,138.648217105,4.42,-3.3234421365,-0.621546961326,3.86956923748,0.06
2518,164.5,143.9,144.551595951,4.24,-2.37388724036,-0.621546961326,8.29213903749,-0.12
2519,174.3,148.6,138.648217105,4.42,3.44213649852,2.62430939227,3.86956923748,0.06
2520,146.7,147.1,125.070398149,4.29,-12.9376854599,1.58839779006,-6.30237696994,-0.07
2521,174.3,143.9,128.393411802,4.41,3.44213649852,-0.621546961326,-3.81291115555,0.05
2522,177.5,144.2,136.684714833,4.34,5.3412462908,-0.414364640884,2.39859370297,-0.02
2523,172.4,144.8,135.295494737,4.36,2.31454005935,0,1.35784686952,0
2524,171.2,141,144.551595951,4.47,1.60237388724,-2.62430939227,8.29213903749,0.11
2525,166.1,144.2,128.393411802,4.27,-1.42433234421,-0.414364640884,-3.81291115555,-0.09
2526,170.2,144.2,158.476199458,4.3,1.00890207715,-0.414364640884,18.7238820361,-0.06
2527,168.6,141.4,144.551595951,4.34,0.0593471810089,-2.34806629834,8.29213903749,-0.02
2528,170.2,144.2,128.393411802,4.23,1.00890207715,-0.414364640884,-3.81291115555,-0.13
2529,166.1,144.2,136.684714833,4.39,-1.42433234421,-0.414364640884,2.39859370297,0.03
2530,170.2,148.6,144.551595951,4.42,1.00890207715,2.62430939227,8.29213903749,0.06
2531,170.6,144.1,138.648217105,4.3,1.24629080119,-0.483425414365,3.86956923748,-0.06
2532,168.6,145.2,158.476199458,4.31,0.0593471810089,0.276243093923,18.7238820361,-0.05
2533,176,145.1,125.070398149,4.44,4.45103857567,0.207182320442,-6.30237696994,0.08
2534,168.4,143.3,128.393411802,4.3,-0.0593471810089,-1.03591160221,-3.81291115555,-0.06
2535,165.4,140.4,128.393411802,4.53,-1.83976261128,-3.03867403315,-3.81291115555,0.17
2536,170.6,145.2,138.648217105,4.35,1.24629080119,0.276243093923,3.86956923748,-0.01
2537,174.5,143.9,124.919575439,4.53,3.56083086053,-0.621546961326,-6.4153671714,0.17
2538,170.8,144.8,144.551595951,4.32,1.3649851632,0,8.29213903749,-0.04
2539,169.4,145.1,144.551595951,4.23,0.53412462908,0.207182320442,8.29213903749,-0.13
2540,164.3,144.8,124.919575439,4.41,-2.49258160237,0,-6.4153671714,0.05
2541,164.6,143.5,125.070398149,4.42,-2.31454005935,-0.897790055249,-6.30237696994,0.06
2542,162.2,144.9,138.648217105,4.27,-3.73887240356,0.0690607734807,3.86956923748,-0.09
2543,169.2,144.9,137.824842105,4.41,0.415430267062,0.0690607734807,3.25273038909,0.05
2544,174.1,144.2,137.824842105,4.41,3.3234421365,-0.414364640884,3.25273038909,0.05
2545,161.6,145.5,144.551595951,4.34,-4.09495548961,0.483425414365,8.29213903749,-0.02
2546,168.4,141,128.393411802,4.23,-0.0593471810089,-2.62430939227,-3.81291115555,-0.13
2547,199.9,144.9,144.551595951,4.35,18.6350148368,0.0690607734807,8.29213903749,-0.01
2548,158.9,144,135.295494737,4.3,-5.69732937685,-0.552486187845,1.35784686952,-0.06
2549,174.4,143.5,136.684714833,4.3,3.50148367953,-0.897790055249,2.39859370297,-0.06
2550,168.4,143.9,128.393411802,4.3,-0.0593471810089,-0.621546961326,-3.81291115555,-0.06
2551,169.8,145.5,122.121664327,4.35,0.771513353116,0.483425414365,-8.51144765439,-0.01
2552,156.1,144.8,137.824842105,4.46,-7.3590504451,0,3.25273038909,0.1
2553,175.7,141,138.648217105,4.24,4.27299703264,-2.62430939227,3.86956923748,-0.12
2554,167.3,143.4,158.476199458,4.3,-0.712166172107,-0.966850828729,18.7238820361,-0.06
2555,170.1,143.5,138.648217105,4.35,0.949554896142,-0.897790055249,3.86956923748,-0.01
2556,174.1,144.8,138.648217105,4.44,3.3234421365,0,3.86956923748,0.08
2557,173.2,142.8,137.824842105,4.29,2.78931750742,-1.38121546961,3.25273038909,-0.07
2558,164.3,142.6,135.295494737,4.3,-2.49258160237,-1.51933701657,1.35784686952,-0.06
2559,163.7,141,122.121664327,4.55,-2.84866468843,-2.62430939227,-8.51144765439,0.19
2560,170.2,143.5,124.919575439,4.35,1.00890207715,-0.897790055249,-6.4153671714,-0.01
2561,171,144.6,124.919575439,4.46,1.48367952522,-0.138121546961,-6.4153671714,0.1
2562,163.3,144.8,136.684714833,4.44,-3.08605341246,0,2.39859370297,0.08
2563,170.1,144.6,125.070398149,4.44,0.949554896142,-0.138121546961,-6.30237696994,0.08
2564,167.6,143.7,158.476199458,4.6,-0.53412462908,-0.759668508287,18.7238820361,0.24
2565,170.1,143.4,136.684714833,4.42,0.949554896142,-0.966850828729,2.39859370297,0.06
2566,198.1,144.5,136.684714833,4.44,17.5667655786,-0.207182320442,2.39859370297,0.08
2567,173.2,144.8,158.476199458,4.55,2.78931750742,0,18.7238820361,0.19
2568,167.5,147.5,125.070398149,4.55,-0.593471810089,1.86464088398,-6.30237696994,0.19
2569,167.6,144.6,125.070398149,4.46,-0.53412462908,-0.138121546961,-6.30237696994,0.1
2570,167.3,143.5,137.824842105,4.23,-0.712166172107,-0.897790055249,3.25273038909,-0.13
2571,167.1,143.7,135.295494737,4.45,-0.830860534125,-0.759668508287,1.35784686952,0.09
2572,173,142.6,128.393411802,4.35,2.6706231454,-1.51933701657,-3.81291115555,-0.01
2573,176.6,143.3,144.551595951,4.46,4.80712166172,-1.03591160221,8.29213903749,0.1
2574,165.7,145.2,124.919575439,4.38,-1.66172106825,0.276243093923,-6.4153671714,0.02
2575,170.6,144.2,124.919575439,4.29,1.24629080119,-0.414364640884,-6.4153671714,-0.07
2576,169.9,144.8,122.121664327,4.21,0.830860534125,0,-8.51144765439,-0.15
2577,168.6,143.7,136.684714833,4.3,0.0593471810089,-0.759668508287,2.39859370297,-0.06
2578,167.8,144.4,128.393411802,4.29,-0.415430267062,-0.276243093923,-3.81291115555,-0.07
2579,167.3,148.6,135.295494737,4.6,-0.712166172107,2.62430939227,1.35784686952,0.24
2580,170.8,144.9,144.551595951,4.23,1.3649851632,0.0690607734807,8.29213903749,-0.13
2581,175.7,145.2,135.295494737,4.3,4.27299703264,0.276243093923,1.35784686952,-0.06
2582,170.1,143.7,144.551595951,4.35,0.949554896142,-0.759668508287,8.29213903749,-0.01
2583,161.3,144.6,122.121664327,4.3,-4.27299703264,-0.138121546961,-8.51144765439,-0.06
2584,168.2,143.4,128.393411802,4.36,-0.178041543027,-0.966850828729,-3.81291115555,0
2585,199.6,144.6,135.295494737,4.47,18.4569732938,-0.138121546961,1.35784686952,0.11
2586,166.4,143.5,125.070398149,4.41,-1.24629080119,-0.897790055249,-6.30237696994,0.05
2587,170.8,143.9,128.393411802,4.46,1.3649851632,-0.621546961326,-3.81291115555,0.1
2588,170.2,148,144.551595951,4.47,1.00890207715,2.20994475138,8.29213903749,0.11
2589,167.1,144.8,138.648217105,4.38,-0.830860534125,0,3.86956923748,0.02
2590,168.4,143.5,128.393411802,4.39,-0.0593471810089,-0.897790055249,-3.81291115555,0.03
2591,168.2,144.4,137.824842105,4.3,-0.178041543027,-0.276243093923,3.25273038909,-0.06
2592,164.3,143.9,137.824842105,4.38,-2.49258160237,-0.621546961326,3.25273038909,0.02
2593,163.7,144.4,125.070398149,4.39,-2.84866468843,-0.276243093923,-6.30237696994,0.03
2594,162.6,141,138.648217105,4.41,-3.50148367953,-2.62430939227,3.86956923748,0.05
2595,177.5,143.4,144.551595951,4.23,5.3412462908,-0.966850828729,8.29213903749,-0.13
2596,174.3,143.8,138.648217105,4.41,3.44213649852,-0.690607734807,3.86956923748,0.05
2597,163.7,144.1,124.919575439,4.55,-2.84866468843,-0.483425414365,-6.4153671714,0.19
2598,169.4,148.6,124.919575439,4.36,0.53412462908,2.62430939227,-6.4153671714,0
2599,174.5,141,122.121664327,4.47,3.56083086053,-2.62430939227,-8.51144765439,0.11
2600,161.3,145.2,125.070398149,4.45,-4.27299703264,0.276243093923,-6.30237696994,0.09
2601,168.7,144,122.121664327,4.32,0.118694362018,-0.552486187845,-8.51144765439,-0.04
2602,169.4,146.3,124.919575439,4.32,0.53412462908,1.03591160221,-6.4153671714,-0.04
2603,153.9,145.1,135.295494737,4.46,-8.6646884273,0.207182320442,1.35784686952,0.1
2604,170.2,144.8,122.121664327,4.44,1.00890207715,0,-8.51144765439,0.08
2605,169.2,142.8,158.476199458,4.32,0.415430267062,-1.38121546961,18.7238820361,-0.04
2606,170.8,144.8,124.919575439,4.34,1.3649851632,0,-6.4153671714,-0.02
2607,174.3,143.2,125.070398149,4.38,3.44213649852,-1.10497237569,-6.30237696994,0.02
2608,163.7,144,122.121664327,4.29,-2.84866468843,-0.552486187845,-8.51144765439,-0.07
2609,185.7,144.4,135.295494737,4.35,10.2077151335,-0.276243093923,1.35784686952,-0.01
2610,168.3,143.7,135.295494737,4.41,-0.118694362018,-0.759668508287,1.35784686952,0.05
2611,159.8,145.2,138.648217105,4.46,-5.16320474777,0.276243093923,3.86956923748,0.1
2612,168.6,144.2,137.824842105,4.35,0.0593471810089,-0.414364640884,3.25273038909,-0.01
2613,170.3,144.8,144.551595951,4.34,1.06824925816,0,8.29213903749,-0.02
2614,173.3,143.6,135.295494737,4.3,2.84866468843,-0.828729281768,1.35784686952,-0.06
2615,174.4,141.6,124.919575439,4.44,3.50148367953,-2.20994475138,-6.4153671714,0.08
2616,174.4,144.2,122.121664327,4.21,3.50148367953,-0.414364640884,-8.51144765439,-0.15
2617,168.6,144.6,135.295494737,4.39,0.0593471810089,-0.138121546961,1.35784686952,0.03
2618,168.4,144.6,128.393411802,4.36,-0.0593471810089,-0.138121546961,-3.81291115555,0
2619,167.5,143.9,135.295494737,4.24,-0.593471810089,-0.621546961326,1.35784686952,-0.12
2620,169.3,146.9,135.295494737,4.42,0.474777448071,1.45027624309,1.35784686952,0.06
2621,167.5,143.9,128.393411802,4.21,-0.593471810089,-0.621546961326,-3.81291115555,-0.15
2622,169.2,144.2,125.070398149,4.27,0.415430267062,-0.414364640884,-6.30237696994,-0.09
2623,171,144.5,158.476199458,4.44,1.48367952522,-0.207182320442,18.7238820361,0.08
2624,176.2,145.7,138.648217105,4.38,4.56973293769,0.621546961326,3.86956923748,0.02
2625,169.4,144.9,125.070398149,4.39,0.53412462908,0.0690607734807,-6.30237696994,0.03
2626,198.1,144,144.551595951,4.55,17.5667655786,-0.552486187845,8.29213903749,0.19
2627,165.4,141,144.551595951,4.35,-1.83976261128,-2.62430939227,8.29213903749,-0.01
2628,169.3,144.4,136.684714833,4.41,0.474777448071,-0.276243093923,2.39859370297,0.05
2629,167.3,144.2,144.551595951,4.35,-0.712166172107,-0.414364640884,8.29213903749,-0.01
2630,165.5,145.7,135.295494737,4.47,-1.78041543027,0.621546961326,1.35784686952,0.11
2631,170.1,144.7,158.476199458,4.27,0.949554896142,-0.0690607734807,18.7238820361,-0.09
2632,167.1,143.3,128.393411802,4.34,-0.830860534125,-1.03591160221,-3.81291115555,-0.02
2633,170.3,144.3,138.648217105,4.32,1.06824925816,-0.345303867403,3.86956923748,-0.04
2634,174.4,144.2,135.295494737,4.3,3.50148367953,-0.414364640884,1.35784686952,-0.06
2635,161.3,143.5,144.551595951,4.39,-4.27299703264,-0.897790055249,8.29213903749,0.03
2636,169.9,144,158.476199458,4.3,0.830860534125,-0.552486187845,18.7238820361,-0.06
2637,171.8,144.8,138.648217105,4.41,1.95845697329,0,3.86956923748,0.05
2638,170.8,144.6,124.919575439,4.44,1.3649851632,-0.138121546961,-6.4153671714,0.08
2639,170.1,141,122.121664327,4.32,0.949554896142,-2.62430939227,-8.51144765439,-0.04
2640,172.4,144.5,158.476199458,4.32,2.31454005935,-0.207182320442,18.7238820361,-0.04
2641,163.3,143.6,137.824842105,4.6,-3.08605341246,-0.828729281768,3.25273038909,0.24
2642,174.3,145.2,124.919575439,4.55,3.44213649852,0.276243093923,-6.4153671714,0.19
2643,162.6,143.9,138.648217105,4.45,-3.50148367953,-0.621546961326,3.86956923748,0.09
2644,167.8,141.4,158.476199458,4.3,-0.415430267062,-2.34806629834,18.7238820361,-0.06
2645,174.4,144,128.393411802,4.53,3.50148367953,-0.552486187845,-3.81291115555,0.17
2646,162.6,144.8,136.684714833,4.23,-3.50148367953,0,2.39859370297,-0.13
2647,170.3,143.8,144.551595951,4.41,1.06824925816,-0.690607734807,8.29213903749,0.05
2648,177.5,147.9,137.824842105,4.45,5.3412462908,2.1408839779,3.25273038909,0.09
2649,170.2,144.2,158.476199458,4.21,1.00890207715,-0.414364640884,18.7238820361,-0.15
2650,166.9,144.9,135.295494737,4.3,-0.949554896142,0.0690607734807,1.35784686952,-0.06
2651,167.8,143.7,144.551595951,4.32,-0.415430267062,-0.759668508287,8.29213903749,-0.04
2652,168.4,144.6,135.295494737,4.35,-0.0593471810089,-0.138121546961,1.35784686952,-0.01
2653,185.7,143.7,158.476199458,4.31,10.2077151335,-0.759668508287,18.7238820361,-0.05
2654,170.1,145.5,136.684714833,4.32,0.949554896142,0.483425414365,2.39859370297,-0.04
2655,198.1,148,144.551595951,4.32,17.5667655786,2.20994475138,8.29213903749,-0.04
2656,167.3,144.9,136.684714833,4.38,-0.712166172107,0.0690607734807,2.39859370297,0.02
2657,166.4,145.5,136.684714833,4.3,-1.24629080119,0.483425414365,2.39859370297,-0.06
2658,158.9,141,137.824842105,4.6,-5.69732937685,-2.62430939227,3.25273038909,0.24
2659,199.9,144.3,144.551595951,4.53,18.6350148368,-0.345303867403,8.29213903749,0.17
2660,161.6,143.8,144.551595951,4.6,-4.09495548961,-0.690607734807,8.29213903749,0.24
2661,173.3,144.5,158.476199458,4.44,2.84866468843,-0.207182320442,18.7238820361,0.08
2662,171.8,143.4,136.684714833,4.41,1.95845697329,-0.966850828729,2.39859370297,0.05
2663,176,144,125.070398149,4.29,4.45103857567,-0.552486187845,-6.30237696994,-0.07
2664,199.6,143.3,144.551595951,4.21,18.4569732938,-1.03591160221,8.29213903749,-0.15
2665,167.5,144.5,158.476199458,4.35,-0.593471810089,-0.207182320442,18.7238820361,-0.01
2666,162.2,141.4,135.295494737,4.46,-3.73887240356,-2.34806629834,1.35784686952,0.1
2667,166.9,143.5,144.551595951,4.3,-0.949554896142,-0.897790055249,8.29213903749,-0.06
2668,176.2,143.8,122.121664327,4.46,4.56973293769,-0.690607734807,-8.51144765439,0.1
2669,168.3,144.3,125.070398149,4.3,-0.118694362018,-0.345303867403,-6.30237696994,-0.06
2670,168.4,144.9,125.070398149,4.41,-0.0593471810089,0.0690607734807,-6.30237696994,0.05
2671,169.2,145.2,128.393411802,4.6,0.415430267062,0.276243093923,-3.81291115555,0.24
2672,161.3,146.3,135.295494737,4.6,-4.27299703264,1.03591160221,1.35784686952,0.24
2673,199.9,144.4,135.295494737,4.35,18.6350148368,-0.276243093923,1.35784686952,-0.01
2674,167.4,143.9,136.684714833,4.41,-0.652818991098,-0.621546961326,2.39859370297,0.05
2675,172.4,144.2,135.295494737,4.32,2.31454005935,-0.414364640884,1.35784686952,-0.04
2676,170.8,143.3,137.824842105,4.44,1.3649851632,-1.03591160221,3.25273038909,0.08
2677,169.9,144.4,144.551595951,4.3,0.830860534125,-0.276243093923,8.29213903749,-0.06
2678,164.3,141.6,128.393411802,4.44,-2.49258160237,-2.20994475138,-3.81291115555,0.08
2679,167.1,144.4,158.476199458,4.3,-0.830860534125,-0.276243093923,18.7238820361,-0.06
2680,172.4,147.3,125.070398149,4.42,2.31454005935,1.72651933702,-6.30237696994,0.06
2681,169.4,144.3,128.393411802,4.23,0.53412462908,-0.345303867403,-3.81291115555,-0.13
2682,169.2,147.3,128.393411802,4.45,0.415430267062,1.72651933702,-3.81291115555,0.09
2683,159.8,143.5,135.295494737,4.31,-5.16320474777,-0.897790055249,1.35784686952,-0.05
2684,164.6,144.5,124.919575439,4.23,-2.31454005935,-0.207182320442,-6.4153671714,-0.13
2685,167.5,144.2,137.824842105,4.46,-0.593471810089,-0.414364640884,3.25273038909,0.1
2686,168.4,143.6,158.476199458,4.39,-0.0593471810089,-0.828729281768,18.7238820361,0.03
2687,190.9,146.1,144.551595951,4.29,13.293768546,0.897790055249,8.29213903749,-0.07
2688,174.5,143.8,124.919575439,4.24,3.56083086053,-0.690607734807,-6.4153671714,-0.12
2689,162.6,145.1,124.919575439,4.23,-3.50148367953,0.207182320442,-6.4153671714,-0.13
2690,165.4,143.7,128.393411802,4.27,-1.83976261128,-0.759668508287,-3.81291115555,-0.09
2691,199.6,147.9,128.393411802,4.53,18.4569732938,2.1408839779,-3.81291115555,0.17
2692,163.3,143.9,158.476199458,4.35,-3.08605341246,-0.621546961326,18.7238820361,-0.01
2693,169.3,142.8,125.070398149,4.36,0.474777448071,-1.38121546961,-6.30237696994,0
2694,171,144.5,124.919575439,4.41,1.48367952522,-0.207182320442,-6.4153671714,0.05
2695,169.8,147.9,138.648217105,4.44,0.771513353116,2.1408839779,3.86956923748,0.08
2696,162.9,144.9,137.824842105,4.46,-3.3234421365,0.0690607734807,3.25273038909,0.1
2697,164.3,144.9,128.393411802,4.6,-2.49258160237,0.0690607734807,-3.81291115555,0.24
2698,172.4,146.9,125.070398149,4.35,2.31454005935,1.45027624309,-6.30237696994,-0.01
2699,165,143.5,122.121664327,4.44,-2.07715133531,-0.897790055249,-8.51144765439,0.08
2700,173.2,145.2,124.919575439,4.41,2.78931750742,0.276243093923,-6.4153671714,0.05
2701,173,147.3,158.476199458,4.41,2.6706231454,1.72651933702,18.7238820361,0.05
2702,167.4,141.6,158.476199458,4.35,-0.652818991098,-2.20994475138,18.7238820361,-0.01
2703,158.9,145.2,158.476199458,4.47,-5.69732937685,0.276243093923,18.7238820361,0.11
2704,166.9,143.5,137.824842105,4.41,-0.949554896142,-0.897790055249,3.25273038909,0.05
2705,190.9,145.2,124.919575439,4.35,13.293768546,0.276243093923,-6.4153671714,-0.01
2706,185.7,143.5,136.684714833,4.46,10.2077151335,-0.897790055249,2.39859370297,0.1
2707,163.3,143.5,128.393411802,4.32,-3.08605341246,-0.897790055249,-3.81291115555,-0.04
2708,173.2,144.5,138.648217105,4.36,2.78931750742,-0.207182320442,3.86956923748,0
2709,159.8,145.2,124.919575439,4.47,-5.16320474777,0.276243093923,-6.4153671714,0.11
2710,164.6,144.8,128.393411802,4.35,-2.31454005935,0,-3.81291115555,-0.01
2711,164.3,144.4,138.648217105,4.41,-2.49258160237,-0.276243093923,3.86956923748,0.05
2712,175.7,143.2,144.551595951,4.53,4.27299703264,-1.10497237569,8.29213903749,0.17
2713,164.5,144.1,136.684714833,4.29,-2.37388724036,-0.483425414365,2.39859370297,-0.07
2714,167.8,145.1,144.551595951,4.29,-0.415430267062,0.207182320442,8.29213903749,-0.07
2715,166.9,141,125.070398149,4.31,-0.949554896142,-2.62430939227,-6.30237696994,-0.05
2716,162.6,143.5,158.476199458,4.23,-3.50148367953,-0.897790055249,18.7238820361,-0.13
2717,174.1,144.8,158.476199458,4.47,3.3234421365,0,18.7238820361,0.11
2718,170.2,143.4,138.648217105,4.27,1.00890207715,-0.966850828729,3.86956923748,-0.09
2719,174.3,144.2,137.824842105,4.47,3.44213649852,-0.414364640884,3.25273038909,0.11
2720,161.6,144,158.476199458,4.6,-4.09495548961,-0.552486187845,18.7238820361,0.24
2721,170.3,148,122.121664327,4.29,1.06824925816,2.20994475138,-8.51144765439,-0.07
2722,169.4,143.3,124.919575439,4.3,0.53412462908,-1.03591160221,-6.4153671714,-0.06
2723,173.3,144.3,158.476199458,4.6,2.84866468843,-0.345303867403,18.7238820361,0.24
2724,168.4,144.5,137.824842105,4.24,-0.0593471810089,-0.207182320442,3.25273038909,-0.12
2725,168.2,143.3,137.824842105,4.41,-0.178041543027,-1.03591160221,3.25273038909,0.05
2726,173.2,147.3,138.648217105,4.42,2.78931750742,1.72651933702,3.86956923748,0.06
2727,168.7,144.8,125.070398149,4.24,0.118694362018,0,-6.30237696994,-0.12
2728,169.4,144.9,128.393411802,4.21,0.53412462908,0.0690607734807,-3.81291115555,-0.15
2729,162.9,144,144.551595951,4.53,-3.3234421365,-0.552486187845,8.29213903749,0.17
2730,174.6,144.9,135.295494737,4.39,3.62017804154,0.0690607734807,1.35784686952,0.03
2731,171.8,141,158.476199458,4.42,1.95845697329,-2.62430939227,18.7238820361,0.06
2732,174.1,143.7,122.121664327,4.55,3.3234421365,-0.759668508287,-8.51144765439,0.19
2733,169.3,143.8,138.648217105,4.27,0.474777448071,-0.690607734807,3.86956923748,-0.09
2734,165.7,143.4,136.684714833,4.6,-1.66172106825,-0.966850828729,2.39859370297,0.24
2735,169.4,144.9,128.393411802,4.3,0.53412462908,0.0690607734807,-3.81291115555,-0.06
2736,167.9,144.8,135.295494737,4.41,-0.356083086053,0,1.35784686952,0.05
2737,168.6,144.2,158.476199458,4.44,0.0593471810089,-0.414364640884,18.7238820361,0.08
2738,173.3,143.2,136.684714833,4.24,2.84866468843,-1.10497237569,2.39859370297,-0.12
2739,165.4,144.6,138.648217105,4.31,-1.83976261128,-0.138121546961,3.86956923748,-0.05
2740,176,143.8,136.684714833,4.27,4.45103857567,-0.690607734807,2.39859370297,-0.09
2741,170.2,143.7,137.824842105,4.6,1.00890207715,-0.759668508287,3.25273038909,0.24
2742,171,144.5,138.648217105,4.6,1.48367952522,-0.207182320442,3.86956923748,0.24
2743,169.4,144.6,137.824842105,4.55,0.53412462908,-0.138121546961,3.25273038909,0.19
2744,173.3,143.6,125.070398149,4.32,2.84866468843,-0.828729281768,-6.30237696994,-0.04
2745,166.1,143.4,136.684714833,4.42,-1.42433234421,-0.966850828729,2.39859370297,0.06
2746,167.9,143.5,128.393411802,4.32,-0.356083086053,-0.897790055249,-3.81291115555,-0.04
2747,173.3,144.2,137.824842105,4.42,2.84866468843,-0.414364640884,3.25273038909,0.06
2748,192.4,143.5,128.393411802,4.41,14.1839762611,-0.897790055249,-3.81291115555,0.05
2749,172.4,145.1,128.393411802,4.24,2.31454005935,0.207182320442,-3.81291115555,-0.12
2750,167.8,143.3,124.919575439,4.29,-0.415430267062,-1.03591160221,-6.4153671714,-0.07
2751,174.6,146.3,135.295494737,4.21,3.62017804154,1.03591160221,1.35784686952,-0.15
2752,166.9,143.6,138.648217105,4.32,-0.949554896142,-0.828729281768,3.86956923748,-0.04
2753,169.2,144.9,144.551595951,4.27,0.415430267062,0.0690607734807,8.29213903749,-0.09
2754,198.1,142.6,158.476199458,4.29,17.5667655786,-1.51933701657,18.7238820361,-0.07
2755,190.9,148.6,158.476199458,4.32,13.293768546,2.62430939227,18.7238820361,-0.04
2756,162.2,148.6,125.070398149,4.44,-3.73887240356,2.62430939227,-6.30237696994,0.08
2757,168.6,141.6,158.476199458,4.38,0.0593471810089,-2.20994475138,18.7238820361,0.02
2758,176.2,143.3,144.551595951,4.36,4.56973293769,-1.03591160221,8.29213903749,0
2759,164.5,143.4,136.684714833,4.39,-2.37388724036,-0.966850828729,2.39859370297,0.03
2760,167.8,144.4,138.648217105,4.46,-0.415430267062,-0.276243093923,3.86956923748,0.1
2761,173.2,143.9,125.070398149,4.21,2.78931750742,-0.621546961326,-6.30237696994,-0.15
2762,173,143.5,137.824842105,4.47,2.6706231454,-0.897790055249,3.25273038909,0.11
2763,168.6,144.9,158.476199458,4.35,0.0593471810089,0.0690607734807,18.7238820361,-0.01
2764,167.4,144.5,144.551595951,4.41,-0.652818991098,-0.207182320442,8.29213903749,0.05
2765,168.7,148.6,125.070398149,4.6,0.118694362018,2.62430939227,-6.30237696994,0.24
2766,163.7,143.6,136.684714833,4.29,-2.84866468843,-0.828729281768,2.39859370297,-0.07
2767,164.5,143.9,158.476199458,4.21,-2.37388724036,-0.621546961326,18.7238820361,-0.15
2768,170.2,145.7,128.393411802,4.36,1.00890207715,0.621546961326,-3.81291115555,0
2769,161.6,140.4,128.393411802,4.3,-4.09495548961,-3.03867403315,-3.81291115555,-0.06
2770,169.2,144.3,137.824842105,4.27,0.415430267062,-0.345303867403,3.25273038909,-0.09
2771,170.2,144.2,144.551595951,4.21,1.00890207715,-0.414364640884,8.29213903749,-0.15
2772,165.5,147.3,138.648217105,4.41,-1.78041543027,1.72651933702,3.86956923748,0.05
2773,167.4,143.6,158.476199458,4.21,-0.652818991098,-0.828729281768,18.7238820361,-0.15
2774,165,143.9,128.393411802,4.6,-2.07715133531,-0.621546961326,-3.81291115555,0.24
2775,164.8,141.4,144.551595951,4.36,-2.19584569733,-2.34806629834,8.29213903749,0
2776,165.4,145.2,138.648217105,4.47,-1.83976261128,0.276243093923,3.86956923748,0.11
2777,167.4,144.1,137.824842105,4.44,-0.652818991098,-0.483425414365,3.25273038909,0.08
2778,170.1,146.1,136.684714833,4.35,0.949554896142,0.897790055249,2.39859370297,-0.01
2779,167.6,143.4,124.919575439,4.44,-0.53412462908,-0.966850828729,-6.4153671714,0.08
2780,171,144.3,124.919575439,4.31,1.48367952522,-0.345303867403,-6.4153671714,-0.05
2781,198.1,144.9,125.070398149,4.53,17.5667655786,0.0690607734807,-6.30237696994,0.17
2782,170.3,144.8,124.919575439,4.45,1.06824925816,0,-6.4153671714,0.09
2783,166.2,144.4,138.648217105,4.21,-1.3649851632,-0.276243093923,3.86956923748,-0.15
2784,163.7,144.6,125.070398149,4.34,-2.84866468843,-0.138121546961,-6.30237696994,-0.02
2785,170.3,144.8,128.393411802,4.42,1.06824925816,0,-3.81291115555,0.06
2786,169.4,144.4,122.121664327,4.35,0.53412462908,-0.276243093923,-8.51144765439,-0.01
2787,166.9,144.5,138.648217105,4.32,-0.949554896142,-0.207182320442,3.86956923748,-0.04
2788,162.9,143.9,135.295494737,4.27,-3.3234421365,-0.621546961326,1.35784686952,-0.09
2789,174.5,144.1,128.393411802,4.44,3.56083086053,-0.483425414365,-3.81291115555,0.08
2790,170.2,144.3,137.824842105,4.23,1.00890207715,-0.345303867403,3.25273038909,-0.13
2791,176,140.4,138.648217105,4.44,4.45103857567,-3.03867403315,3.86956923748,0.08
2792,168.4,144.9,137.824842105,4.29,-0.0593471810089,0.0690607734807,3.25273038909,-0.07
2793,160.6,145.2,128.393411802,4.38,-4.6884272997,0.276243093923,-3.81291115555,0.02
2794,192.4,143.2,158.476199458,4.34,14.1839762611,-1.10497237569,18.7238820361,-0.02
2795,164.3,145.1,125.070398149,4.29,-2.49258160237,0.207182320442,-6.30237696994,-0.07
2796,171.2,144.8,128.393411802,4.47,1.60237388724,0,-3.81291115555,0.11
2797,199.6,146.1,136.684714833,4.24,18.4569732938,0.897790055249,2.39859370297,-0.12
2798,168.7,141,135.295494737,4.32,0.118694362018,-2.62430939227,1.35784686952,-0.04
2799,163.7,143.4,144.551595951,4.27,-2.84866468843,-0.966850828729,8.29213903749,-0.09
2800,174.5,144.5,124.919575439,4.23,3.56083086053,-0.207182320442,-6.4153671714,-0.13
2801,146.7,143.8,128.393411802,4.42,-12.9376854599,-0.690607734807,-3.81291115555,0.06
2802,174.1,143.2,124.919575439,4.27,3.3234421365,-1.10497237569,-6.4153671714,-0.09
2803,165.4,143.5,136.684714833,4.47,-1.83976261128,-0.897790055249,2.39859370297,0.11
2804,198.1,144.8,136.684714833,4.46,17.5667655786,0,2.39859370297,0.1
2805,169.4,144.5,124.919575439,4.47,0.53412462908,-0.207182320442,-6.4153671714,0.11
2806,164.3,142.6,128.393411802,4.29,-2.49258160237,-1.51933701657,-3.81291115555,-0.07
2807,174.1,145.2,137.824842105,4.27,3.3234421365,0.276243093923,3.25273038909,-0.09
2808,170.2,144.8,122.121664327,4.29,1.00890207715,0,-8.51144765439,-0.07
2809,170.2,145.5,158.476199458,4.3,1.00890207715,0.483425414365,18.7238820361,-0.06
2810,169.2,144.6,138.648217105,4.42,0.415430267062,-0.138121546961,3.86956923748,0.06
2811,168.7,144.2,128.393411802,4.39,0.118694362018,-0.414364640884,-3.81291115555,0.03
2812,153.9,145.2,128.393411802,4.36,-8.6646884273,0.276243093923,-3.81291115555,0
2813,167.6,144.4,144.551595951,4.3,-0.53412462908,-0.276243093923,8.29213903749,-0.06
2814,166.2,143.4,122.121664327,4.27,-1.3649851632,-0.966850828729,-8.51144765439,-0.09
2815,163.7,143.8,158.476199458,4.35,-2.84866468843,-0.690607734807,18.7238820361,-0.01
2816,168.7,143.9,138.648217105,4.6,0.118694362018,-0.621546961326,3.86956923748,0.24
2817,171,144.8,124.919575439,4.24,1.48367952522,0,-6.4153671714,-0.12
2818,162.6,144.6,125.070398149,4.27,-3.50148367953,-0.138121546961,-6.30237696994,-0.09
2819,161.6,143.5,158.476199458,4.32,-4.09495548961,-0.897790055249,18.7238820361,-0.04
2820,169.8,143.2,136.684714833,4.36,0.771513353116,-1.10497237569,2.39859370297,0
2821,169.2,143.4,158.476199458,4.47,0.415430267062,-0.966850828729,18.7238820361,0.11
2822,166.1,144,128.393411802,4.46,-1.42433234421,-0.552486187845,-3.81291115555,0.1
2823,168.2,145.2,144.551595951,4.45,-0.178041543027,0.276243093923,8.29213903749,0.09
2824,171.8,141,144.551595951,4.27,1.95845697329,-2.62430939227,8.29213903749,-0.09
2825,173,148,124.919575439,4.32,2.6706231454,2.20994475138,-6.4153671714,-0.04
2826,168.2,143.9,144.551595951,4.32,-0.178041543027,-0.621546961326,8.29213903749,-0.04
2827,169.2,143.8,144.551595951,4.3,0.415430267062,-0.690607734807,8.29213903749,-0.06
2828,159.8,145.5,135.295494737,4.6,-5.16320474777,0.483425414365,1.35784686952,0.24
2829,162.9,144.8,135.295494737,4.32,-3.3234421365,0,1.35784686952,-0.04
2830,199.9,144.5,137.824842105,4.32,18.6350148368,-0.207182320442,3.25273038909,-0.04
2831,199.9,144.9,138.648217105,4.24,18.6350148368,0.0690607734807,3.86956923748,-0.12
2832,174.1,147.9,144.551595951,4.47,3.3234421365,2.1408839779,8.29213903749,0.11
2833,166.4,148.6,124.919575439,4.6,-1.24629080119,2.62430939227,-6.4153671714,0.24
2834,176.6,146.9,135.295494737,4.24,4.80712166172,1.45027624309,1.35784686952,-0.12
2835,199.9,144,128.393411802,4.42,18.6350148368,-0.552486187845,-3.81291115555,0.06
2836,165.4,143.4,125.070398149,4.27,-1.83976261128,-0.966850828729,-6.30237696994,-0.09
2837,190.9,143.6,135.295494737,4.42,13.293768546,-0.828729281768,1.35784686952,0.06
2838,171.2,146.1,144.551595951,4.31,1.60237388724,0.897790055249,8.29213903749,-0.05
2839,153.9,143.3,136.684714833,4.36,-8.6646884273,-1.03591160221,2.39859370297,0
2840,174.3,143.5,128.393411802,4.23,3.44213649852,-0.897790055249,-3.81291115555,-0.13
2841,167.3,147.3,125.070398149,4.29,-0.712166172107,1.72651933702,-6.30237696994,-0.07
2842,164.8,144.5,137.824842105,4.35,-2.19584569733,-0.207182320442,3.25273038909,-0.01
2843,168.7,144.8,125.070398149,4.29,0.118694362018,0,-6.30237696994,-0.07
2844,167.3,144.4,124.919575439,4.36,-0.712166172107,-0.276243093923,-6.4153671714,0
2845,174.6,144.6,138.648217105,4.6,3.62017804154,-0.138121546961,3.86956923748,0.24
2846,169.2,144.2,124.919575439,4.32,0.415430267062,-0.414364640884,-6.4153671714,-0.04
2847,175.7,142.8,138.648217105,4.47,4.27299703264,-1.38121546961,3.86956923748,0.11
2848,169.4,144,125.070398149,4.29,0.53412462908,-0.552486187845,-6.30237696994,-0.07
2849,169.9,146.3,158.476199458,4.6,0.830860534125,1.03591160221,18.7238820361,0.24
2850,167.5,146.9,137.824842105,4.29,-0.593471810089,1.45027624309,3.25273038909,-0.07
2851,170.3,143.3,128.393411802,4.23,1.06824925816,-1.03591160221,-3.81291115555,-0.13
2852,174.6,144.8,144.551595951,4.3,3.62017804154,0,8.29213903749,-0.06
2853,169.2,144.5,138.648217105,4.38,0.415430267062,-0.207182320442,3.86956923748,0.02
2854,163.3,144.2,125.070398149,4.3,-3.08605341246,-0.414364640884,-6.30237696994,-0.06
2855,168.4,144.5,136.684714833,4.31,-0.0593471810089,-0.207182320442,2.39859370297,-0.05
2856,167.9,144,128.393411802,4.29,-0.356083086053,-0.552486187845,-3.81291115555,-0.07
2857,169.4,142.6,128.393411802,4.31,0.53412462908,-1.51933701657,-3.81291115555,-0.05
2858,176,143.4,136.684714833,4.3,4.45103857567,-0.966850828729,2.39859370297,-0.06
2859,166.9,144.8,136.684714833,4.41,-0.949554896142,0,2.39859370297,0.05
2860,167.3,147.9,125.070398149,4.47,-0.712166172107,2.1408839779,-6.30237696994,0.11
2861,168.6,144.6,136.684714833,4.29,0.0593471810089,-0.138121546961,2.39859370297,-0.07
2862,167.4,147.3,144.551595951,4.3,-0.652818991098,1.72651933702,8.29213903749,-0.06
2863,162.6,144.7,124.919575439,4.46,-3.50148367953,-0.0690607734807,-6.4153671714,0.1
2864,165.4,143.9,158.476199458,4.6,-1.83976261128,-0.621546961326,18.7238820361,0.24
2865,177.5,143.2,137.824842105,4.6,5.3412462908,-1.10497237569,3.25273038909,0.24
2866,199.9,145.7,125.070398149,4.35,18.6350148368,0.621546961326,-6.30237696994,-0.01
2867,170.1,144.2,137.824842105,4.41,0.949554896142,-0.414364640884,3.25273038909,0.05
2868,161.7,144.5,144.551595951,4.44,-4.03560830861,-0.207182320442,8.29213903749,0.08
2869,176.2,143.3,124.919575439,4.34,4.56973293769,-1.03591160221,-6.4153671714,-0.02
2870,168.6,147.3,124.919575439,4.35,0.0593471810089,1.72651933702,-6.4153671714,-0.01
2871,173.2,145.7,144.551595951,4.21,2.78931750742,0.621546961326,8.29213903749,-0.15
2872,167.6,146.1,137.824842105,4.45,-0.53412462908,0.897790055249,3.25273038909,0.09
2873,198.1,148,135.295494737,4.21,17.5667655786,2.20994475138,1.35784686952,-0.15
2874,171,143.5,128.393411802,4.55,1.48367952522,-0.897790055249,-3.81291115555,0.19
2875,164.5,144.2,135.295494737,4.41,-2.37388724036,-0.414364640884,1.35784686952,0.05
2876,165.5,143.4,122.121664327,4.39,-1.78041543027,-0.966850828729,-8.51144765439,0.03
2877,168.2,144.8,124.919575439,4.29,-0.178041543027,0,-6.4153671714,-0.07
2878,169.4,143.2,125.070398149,4.34,0.53412462908,-1.10497237569,-6.30237696994,-0.02
2879,170.2,146.9,124.919575439,4.41,1.00890207715,1.45027624309,-6.4153671714,0.05
2880,167.8,147.1,135.295494737,4.47,-0.415430267062,1.58839779006,1.35784686952,0.11
2881,170.6,145.2,135.295494737,4.46,1.24629080119,0.276243093923,1.35784686952,0.1
2882,156.1,144.2,158.476199458,4.38,-7.3590504451,-0.414364640884,18.7238820361,0.02
2883,165,143.8,135.295494737,4.27,-2.07715133531,-0.690607734807,1.35784686952,-0.09
2884,170.2,146.9,158.476199458,4.6,1.00890207715,1.45027624309,18.7238820361,0.24
2885,160.6,145.2,138.648217105,4.42,-4.6884272997,0.276243093923,3.86956923748,0.06
2886,156.1,143.6,136.684714833,4.45,-7.3590504451,-0.828729281768,2.39859370297,0.09
2887,168.2,143.7,128.393411802,4.31,-0.178041543027,-0.759668508287,-3.81291115555,-0.05
2888,177.5,144,158.476199458,4.32,5.3412462908,-0.552486187845,18.7238820361,-0.04
2889,164.5,141.6,125.070398149,4.23,-2.37388724036,-2.20994475138,-6.30237696994,-0.13
2890,169.2,143.9,136.684714833,4.23,0.415430267062,-0.621546961326,2.39859370297,-0.13
2891,169.4,145.1,138.648217105,4.44,0.53412462908,0.207182320442,3.86956923748,0.08
2892,169.2,145.2,138.648217105,4.46,0.415430267062,0.276243093923,3.86956923748,0.1
2893,199.9,141.4,125.070398149,4.55,18.6350148368,-2.34806629834,-6.30237696994,0.19
2894,168.6,144.2,122.121664327,4.29,0.0593471810089,-0.414364640884,-8.51144765439,-0.07
2895,174.5,144.4,158.476199458,4.42,3.56083086053,-0.276243093923,18.7238820361,0.06
2896,166.9,144.8,138.648217105,4.31,-0.949554896142,0,3.86956923748,-0.05
2897,174.5,143.7,122.121664327,4.46,3.56083086053,-0.759668508287,-8.51144765439,0.1
2898,163.3,144.5,135.295494737,4.39,-3.08605341246,-0.207182320442,1.35784686952,0.03
2899,170.2,144.4,128.393411802,4.3,1.00890207715,-0.276243093923,-3.81291115555,-0.06
2900,185.7,145.2,137.824842105,4.32,10.2077151335,0.276243093923,3.25273038909,-0.04
2901,171,142.6,136.684714833,4.46,1.48367952522,-1.51933701657,2.39859370297,0.1
2902,199.6,144.8,135.295494737,4.55,18.4569732938,0,1.35784686952,0.19
2903,190.9,141,144.551595951,4.32,13.293768546,-2.62430939227,8.29213903749,-0.04
2904,168.2,146.3,135.295494737,4.23,-0.178041543027,1.03591160221,1.35784686952,-0.13
2905,165.5,144.8,124.919575439,4.47,-1.78041543027,0,-6.4153671714,0.11
2906,156.1,144.5,144.551595951,4.3,-7.3590504451,-0.207182320442,8.29213903749,-0.06
2907,156.1,145.5,158.476199458,4.41,-7.3590504451,0.483425414365,18.7238820361,0.05
2908,153.9,144.6,124.919575439,4.3,-8.6646884273,-0.138121546961,-6.4153671714,-0.06
2909,174.5,143.5,122.121664327,4.3,3.56083086053,-0.897790055249,-8.51144765439,-0.06
2910,161.6,145.1,137.824842105,4.44,-4.09495548961,0.207182320442,3.25273038909,0.08
2911,174.6,147.9,137.824842105,4.23,3.62017804154,2.1408839779,3.25273038909,-0.13
2912,164.8,140.4,125.070398149,4.41,-2.19584569733,-3.03867403315,-6.30237696994,0.05
2913,199.9,143.8,128.393411802,4.3,18.6350148368,-0.690607734807,-3.81291115555,-0.06
2914,174.5,143.5,128.393411802,4.47,3.56083086053,-0.897790055249,-3.81291115555,0.11
2915,169.2,143.8,124.919575439,4.3,0.415430267062,-0.690607734807,-6.4153671714,-0.06
2916,167.4,143.7,128.393411802,4.3,-0.652818991098,-0.759668508287,-3.81291115555,-0.06
2917,169.4,145.8,135.295494737,4.53,0.53412462908,0.690607734807,1.35784686952,0.17
2918,166.9,144.5,138.648217105,4.45,-0.949554896142,-0.207182320442,3.86956923748,0.09
2919,166.4,144.2,144.551595951,4.3,-1.24629080119,-0.414364640884,8.29213903749,-0.06
2920,168.6,144.8,144.551595951,4.46,0.0593471810089,0,8.29213903749,0.1
2921,176.2,144.6,122.121664327,4.45,4.56973293769,-0.138121546961,-8.51144765439,0.09
2922,164.8,144.8,136.684714833,4.41,-2.19584569733,0,2.39859370297,0.05
2923,166.4,144.9,135.295494737,4.41,-1.24629080119,0.0690607734807,1.35784686952,0.05
2924,169.3,143.5,135.295494737,4.46,0.474777448071,-0.897790055249,1.35784686952,0.1
2925,168.2,143.9,158.476199458,4.42,-0.178041543027,-0.621546961326,18.7238820361,0.06
2926,173.3,143.9,128.393411802,4.35,2.84866468843,-0.621546961326,-3.81291115555,-0.01
2927,166.2,143.9,122.121664327,4.6,-1.3649851632,-0.621546961326,-8.51144765439,0.24
2928,173,145.7,144.551595951,4.24,2.6706231454,0.621546961326,8.29213903749,-0.12
2929,167.9,144.2,125.070398149,4.32,-0.356083086053,-0.414364640884,-6.30237696994,-0.04
2930,164.6,142.8,128.393411802,4.29,-2.31454005935,-1.38121546961,-3.81291115555,-0.07
2931,168.2,143.5,128.393411802,4.41,-0.178041543027,-0.897790055249,-3.81291115555,0.05
2932,174.6,144.6,128.393411802,4.29,3.62017804154,-0.138121546961,-3.81291115555,-0.07
2933,167.8,143.5,144.551595951,4.36,-0.415430267062,-0.897790055249,8.29213903749,0
2934,167.4,145.2,135.295494737,4.44,-0.652818991098,0.276243093923,1.35784686952,0.08
2935,167.8,143.5,135.295494737,4.46,-0.415430267062,-0.897790055249,1.35784686952,0.1
2936,161.3,145.2,138.648217105,4.44,-4.27299703264,0.276243093923,3.86956923748,0.08
2937,170.3,145.1,122.121664327,4.3,1.06824925816,0.207182320442,-8.51144765439,-0.06
2938,174.4,144.6,122.121664327,4.35,3.50148367953,-0.138121546961,-8.51144765439,-0.01
2939,176,144.8,122.121664327,4.3,4.45103857567,0,-8.51144765439,-0.06
2940,167.8,143.5,125.070398149,4.24,-0.415430267062,-0.897790055249,-6.30237696994,-0.12
2941,168.2,144.5,128.393411802,4.32,-0.178041543027,-0.207182320442,-3.81291115555,-0.04
2942,174.1,144.2,138.648217105,4.31,3.3234421365,-0.414364640884,3.86956923748,-0.05
2943,169.4,145.2,137.824842105,4.32,0.53412462908,0.276243093923,3.25273038909,-0.04
2944,164.8,147.5,122.121664327,4.55,-2.19584569733,1.86464088398,-8.51144765439,0.19
2945,192.4,143.4,138.648217105,4.39,14.1839762611,-0.966850828729,3.86956923748,0.03
2946,162.9,144,125.070398149,4.55,-3.3234421365,-0.552486187845,-6.30237696994,0.19
2947,168.2,144.4,125.070398149,4.42,-0.178041543027,-0.276243093923,-6.30237696994,0.06
2948,163.7,143.3,136.684714833,4.6,-2.84866468843,-1.03591160221,2.39859370297,0.24
2949,169.8,141,144.551595951,4.35,0.771513353116,-2.62430939227,8.29213903749,-0.01
2950,168.4,143.2,124.919575439,4.6,-0.0593471810089,-1.10497237569,-6.4153671714,0.24
2951,162.9,141.4,137.824842105,4.23,-3.3234421365,-2.34806629834,3.25273038909,-0.13
2952,169.4,144.6,125.070398149,4.21,0.53412462908,-0.138121546961,-6.30237696994,-0.15
2953,168.6,144.5,125.070398149,4.27,0.0593471810089,-0.207182320442,-6.30237696994,-0.09
2954,167.5,143.5,125.070398149,4.45,-0.593471810089,-0.897790055249,-6.30237696994,0.09
2955,168.2,144.9,125.070398149,4.21,-0.178041543027,0.0690607734807,-6.30237696994,-0.15
2956,146.7,145.5,122.121664327,4.32,-12.9376854599,0.483425414365,-8.51144765439,-0.04
2957,163.7,143.9,136.684714833,4.46,-2.84866468843,-0.621546961326,2.39859370297,0.1
2958,190.9,146.1,136.684714833,4.6,13.293768546,0.897790055249,2.39859370297,0.24
2959,164.3,144.4,144.551595951,4.24,-2.49258160237,-0.276243093923,8.29213903749,-0.12
2960,168.2,144.2,158.476199458,4.39,-0.178041543027,-0.414364640884,18.7238820361,0.03
2961,190.9,144.8,144.551595951,4.23,13.293768546,0,8.29213903749,-0.13
2962,158.9,143.4,138.648217105,4.21,-5.69732937685,-0.966850828729,3.86956923748,-0.15
2963,167.3,144.4,138.648217105,4.53,-0.712166172107,-0.276243093923,3.86956923748,0.17
2964,159.8,144.5,135.295494737,4.45,-5.16320474777,-0.207182320442,1.35784686952,0.09
2965,174.1,144.6,144.551595951,4.27,3.3234421365,-0.138121546961,8.29213903749,-0.09
2966,169.9,143.9,158.476199458,4.24,0.830860534125,-0.621546961326,18.7238820361,-0.12
2967,167.9,144.6,158.476199458,4.27,-0.356083086053,-0.138121546961,18.7238820361,-0.09
2968,166.1,147.1,158.476199458,4.32,-1.42433234421,1.58839779006,18.7238820361,-0.04
2969,166.4,144.5,125.070398149,4.32,-1.24629080119,-0.207182320442,-6.30237696994,-0.04
2970,168.4,143.6,125.070398149,4.42,-0.0593471810089,-0.828729281768,-6.30237696994,0.06
2971,162.6,143.7,138.648217105,4.3,-3.50148367953,-0.759668508287,3.86956923748,-0.06
2972,170.1,144,128.393411802,4.3,0.949554896142,-0.552486187845,-3.81291115555,-0.06
2973,174.6,146.9,158.476199458,4.3,3.62017804154,1.45027624309,18.7238820361,-0.06
2974,174.5,143.5,136.684714833,4.3,3.56083086053,-0.897790055249,2.39859370297,-0.06
2975,167.6,145.1,128.393411802,4.36,-0.53412462908,0.207182320442,-3.81291115555,0
2976,169.2,144.6,122.121664327,4.23,0.415430267062,-0.138121546961,-8.51144765439,-0.13
2977,168.6,140.4,122.121664327,4.27,0.0593471810089,-3.03867403315,-8.51144765439,-0.09
2978,170.2,145.1,122.121664327,4.41,1.00890207715,0.207182320442,-8.51144765439,0.05
2979,168.3,144.5,124.919575439,4.47,-0.118694362018,-0.207182320442,-6.4153671714,0.11
2980,170.2,144.8,125.070398149,4.44,1.00890207715,0,-6.30237696994,0.08
2981,174.6,143.8,124.919575439,4.21,3.62017804154,-0.690607734807,-6.4153671714,-0.15
2982,170.1,144.4,125.070398149,4.47,0.949554896142,-0.276243093923,-6.30237696994,0.11
2983,173.3,143.5,138.648217105,4.6,2.84866468843,-0.897790055249,3.86956923748,0.24
2984,167.9,141.6,122.121664327,4.32,-0.356083086053,-2.20994475138,-8.51144765439,-0.04
2985,176,144.8,158.476199458,4.47,4.45103857567,0,18.7238820361,0.11
2986,167.8,144.5,137.824842105,4.27,-0.415430267062,-0.207182320442,3.25273038909,-0.09
2987,161.7,144.4,138.648217105,4.3,-4.03560830861,-0.276243093923,3.86956923748,-0.06
2988,165.4,145.1,122.121664327,4.3,-1.83976261128,0.207182320442,-8.51144765439,-0.06
2989,162.2,143.9,138.648217105,4.29,-3.73887240356,-0.621546961326,3.86956923748,-0.07
2990,171.2,144.5,138.648217105,4.38,1.60237388724,-0.207182320442,3.86956923748,0.02
2991,167.8,143.7,135.295494737,4.47,-0.415430267062,-0.759668508287,1.35784686952,0.11
2992,169.3,144.3,137.824842105,4.32,0.474777448071,-0.345303867403,3.25273038909,-0.04
2993,167.1,146.3,125.070398149,4.6,-0.830860534125,1.03591160221,-6.30237696994,0.24
2994,167.9,144.2,136.684714833,4.41,-0.356083086053,-0.414364640884,2.39859370297,0.05
2995,171.2,143.8,144.551595951,4.39,1.60237388724,-0.690607734807,8.29213903749,0.03
2996,167.3,148.6,135.295494737,4.47,-0.712166172107,2.62430939227,1.35784686952,0.11
2997,168.6,144.6,158.476199458,4.3,0.0593471810089,-0.138121546961,18.7238820361,-0.06
2998,167.6,144.4,158.476199458,4.47,-0.53412462908,-0.276243093923,18.7238820361,0.11
2999,176,144.4,158.476199458,4.32,4.45103857567,-0.276243093923,18.7238820361,-0.04
3000,167.8,144.5,124.919575439,4.3,-0.415430267062,-0.207182320442,-6.4153671714,-0.06
3001,175.7,143.5,128.393411802,4.35,4.27299703264,-0.897790055249,-3.81291115555,-0.01
3002,168.2,143.9,158.476199458,4.44,-0.178041543027,-0.621546961326,18.7238820361,0.08
3003,167.5,147.5,144.551595951,4.29,-0.593471810089,1.86464088398,8.29213903749,-0.07
3004,176,144.4,158.476199458,4.32,4.45103857567,-0.276243093923,18.7238820361,-0.04
3005,164.5,144.7,135.295494737,4.41,-2.37388724036,-0.0690607734807,1.35784686952,0.05
3006,161.6,145.8,122.121664327,4.35,-4.09495548961,0.690607734807,-8.51144765439,-0.01
3007,165.7,144.3,138.648217105,4.42,-1.66172106825,-0.345303867403,3.86956923748,0.06
3008,160.6,143.5,136.684714833,4.3,-4.6884272997,-0.897790055249,2.39859370297,-0.06
3009,165,144,137.824842105,4.36,-2.07715133531,-0.552486187845,3.25273038909,0
3010,185.7,144.8,158.476199458,4.46,10.2077151335,0,18.7238820361,0.1
3011,169.4,144.6,136.684714833,4.32,0.53412462908,-0.138121546961,2.39859370297,-0.04
3012,174.6,146.3,125.070398149,4.31,3.62017804154,1.03591160221,-6.30237696994,-0.05
3013,170.6,144.8,138.648217105,4.46,1.24629080119,0,3.86956923748,0.1
3014,169.9,146.3,122.121664327,4.41,0.830860534125,1.03591160221,-8.51144765439,0.05
3015,168.3,143.4,136.684714833,4.38,-0.118694362018,-0.966850828729,2.39859370297,0.02
3016,167.9,145.1,124.919575439,4.44,-0.356083086053,0.207182320442,-6.4153671714,0.08
3017,165.4,143.7,138.648217105,4.27,-1.83976261128,-0.759668508287,3.86956923748,-0.09
3018,169.9,144.4,138.648217105,4.53,0.830860534125,-0.276243093923,3.86956923748,0.17
3019,167.9,145.2,135.295494737,4.21,-0.356083086053,0.276243093923,1.35784686952,-0.15
3020,174.6,144.8,158.476199458,4.44,3.62017804154,0,18.7238820361,0.08
3021,162.6,144.8,125.070398149,4.38,-3.50148367953,0,-6.30237696994,0.02
3022,176.2,143.5,144.551595951,4.6,4.56973293769,-0.897790055249,8.29213903749,0.24
3023,160.6,145.2,124.919575439,4.35,-4.6884272997,0.276243093923,-6.4153671714,-0.01
3024,170.8,144.8,128.393411802,4.47,1.3649851632,0,-3.81291115555,0.11
3025,169.3,144.6,128.393411802,4.21,0.474777448071,-0.138121546961,-3.81291115555,-0.15
3026,166.9,144.5,135.295494737,4.6,-0.949554896142,-0.207182320442,1.35784686952,0.24
3027,165.7,143.3,124.919575439,4.35,-1.66172106825,-1.03591160221,-6.4153671714,-0.01
3028,146.7,148.6,158.476199458,4.47,-12.9376854599,2.62430939227,18.7238820361,0.11
3029,171.8,143.5,144.551595951,4.23,1.95845697329,-0.897790055249,8.29213903749,-0.13
3030,165.7,143.3,135.295494737,4.35,-1.66172106825,-1.03591160221,1.35784686952,-0.01
3031,174.5,144.8,124.919575439,4.3,3.56083086053,0,-6.4153671714,-0.06
3032,174.5,144.5,144.551595951,4.32,3.56083086053,-0.207182320442,8.29213903749,-0.04
3033,165,145.7,135.295494737,4.32,-2.07715133531,0.621546961326,1.35784686952,-0.04
3034,176,143.2,138.648217105,4.35,4.45103857567,-1.10497237569,3.86956923748,-0.01
3035,174.1,144.2,138.648217105,4.32,3.3234421365,-0.414364640884,3.86956923748,-0.04
3036,161.7,144.2,158.476199458,4.24,-4.03560830861,-0.414364640884,18.7238820361,-0.12
3037,159.8,144.2,138.648217105,4.3,-5.16320474777,-0.414364640884,3.86956923748,-0.06
3038,162.2,143.9,144.551595951,4.27,-3.73887240356,-0.621546961326,8.29213903749,-0.09
3039,162.6,144.2,144.551595951,4.29,-3.50148367953,-0.414364640884,8.29213903749,-0.07
3040,161.6,143.4,144.551595951,4.45,-4.09495548961,-0.966850828729,8.29213903749,0.09
3041,174.4,146.9,138.648217105,4.6,3.50148367953,1.45027624309,3.86956923748,0.24
3042,168.2,144.9,137.824842105,4.35,-0.178041543027,0.0690607734807,3.25273038909,-0.01
3043,165.7,144.8,128.393411802,4.32,-1.66172106825,0,-3.81291115555,-0.04
3044,163.3,143.5,144.551595951,4.47,-3.08605341246,-0.897790055249,8.29213903749,0.11
3045,163.7,144.3,136.684714833,4.3,-2.84866468843,-0.345303867403,2.39859370297,-0.06
3046,170.8,144.9,138.648217105,4.41,1.3649851632,0.0690607734807,3.86956923748,0.05
3047,170.1,144.3,158.476199458,4.44,0.949554896142,-0.345303867403,18.7238820361,0.08
3048,167.5,144.5,122.121664327,4.24,-0.593471810089,-0.207182320442,-8.51144765439,-0.12
3049,165.4,144.2,144.551595951,4.29,-1.83976261128,-0.414364640884,8.29213903749,-0.07
3050,171.8,144.8,144.551595951,4.32,1.95845697329,0,8.29213903749,-0.04
3051,173,143.9,124.919575439,4.44,2.6706231454,-0.621546961326,-6.4153671714,0.08
3052,177.5,148.6,144.551595951,4.47,5.3412462908,2.62430939227,8.29213903749,0.11
3053,168.6,144.5,124.919575439,4.3,0.0593471810089,-0.207182320442,-6.4153671714,-0.06
3054,161.3,147.1,122.121664327,4.29,-4.27299703264,1.58839779006,-8.51144765439,-0.07
3055,174.3,141,135.295494737,4.46,3.44213649852,-2.62430939227,1.35784686952,0.1
3056,170.1,144,136.684714833,4.41,0.949554896142,-0.552486187845,2.39859370297,0.05
3057,164.5,141.6,137.824842105,4.38,-2.37388724036,-2.20994475138,3.25273038909,0.02
3058,164.8,144.2,158.476199458,4.24,-2.19584569733,-0.414364640884,18.7238820361,-0.12
3059,174.3,142.6,137.824842105,4.39,3.44213649852,-1.51933701657,3.25273038909,0.03
3060,165.4,145.7,138.648217105,4.3,-1.83976261128,0.621546961326,3.86956923748,-0.06
3061,174.3,141.4,125.070398149,4.45,3.44213649852,-2.34806629834,-6.30237696994,0.09
3062,165,143.7,136.684714833,4.32,-2.07715133531,-0.759668508287,2.39859370297,-0.04
3063,165,144.4,158.476199458,4.3,-2.07715133531,-0.276243093923,18.7238820361,-0.06
3064,174.5,144.4,158.476199458,4.27,3.56083086053,-0.276243093923,18.7238820361,-0.09
3065,176,143.8,135.295494737,4.29,4.45103857567,-0.690607734807,1.35784686952,-0.07
3066,170.1,144.1,124.919575439,4.29,0.949554896142,-0.483425414365,-6.4153671714,-0.07
3067,159.8,144.3,124.919575439,4.6,-5.16320474777,-0.345303867403,-6.4153671714,0.24
3068,164.5,144.8,125.070398149,4.32,-2.37388724036,0,-6.30237696994,-0.04
3069,190.9,144,158.476199458,4.47,13.293768546,-0.552486187845,18.7238820361,0.11
3070,169.2,144.5,138.648217105,4.46,0.415430267062,-0.207182320442,3.86956923748,0.1
3071,146.7,143.8,128.393411802,4.44,-12.9376854599,-0.690607734807,-3.81291115555,0.08
3072,199.9,144.5,138.648217105,4.44,18.6350148368,-0.207182320442,3.86956923748,0.08
3073,167.8,143.9,144.551595951,4.3,-0.415430267062,-0.621546961326,8.29213903749,-0.06
3074,199.6,143.4,128.393411802,4.41,18.4569732938,-0.966850828729,-3.81291115555,0.05
3075,168.7,144,136.684714833,4.45,0.118694362018,-0.552486187845,2.39859370297,0.09
3076,169.3,141.4,144.551595951,4.42,0.474777448071,-2.34806629834,8.29213903749,0.06
3077,170.3,144.1,125.070398149,4.21,1.06824925816,-0.483425414365,-6.30237696994,-0.15
3078,169.9,143.8,122.121664327,4.29,0.830860534125,-0.690607734807,-8.51144765439,-0.07
3079,168.3,143.7,136.684714833,4.35,-0.118694362018,-0.759668508287,2.39859370297,-0.01
3080,163.7,145.7,128.393411802,4.39,-2.84866468843,0.621546961326,-3.81291115555,0.03
3081,169.4,144.2,144.551595951,4.55,0.53412462908,-0.414364640884,8.29213903749,0.19
3082,175.7,144.5,144.551595951,4.41,4.27299703264,-0.207182320442,8.29213903749,0.05
3083,161.6,144.6,136.684714833,4.29,-4.09495548961,-0.138121546961,2.39859370297,-0.07
3084,158.9,147.5,124.919575439,4.3,-5.69732937685,1.86464088398,-6.4153671714,-0.06
3085,198.1,144.4,135.295494737,4.6,17.5667655786,-0.276243093923,1.35784686952,0.24
3086,172.4,144.8,135.295494737,4.3,2.31454005935,0,1.35784686952,-0.06
3087,176.6,143.5,128.393411802,4.24,4.80712166172,-0.897790055249,-3.81291115555,-0.12
3088,167.3,143.9,124.919575439,4.45,-0.712166172107,-0.621546961326,-6.4153671714,0.09
3089,161.6,144.5,136.684714833,4.23,-4.09495548961,-0.207182320442,2.39859370297,-0.13
3090,156.1,148,158.476199458,4.47,-7.3590504451,2.20994475138,18.7238820361,0.11
3091,164.5,145.2,137.824842105,4.27,-2.37388724036,0.276243093923,3.25273038909,-0.09
3092,168.2,144.8,144.551595951,4.21,-0.178041543027,0,8.29213903749,-0.15
3093,174.4,145.5,158.476199458,4.3,3.50148367953,0.483425414365,18.7238820361,-0.06
3094,175.7,141.6,124.919575439,4.31,4.27299703264,-2.20994475138,-6.4153671714,-0.05
3095,168.7,144.2,144.551595951,4.46,0.118694362018,-0.414364640884,8.29213903749,0.1
3096,164.6,144,128.393411802,4.39,-2.31454005935,-0.552486187845,-3.81291115555,0.03
3097,169.8,144.5,122.121664327,4.47,0.771513353116,-0.207182320442,-8.51144765439,0.11
3098,199.9,144.2,128.393411802,4.46,18.6350148368,-0.414364640884,-3.81291115555,0.1
3099,163.3,144,135.295494737,4.41,-3.08605341246,-0.552486187845,1.35784686952,0.05
3100,160.6,148,125.070398149,4.39,-4.6884272997,2.20994475138,-6.30237696994,0.03
3101,167.4,147.9,136.684714833,4.35,-0.652818991098,2.1408839779,2.39859370297,-0.01
3102,168.4,144.5,136.684714833,4.24,-0.0593471810089,-0.207182320442,2.39859370297,-0.12
3103,170.2,147.3,122.121664327,4.55,1.00890207715,1.72651933702,-8.51144765439,0.19
3104,165,144.5,135.295494737,4.39,-2.07715133531,-0.207182320442,1.35784686952,0.03
3105,167.3,144.2,128.393411802,4.35,-0.712166172107,-0.414364640884,-3.81291115555,-0.01
3106,164.6,145.1,144.551595951,4.39,-2.31454005935,0.207182320442,8.29213903749,0.03
3107,165.5,145.2,138.648217105,4.23,-1.78041543027,0.276243093923,3.86956923748,-0.13
3108,165.7,145.7,136.684714833,4.44,-1.66172106825,0.621546961326,2.39859370297,0.08
3109,168.2,143.7,124.919575439,4.6,-0.178041543027,-0.759668508287,-6.4153671714,0.24
3110,176,144,122.121664327,4.6,4.45103857567,-0.552486187845,-8.51144765439,0.24
3111,167.3,143.9,138.648217105,4.36,-0.712166172107,-0.621546961326,3.86956923748,0
3112,176.6,141.6,125.070398149,4.55,4.80712166172,-2.20994475138,-6.30237696994,0.19
3113,163.7,145.2,144.551595951,4.29,-2.84866468843,0.276243093923,8.29213903749,-0.07
3114,176.6,144.5,158.476199458,4.32,4.80712166172,-0.207182320442,18.7238820361,-0.04
3115,167.5,145.1,137.824842105,4.27,-0.593471810089,0.207182320442,3.25273038909,-0.09
3116,166.9,141.4,125.070398149,4.46,-0.949554896142,-2.34806629834,-6.30237696994,0.1
3117,169.2,147.5,128.393411802,4.23,0.415430267062,1.86464088398,-3.81291115555,-0.13
3118,161.7,144.4,136.684714833,4.34,-4.03560830861,-0.276243093923,2.39859370297,-0.02
3119,164.8,145.1,124.919575439,4.36,-2.19584569733,0.207182320442,-6.4153671714,0
3120,192.4,144.5,138.648217105,4.47,14.1839762611,-0.207182320442,3.86956923748,0.11
3121,163.3,144.5,135.295494737,4.21,-3.08605341246,-0.207182320442,1.35784686952,-0.15
3122,170.6,143.5,144.551595951,4.27,1.24629080119,-0.897790055249,8.29213903749,-0.09
3123,171.2,144.9,136.684714833,4.46,1.60237388724,0.0690607734807,2.39859370297,0.1
3124,168.4,143.9,137.824842105,4.38,-0.0593471810089,-0.621546961326,3.25273038909,0.02
3125,174.1,144.8,144.551595951,4.32,3.3234421365,0,8.29213903749,-0.04
3126,156.1,144.2,124.919575439,4.21,-7.3590504451,-0.414364640884,-6.4153671714,-0.15
3127,167.8,143.6,158.476199458,4.44,-0.415430267062,-0.828729281768,18.7238820361,0.08
3128,169.2,144.5,144.551595951,4.24,0.415430267062,-0.207182320442,8.29213903749,-0.12
3129,185.7,144.1,144.551595951,4.47,10.2077151335,-0.483425414365,8.29213903749,0.11
3130,158.9,143.7,128.393411802,4.39,-5.69732937685,-0.759668508287,-3.81291115555,0.03
3131,170,144.3,158.476199458,4.53,0.890207715134,-0.345303867403,18.7238820361,0.17
3132,169.2,145.1,144.551595951,4.39,0.415430267062,0.207182320442,8.29213903749,0.03
3133,199.9,141.4,138.648217105,4.34,18.6350148368,-2.34806629834,3.86956923748,-0.02
3134,176,143.2,137.824842105,4.32,4.45103857567,-1.10497237569,3.25273038909,-0.04
3135,156.1,145.2,125.070398149,4.24,-7.3590504451,0.276243093923,-6.30237696994,-0.12
3136,166.1,144,138.648217105,4.3,-1.42433234421,-0.552486187845,3.86956923748,-0.06
3137,161.7,144.8,135.295494737,4.3,-4.03560830861,0,1.35784686952,-0.06
3138,156.1,144,136.684714833,4.39,-7.3590504451,-0.552486187845,2.39859370297,0.03
3139,166.4,143.9,137.824842105,4.35,-1.24629080119,-0.621546961326,3.25273038909,-0.01
3140,167.8,144,138.648217105,4.6,-0.415430267062,-0.552486187845,3.86956923748,0.24
3141,169.3,144.6,124.919575439,4.46,0.474777448071,-0.138121546961,-6.4153671714,0.1
3142,174.6,143.5,135.295494737,4.46,3.62017804154,-0.897790055249,1.35784686952,0.1
3143,164.6,145.1,124.919575439,4.24,-2.31454005935,0.207182320442,-6.4153671714,-0.12
3144,168.2,143.5,158.476199458,4.6,-0.178041543027,-0.897790055249,18.7238820361,0.24
3145,176.6,140.4,136.684714833,4.3,4.80712166172,-3.03867403315,2.39859370297,-0.06
3146,170.1,144.4,137.824842105,4.46,0.949554896142,-0.276243093923,3.25273038909,0.1
3147,166.2,147.1,158.476199458,4.29,-1.3649851632,1.58839779006,18.7238820361,-0.07
3148,170.1,144.5,122.121664327,4.41,0.949554896142,-0.207182320442,-8.51144765439,0.05
3149,166.9,144,128.393411802,4.29,-0.949554896142,-0.552486187845,-3.81291115555,-0.07
3150,169.9,146.9,137.824842105,4.21,0.830860534125,1.45027624309,3.25273038909,-0.15
3151,169.3,145.1,138.648217105,4.38,0.474777448071,0.207182320442,3.86956923748,0.02
3152,174.5,144.2,138.648217105,4.27,3.56083086053,-0.414364640884,3.86956923748,-0.09
3153,162.9,146.3,144.551595951,4.24,-3.3234421365,1.03591160221,8.29213903749,-0.12
3154,170.6,144,124.919575439,4.29,1.24629080119,-0.552486187845,-6.4153671714,-0.07
3155,165.5,143.7,144.551595951,4.47,-1.78041543027,-0.759668508287,8.29213903749,0.11
3156,166.4,143.2,144.551595951,4.46,-1.24629080119,-1.10497237569,8.29213903749,0.1
3157,199.9,144.8,137.824842105,4.3,18.6350148368,0,3.25273038909,-0.06
3158,168.2,143.7,122.121664327,4.27,-0.178041543027,-0.759668508287,-8.51144765439,-0.09
3159,160.6,143.6,124.919575439,4.32,-4.6884272997,-0.828729281768,-6.4153671714,-0.04
3160,174.5,145.1,136.684714833,4.3,3.56083086053,0.207182320442,2.39859370297,-0.06
3161,169.4,144.9,136.684714833,4.39,0.53412462908,0.0690607734807,2.39859370297,0.03
3162,174.5,145.2,138.648217105,4.41,3.56083086053,0.276243093923,3.86956923748,0.05
3163,170.2,144.6,128.393411802,4.41,1.00890207715,-0.138121546961,-3.81291115555,0.05
3164,169.8,144.8,158.476199458,4.29,0.771513353116,0,18.7238820361,-0.07
3165,164.5,144.8,138.648217105,4.44,-2.37388724036,0,3.86956923748,0.08
3166,171.2,144.8,158.476199458,4.3,1.60237388724,0,18.7238820361,-0.06
3167,168.2,144,135.295494737,4.39,-0.178041543027,-0.552486187845,1.35784686952,0.03
3168,176,143.2,144.551595951,4.44,4.45103857567,-1.10497237569,8.29213903749,0.08
3169,166.2,147.3,125.070398149,4.46,-1.3649851632,1.72651933702,-6.30237696994,0.1
3170,173.3,143.5,122.121664327,4.47,2.84866468843,-0.897790055249,-8.51144765439,0.11
3171,158.9,140.4,136.684714833,4.29,-5.69732937685,-3.03867403315,2.39859370297,-0.07
3172,170.1,145.5,138.648217105,4.3,0.949554896142,0.483425414365,3.86956923748,-0.06
3173,171.8,144.9,135.295494737,4.47,1.95845697329,0.0690607734807,1.35784686952,0.11
3174,163.7,143.7,136.684714833,4.34,-2.84866468843,-0.759668508287,2.39859370297,-0.02
3175,199.9,144.9,138.648217105,4.39,18.6350148368,0.0690607734807,3.86956923748,0.03
3176,171.2,144.9,128.393411802,4.6,1.60237388724,0.0690607734807,-3.81291115555,0.24
3177,198.1,143.2,124.919575439,4.35,17.5667655786,-1.10497237569,-6.4153671714,-0.01
3178,169.9,142.6,144.551595951,4.3,0.830860534125,-1.51933701657,8.29213903749,-0.06
3179,166.2,146.3,158.476199458,4.21,-1.3649851632,1.03591160221,18.7238820361,-0.15
3180,170.2,144.3,124.919575439,4.32,1.00890207715,-0.345303867403,-6.4153671714,-0.04
3181,198.1,147.9,124.919575439,4.23,17.5667655786,2.1408839779,-6.4153671714,-0.13
3182,170.2,141,128.393411802,4.46,1.00890207715,-2.62430939227,-3.81291115555,0.1
3183,198.1,143.4,137.824842105,4.36,17.5667655786,-0.966850828729,3.25273038909,0
3184,146.7,144.5,144.551595951,4.27,-12.9376854599,-0.207182320442,8.29213903749,-0.09
3185,169.2,142.6,158.476199458,4.6,0.415430267062,-1.51933701657,18.7238820361,0.24
3186,167.1,144.2,144.551595951,4.34,-0.830860534125,-0.414364640884,8.29213903749,-0.02
3187,176,144.2,138.648217105,4.55,4.45103857567,-0.414364640884,3.86956923748,0.19
3188,199.6,143.3,158.476199458,4.35,18.4569732938,-1.03591160221,18.7238820361,-0.01
3189,165.4,144.6,124.919575439,4.23,-1.83976261128,-0.138121546961,-6.4153671714,-0.13
3190,169.3,143.5,125.070398149,4.47,0.474777448071,-0.897790055249,-6.30237696994,0.11
3191,146.7,144.2,122.121664327,4.29,-12.9376854599,-0.414364640884,-8.51144765439,-0.07
3192,199.9,145.5,138.648217105,4.29,18.6350148368,0.483425414365,3.86956923748,-0.07
3193,168.7,145.2,158.476199458,4.6,0.118694362018,0.276243093923,18.7238820361,0.24
3194,165.7,148,136.684714833,4.32,-1.66172106825,2.20994475138,2.39859370297,-0.04
3195,174.5,145.1,125.070398149,4.6,3.56083086053,0.207182320442,-6.30237696994,0.24
3196,161.3,147.1,122.121664327,4.3,-4.27299703264,1.58839779006,-8.51144765439,-0.06
3197,170.3,143.7,128.393411802,4.55,1.06824925816,-0.759668508287,-3.81291115555,0.19
3198,162.6,146.1,144.551595951,4.23,-3.50148367953,0.897790055249,8.29213903749,-0.13
3199,164.8,144.9,144.551595951,4.35,-2.19584569733,0.0690607734807,8.29213903749,-0.01
3200,164.3,145.1,144.551595951,4.32,-2.49258160237,0.207182320442,8.29213903749,-0.04
3201,169.2,144.6,158.476199458,4.46,0.415430267062,-0.138121546961,18.7238820361,0.1
3202,171.8,144.5,128.393411802,4.38,1.95845697329,-0.207182320442,-3.81291115555,0.02
3203,167.4,143.9,125.070398149,4.42,-0.652818991098,-0.621546961326,-6.30237696994,0.06
3204,174.4,143.8,122.121664327,4.3,3.50148367953,-0.690607734807,-8.51144765439,-0.06
3205,161.6,144.2,144.551595951,4.53,-4.09495548961,-0.414364640884,8.29213903749,0.17
3206,174.5,143.6,137.824842105,4.29,3.56083086053,-0.828729281768,3.25273038909,-0.07
3207,170.1,145.2,128.393411802,4.6,0.949554896142,0.276243093923,-3.81291115555,0.24
3208,167.6,144,124.919575439,4.6,-0.53412462908,-0.552486187845,-6.4153671714,0.24
3209,177.5,144.3,128.393411802,4.39,5.3412462908,-0.345303867403,-3.81291115555,0.03
3210,169.4,144.9,128.393411802,4.23,0.53412462908,0.0690607734807,-3.81291115555,-0.13
3211,170.2,144.6,125.070398149,4.44,1.00890207715,-0.138121546961,-6.30237696994,0.08
3212,169.2,143.2,135.295494737,4.44,0.415430267062,-1.10497237569,1.35784686952,0.08
3213,169.2,144.2,135.295494737,4.27,0.415430267062,-0.414364640884,1.35784686952,-0.09
3214,169.4,143.4,122.121664327,4.23,0.53412462908,-0.966850828729,-8.51144765439,-0.13
3215,171,143.8,135.295494737,4.44,1.48367952522,-0.690607734807,1.35784686952,0.08
3216,168.2,144.2,125.070398149,4.27,-0.178041543027,-0.414364640884,-6.30237696994,-0.09
3217,146.7,147.9,125.070398149,4.3,-12.9376854599,2.1408839779,-6.30237696994,-0.06
3218,162.9,143.7,124.919575439,4.29,-3.3234421365,-0.759668508287,-6.4153671714,-0.07
3219,170.3,144.6,144.551595951,4.46,1.06824925816,-0.138121546961,8.29213903749,0.1
3220,156.1,144.9,124.919575439,4.55,-7.3590504451,0.0690607734807,-6.4153671714,0.19
3221,161.7,147.9,144.551595951,4.32,-4.03560830861,2.1408839779,8.29213903749,-0.04
3222,170.3,144.9,122.121664327,4.55,1.06824925816,0.0690607734807,-8.51144765439,0.19
3223,166.1,145.1,158.476199458,4.6,-1.42433234421,0.207182320442,18.7238820361,0.24
3224,175.7,144.4,128.393411802,4.42,4.27299703264,-0.276243093923,-3.81291115555,0.06
3225,164.8,147.3,125.070398149,4.44,-2.19584569733,1.72651933702,-6.30237696994,0.08
3226,163.3,143.8,144.551595951,4.6,-3.08605341246,-0.690607734807,8.29213903749,0.24
3227,168.4,142.6,122.121664327,4.31,-0.0593471810089,-1.51933701657,-8.51144765439,-0.05
3228,163.3,143.7,122.121664327,4.36,-3.08605341246,-0.759668508287,-8.51144765439,0
3229,174.1,141,125.070398149,4.53,3.3234421365,-2.62430939227,-6.30237696994,0.17
3230,164.5,144.9,135.295494737,4.32,-2.37388724036,0.0690607734807,1.35784686952,-0.04
3231,170.2,144.5,136.684714833,4.6,1.00890207715,-0.207182320442,2.39859370297,0.24
3232,165,144.8,125.070398149,4.35,-2.07715133531,0,-6.30237696994,-0.01
3233,169.2,143.2,138.648217105,4.35,0.415430267062,-1.10497237569,3.86956923748,-0.01
3234,174.5,144.9,136.684714833,4.23,3.56083086053,0.0690607734807,2.39859370297,-0.13
3235,163.7,144.9,136.684714833,4.31,-2.84866468843,0.0690607734807,2.39859370297,-0.05
3236,167.5,143.9,158.476199458,4.32,-0.593471810089,-0.621546961326,18.7238820361,-0.04
3237,170.1,148.6,122.121664327,4.23,0.949554896142,2.62430939227,-8.51144765439,-0.13
3238,170.3,144.2,137.824842105,4.27,1.06824925816,-0.414364640884,3.25273038909,-0.09
3239,165.4,143.9,125.070398149,4.35,-1.83976261128,-0.621546961326,-6.30237696994,-0.01
3240,168.4,144.8,137.824842105,4.21,-0.0593471810089,0,3.25273038909,-0.15
3241,169.3,147.9,144.551595951,4.42,0.474777448071,2.1408839779,8.29213903749,0.06
3242,162.9,144,128.393411802,4.55,-3.3234421365,-0.552486187845,-3.81291115555,0.19
3243,170.2,147.3,158.476199458,4.29,1.00890207715,1.72651933702,18.7238820361,-0.07
3244,161.6,144.8,124.919575439,4.55,-4.09495548961,0,-6.4153671714,0.19
3245,169.2,143.7,138.648217105,4.27,0.415430267062,-0.759668508287,3.86956923748,-0.09
3246,176.2,144.2,136.684714833,4.3,4.56973293769,-0.414364640884,2.39859370297,-0.06
3247,163.3,141.6,144.551595951,4.46,-3.08605341246,-2.20994475138,8.29213903749,0.1
3248,173,148,158.476199458,4.3,2.6706231454,2.20994475138,18.7238820361,-0.06
3249,161.3,143.8,136.684714833,4.41,-4.27299703264,-0.690607734807,2.39859370297,0.05
3250,156.1,145.2,135.295494737,4.29,-7.3590504451,0.276243093923,1.35784686952,-0.07
3251,170.8,143.7,122.121664327,4.38,1.3649851632,-0.759668508287,-8.51144765439,0.02
3252,167.6,144.5,136.684714833,4.32,-0.53412462908,-0.207182320442,2.39859370297,-0.04
3253,174.3,144.2,137.824842105,4.39,3.44213649852,-0.414364640884,3.25273038909,0.03
3254,167.8,143.9,124.919575439,4.39,-0.415430267062,-0.621546961326,-6.4153671714,0.03
3255,169.3,144.3,158.476199458,4.45,0.474777448071,-0.345303867403,18.7238820361,0.09
3256,171,141.6,128.393411802,4.23,1.48367952522,-2.20994475138,-3.81291115555,-0.13
3257,174.4,145.2,144.551595951,4.46,3.50148367953,0.276243093923,8.29213903749,0.1
3258,169.9,144.7,128.393411802,4.3,0.830860534125,-0.0690607734807,-3.81291115555,-0.06
3259,167.5,140.4,135.295494737,4.35,-0.593471810089,-3.03867403315,1.35784686952,-0.01
3260,164.3,143.5,122.121664327,4.53,-2.49258160237,-0.897790055249,-8.51144765439,0.17
3261,168.7,144.5,122.121664327,4.41,0.118694362018,-0.207182320442,-8.51144765439,0.05
3262,158.9,147.3,137.824842105,4.31,-5.69732937685,1.72651933702,3.25273038909,-0.05
3263,166.9,144.5,138.648217105,4.35,-0.949554896142,-0.207182320442,3.86956923748,-0.01
3264,164.6,144.5,124.919575439,4.53,-2.31454005935,-0.207182320442,-6.4153671714,0.17
3265,169.2,145.2,136.684714833,4.3,0.415430267062,0.276243093923,2.39859370297,-0.06
3266,161.3,143.7,135.295494737,4.6,-4.27299703264,-0.759668508287,1.35784686952,0.24
3267,174.4,144.6,138.648217105,4.32,3.50148367953,-0.138121546961,3.86956923748,-0.04
3268,174.1,144.6,135.295494737,4.32,3.3234421365,-0.138121546961,1.35784686952,-0.04
3269,172.4,145.1,128.393411802,4.24,2.31454005935,0.207182320442,-3.81291115555,-0.12
3270,169.2,144.9,144.551595951,4.53,0.415430267062,0.0690607734807,8.29213903749,0.17
3271,169.2,143.8,137.824842105,4.24,0.415430267062,-0.690607734807,3.25273038909,-0.12
3272,171,143.9,122.121664327,4.41,1.48367952522,-0.621546961326,-8.51144765439,0.05
3273,168.6,143.2,135.295494737,4.53,0.0593471810089,-1.10497237569,1.35784686952,0.17
3274,164.8,144.2,136.684714833,4.32,-2.19584569733,-0.414364640884,2.39859370297,-0.04
3275,167.8,140.4,138.648217105,4.47,-0.415430267062,-3.03867403315,3.86956923748,0.11
3276,170.8,144.5,128.393411802,4.35,1.3649851632,-0.207182320442,-3.81291115555,-0.01
3277,166.4,144.2,124.919575439,4.6,-1.24629080119,-0.414364640884,-6.4153671714,0.24
3278,161.7,144.6,136.684714833,4.24,-4.03560830861,-0.138121546961,2.39859370297,-0.12
3279,168.2,144.8,158.476199458,4.36,-0.178041543027,0,18.7238820361,0
3280,171,141,135.295494737,4.6,1.48367952522,-2.62430939227,1.35784686952,0.24
3281,199.9,146.9,158.476199458,4.27,18.6350148368,1.45027624309,18.7238820361,-0.09
3282,161.6,143.7,144.551595951,4.3,-4.09495548961,-0.759668508287,8.29213903749,-0.06
3283,164.6,144.5,138.648217105,4.32,-2.31454005935,-0.207182320442,3.86956923748,-0.04
3284,171.2,147.3,144.551595951,4.23,1.60237388724,1.72651933702,8.29213903749,-0.13
3285,170.2,142.8,135.295494737,4.55,1.00890207715,-1.38121546961,1.35784686952,0.19
3286,171.2,145.2,124.919575439,4.36,1.60237388724,0.276243093923,-6.4153671714,0
3287,160.6,146.3,124.919575439,4.44,-4.6884272997,1.03591160221,-6.4153671714,0.08
3288,171,146.3,144.551595951,4.47,1.48367952522,1.03591160221,8.29213903749,0.11
3289,169.9,147.9,158.476199458,4.24,0.830860534125,2.1408839779,18.7238820361,-0.12
3290,171.2,144.6,124.919575439,4.41,1.60237388724,-0.138121546961,-6.4153671714,0.05
3291,170.1,143.5,144.551595951,4.44,0.949554896142,-0.897790055249,8.29213903749,0.08
3292,170.8,143.4,136.684714833,4.42,1.3649851632,-0.966850828729,2.39859370297,0.06
3293,165.4,144.6,122.121664327,4.23,-1.83976261128,-0.138121546961,-8.51144765439,-0.13
3294,171.8,141.4,144.551595951,4.46,1.95845697329,-2.34806629834,8.29213903749,0.1
3295,174.6,143.3,138.648217105,4.55,3.62017804154,-1.03591160221,3.86956923748,0.19
3296,175.7,148,137.824842105,4.6,4.27299703264,2.20994475138,3.25273038909,0.24
3297,176.2,147.5,144.551595951,4.44,4.56973293769,1.86464088398,8.29213903749,0.08
3298,161.7,144.9,135.295494737,4.44,-4.03560830861,0.0690607734807,1.35784686952,0.08
3299,174.3,144.4,135.295494737,4.32,3.44213649852,-0.276243093923,1.35784686952,-0.04
3300,169.2,145.7,135.295494737,4.36,0.415430267062,0.621546961326,1.35784686952,0
3301,171.2,141,138.648217105,4.46,1.60237388724,-2.62430939227,3.86956923748,0.1
3302,161.7,143.7,122.121664327,4.41,-4.03560830861,-0.759668508287,-8.51144765439,0.05
3303,173,144.2,124.919575439,4.55,2.6706231454,-0.414364640884,-6.4153671714,0.19
3304,169.3,145.8,122.121664327,4.21,0.474777448071,0.690607734807,-8.51144765439,-0.15
3305,173,141.6,128.393411802,4.44,2.6706231454,-2.20994475138,-3.81291115555,0.08
3306,167.9,144.8,122.121664327,4.38,-0.356083086053,0,-8.51144765439,0.02
3307,170.3,144.7,158.476199458,4.6,1.06824925816,-0.0690607734807,18.7238820361,0.24
3308,169.3,146.3,122.121664327,4.3,0.474777448071,1.03591160221,-8.51144765439,-0.06
3309,192.4,144.8,138.648217105,4.41,14.1839762611,0,3.86956923748,0.05
3310,172.4,144.2,135.295494737,4.47,2.31454005935,-0.414364640884,1.35784686952,0.11
3311,162.6,146.3,136.684714833,4.34,-3.50148367953,1.03591160221,2.39859370297,-0.02
3312,174.6,144.6,136.684714833,4.55,3.62017804154,-0.138121546961,2.39859370297,0.19
3313,168.6,143.9,138.648217105,4.41,0.0593471810089,-0.621546961326,3.86956923748,0.05
3314,199.6,148,124.919575439,4.6,18.4569732938,2.20994475138,-6.4153671714,0.24
3315,168.4,145.2,125.070398149,4.29,-0.0593471810089,0.276243093923,-6.30237696994,-0.07
3316,167.1,143.9,158.476199458,4.34,-0.830860534125,-0.621546961326,18.7238820361,-0.02
3317,190.9,144,128.393411802,4.3,13.293768546,-0.552486187845,-3.81291115555,-0.06
3318,169.4,144.9,158.476199458,4.39,0.53412462908,0.0690607734807,18.7238820361,0.03
3319,164.5,142.8,136.684714833,4.3,-2.37388724036,-1.38121546961,2.39859370297,-0.06
3320,164.6,144.2,135.295494737,4.47,-2.31454005935,-0.414364640884,1.35784686952,0.11
3321,173,147.9,125.070398149,4.3,2.6706231454,2.1408839779,-6.30237696994,-0.06
3322,174.3,144.2,136.684714833,4.39,3.44213649852,-0.414364640884,2.39859370297,0.03
3323,167.8,144.6,144.551595951,4.35,-0.415430267062,-0.138121546961,8.29213903749,-0.01
3324,164.3,143.2,138.648217105,4.24,-2.49258160237,-1.10497237569,3.86956923748,-0.12
3325,146.7,144,158.476199458,4.55,-12.9376854599,-0.552486187845,18.7238820361,0.19
3326,168.2,145.2,122.121664327,4.36,-0.178041543027,0.276243093923,-8.51144765439,0
3327,161.6,148.6,144.551595951,4.47,-4.09495548961,2.62430939227,8.29213903749,0.11
3328,158.9,141,137.824842105,4.36,-5.69732937685,-2.62430939227,3.25273038909,0
3329,169.9,144.9,158.476199458,4.46,0.830860534125,0.0690607734807,18.7238820361,0.1
3330,192.4,145.7,128.393411802,4.44,14.1839762611,0.621546961326,-3.81291115555,0.08
3331,167.4,141.4,124.919575439,4.47,-0.652818991098,-2.34806629834,-6.4153671714,0.11
3332,192.4,148.6,124.919575439,4.34,14.1839762611,2.62430939227,-6.4153671714,-0.02
3333,175.7,144,136.684714833,4.46,4.27299703264,-0.552486187845,2.39859370297,0.1
3334,169.8,144.2,136.684714833,4.29,0.771513353116,-0.414364640884,2.39859370297,-0.07
3335,199.6,144.9,128.393411802,4.35,18.4569732938,0.0690607734807,-3.81291115555,-0.01
3336,174.6,144.6,144.551595951,4.53,3.62017804154,-0.138121546961,8.29213903749,0.17
3337,174.5,146.9,135.295494737,4.31,3.56083086053,1.45027624309,1.35784686952,-0.05
3338,168.2,145.2,124.919575439,4.41,-0.178041543027,0.276243093923,-6.4153671714,0.05
3339,172.4,143.2,136.684714833,4.47,2.31454005935,-1.10497237569,2.39859370297,0.11
3340,198.1,144.8,124.919575439,4.36,17.5667655786,0,-6.4153671714,0
3341,162.6,145.1,136.684714833,4.41,-3.50148367953,0.207182320442,2.39859370297,0.05
3342,160.6,143.8,137.824842105,4.46,-4.6884272997,-0.690607734807,3.25273038909,0.1
3343,167.9,144.4,158.476199458,4.44,-0.356083086053,-0.276243093923,18.7238820361,0.08
3344,173.3,144.5,135.295494737,4.27,2.84866468843,-0.207182320442,1.35784686952,-0.09
3345,174.5,144.5,122.121664327,4.44,3.56083086053,-0.207182320442,-8.51144765439,0.08
3346,170.2,145.8,122.121664327,4.6,1.00890207715,0.690607734807,-8.51144765439,0.24
3347,168.3,143.5,128.393411802,4.47,-0.118694362018,-0.897790055249,-3.81291115555,0.11
3348,172.4,144.4,122.121664327,4.32,2.31454005935,-0.276243093923,-8.51144765439,-0.04
3349,164.5,144,138.648217105,4.47,-2.37388724036,-0.552486187845,3.86956923748,0.11
3350,168.2,145.8,125.070398149,4.42,-0.178041543027,0.690607734807,-6.30237696994,0.06
3351,156.1,144.5,135.295494737,4.55,-7.3590504451,-0.207182320442,1.35784686952,0.19
3352,161.7,148,128.393411802,4.6,-4.03560830861,2.20994475138,-3.81291115555,0.24
3353,170.2,140.4,122.121664327,4.27,1.00890207715,-3.03867403315,-8.51144765439,-0.09
3354,167.8,144.4,144.551595951,4.55,-0.415430267062,-0.276243093923,8.29213903749,0.19
3355,166.1,148,125.070398149,4.35,-1.42433234421,2.20994475138,-6.30237696994,-0.01
3356,163.3,144.5,158.476199458,4.27,-3.08605341246,-0.207182320442,18.7238820361,-0.09
3357,177.5,144.4,122.121664327,4.38,5.3412462908,-0.276243093923,-8.51144765439,0.02
3358,168.7,143.7,125.070398149,4.38,0.118694362018,-0.759668508287,-6.30237696994,0.02
3359,170.1,144.5,136.684714833,4.3,0.949554896142,-0.207182320442,2.39859370297,-0.06
3360,170.2,144.2,128.393411802,4.44,1.00890207715,-0.414364640884,-3.81291115555,0.08
3361,164.3,144.9,136.684714833,4.27,-2.49258160237,0.0690607734807,2.39859370297,-0.09
3362,167.3,145.8,158.476199458,4.35,-0.712166172107,0.690607734807,18.7238820361,-0.01
3363,161.3,144.4,137.824842105,4.6,-4.27299703264,-0.276243093923,3.25273038909,0.24
3364,174.6,144.8,137.824842105,4.45,3.62017804154,0,3.25273038909,0.09
3365,166.9,143.9,135.295494737,4.44,-0.949554896142,-0.621546961326,1.35784686952,0.08
3366,174.1,144.5,138.648217105,4.21,3.3234421365,-0.207182320442,3.86956923748,-0.15
3367,169.2,143.9,128.393411802,4.3,0.415430267062,-0.621546961326,-3.81291115555,-0.06
3368,167.8,144.6,128.393411802,4.35,-0.415430267062,-0.138121546961,-3.81291115555,-0.01
3369,170.8,144.4,124.919575439,4.27,1.3649851632,-0.276243093923,-6.4153671714,-0.09
3370,170.2,144.5,144.551595951,4.29,1.00890207715,-0.207182320442,8.29213903749,-0.07
3371,168.6,144.7,125.070398149,4.32,0.0593471810089,-0.0690607734807,-6.30237696994,-0.04
3372,170.1,144.5,136.684714833,4.27,0.949554896142,-0.207182320442,2.39859370297,-0.09
3373,167.3,144,144.551595951,4.46,-0.712166172107,-0.552486187845,8.29213903749,0.1
3374,173.2,143.7,138.648217105,4.6,2.78931750742,-0.759668508287,3.86956923748,0.24
3375,165.4,143.8,125.070398149,4.45,-1.83976261128,-0.690607734807,-6.30237696994,0.09
3376,168.4,143.8,158.476199458,4.41,-0.0593471810089,-0.690607734807,18.7238820361,0.05
3377,146.7,144.2,138.648217105,4.21,-12.9376854599,-0.414364640884,3.86956923748,-0.15
3378,174.4,144.6,124.919575439,4.55,3.50148367953,-0.138121546961,-6.4153671714,0.19
3379,190.9,143.6,144.551595951,4.42,13.293768546,-0.828729281768,8.29213903749,0.06
3380,175.7,144,124.919575439,4.47,4.27299703264,-0.552486187845,-6.4153671714,0.11
3381,163.7,144.4,124.919575439,4.34,-2.84866468843,-0.276243093923,-6.4153671714,-0.02
3382,167.3,144.5,125.070398149,4.32,-0.712166172107,-0.207182320442,-6.30237696994,-0.04
3383,161.3,145.2,125.070398149,4.31,-4.27299703264,0.276243093923,-6.30237696994,-0.05
3384,171,145.7,158.476199458,4.6,1.48367952522,0.621546961326,18.7238820361,0.24
3385,173,144.5,122.121664327,4.39,2.6706231454,-0.207182320442,-8.51144765439,0.03
3386,162.9,144.5,138.648217105,4.41,-3.3234421365,-0.207182320442,3.86956923748,0.05
3387,170.6,144,135.295494737,4.3,1.24629080119,-0.552486187845,1.35784686952,-0.06
3388,174.4,144.5,138.648217105,4.36,3.50148367953,-0.207182320442,3.86956923748,0
3389,167.5,144.6,122.121664327,4.3,-0.593471810089,-0.138121546961,-8.51144765439,-0.06
3390,161.7,140.4,158.476199458,4.3,-4.03560830861,-3.03867403315,18.7238820361,-0.06
3391,170.1,144.9,124.919575439,4.46,0.949554896142,0.0690607734807,-6.4153671714,0.1
3392,164.6,143.6,135.295494737,4.36,-2.31454005935,-0.828729281768,1.35784686952,0
3393,169.8,144.5,158.476199458,4.32,0.771513353116,-0.207182320442,18.7238820361,-0.04
3394,169.4,144.5,138.648217105,4.41,0.53412462908,-0.207182320442,3.86956923748,0.05
3395,170.6,144.4,144.551595951,4.6,1.24629080119,-0.276243093923,8.29213903749,0.24
3396,164.6,144.8,125.070398149,4.35,-2.31454005935,0,-6.30237696994,-0.01
3397,198.1,143.7,137.824842105,4.29,17.5667655786,-0.759668508287,3.25273038909,-0.07
3398,174.6,143.8,122.121664327,4.34,3.62017804154,-0.690607734807,-8.51144765439,-0.02
3399,174.6,143.3,144.551595951,4.44,3.62017804154,-1.03591160221,8.29213903749,0.08
3400,169.9,144.4,128.393411802,4.6,0.830860534125,-0.276243093923,-3.81291115555,0.24
3401,168.4,144.7,125.070398149,4.44,-0.0593471810089,-0.0690607734807,-6.30237696994,0.08
3402,164.5,144.8,136.684714833,4.44,-2.37388724036,0,2.39859370297,0.08
3403,164.5,144.4,124.919575439,4.23,-2.37388724036,-0.276243093923,-6.4153671714,-0.13
3404,171.8,144.5,128.393411802,4.45,1.95845697329,-0.207182320442,-3.81291115555,0.09
3405,170.8,144.8,137.824842105,4.6,1.3649851632,0,3.25273038909,0.24
3406,167.5,145.7,136.684714833,4.27,-0.593471810089,0.621546961326,2.39859370297,-0.09
3407,146.7,144.6,135.295494737,4.31,-12.9376854599,-0.138121546961,1.35784686952,-0.05
3408,190.9,146.9,138.648217105,4.45,13.293768546,1.45027624309,3.86956923748,0.09
3409,156.1,144.8,124.919575439,4.32,-7.3590504451,0,-6.4153671714,-0.04
3410,164.3,143.8,136.684714833,4.35,-2.49258160237,-0.690607734807,2.39859370297,-0.01
3411,165.5,143.2,122.121664327,4.32,-1.78041543027,-1.10497237569,-8.51144765439,-0.04
3412,162.9,143.9,137.824842105,4.36,-3.3234421365,-0.621546961326,3.25273038909,0
3413,163.7,141,136.684714833,4.47,-2.84866468843,-2.62430939227,2.39859370297,0.11
3414,167.5,142.8,136.684714833,4.34,-0.593471810089,-1.38121546961,2.39859370297,-0.02
3415,146.7,148,144.551595951,4.27,-12.9376854599,2.20994475138,8.29213903749,-0.09
3416,166.9,144.4,125.070398149,4.3,-0.949554896142,-0.276243093923,-6.30237696994,-0.06
3417,164.6,145.8,158.476199458,4.44,-2.31454005935,0.690607734807,18.7238820361,0.08
3418,171.2,143.6,144.551595951,4.3,1.60237388724,-0.828729281768,8.29213903749,-0.06
3419,176,146.3,137.824842105,4.46,4.45103857567,1.03591160221,3.25273038909,0.1
3420,165.4,144.2,135.295494737,4.47,-1.83976261128,-0.414364640884,1.35784686952,0.11
3421,167.8,144.5,128.393411802,4.21,-0.415430267062,-0.207182320442,-3.81291115555,-0.15
3422,177.5,147.9,128.393411802,4.41,5.3412462908,2.1408839779,-3.81291115555,0.05
3423,162.2,144.9,138.648217105,4.55,-3.73887240356,0.0690607734807,3.86956923748,0.19
3424,165,143.7,135.295494737,4.3,-2.07715133531,-0.759668508287,1.35784686952,-0.06
3425,169.8,144.7,136.684714833,4.34,0.771513353116,-0.0690607734807,2.39859370297,-0.02
3426,168.2,144,138.648217105,4.3,-0.178041543027,-0.552486187845,3.86956923748,-0.06
3427,164.3,143.7,137.824842105,4.44,-2.49258160237,-0.759668508287,3.25273038909,0.08
3428,170.6,148.6,135.295494737,4.38,1.24629080119,2.62430939227,1.35784686952,0.02
3429,174.6,142.8,138.648217105,4.38,3.62017804154,-1.38121546961,3.86956923748,0.02
3430,176.2,144.1,128.393411802,4.34,4.56973293769,-0.483425414365,-3.81291115555,-0.02
3431,165.4,143.7,158.476199458,4.27,-1.83976261128,-0.759668508287,18.7238820361,-0.09
3432,170.8,141,128.393411802,4.38,1.3649851632,-2.62430939227,-3.81291115555,0.02
3433,162.6,143.6,128.393411802,4.34,-3.50148367953,-0.828729281768,-3.81291115555,-0.02
3434,176,143.4,136.684714833,4.44,4.45103857567,-0.966850828729,2.39859370297,0.08
3435,176,144.8,124.919575439,4.46,4.45103857567,0,-6.4153671714,0.1
3436,165,145.1,138.648217105,4.41,-2.07715133531,0.207182320442,3.86956923748,0.05
3437,175.7,140.4,122.121664327,4.34,4.27299703264,-3.03867403315,-8.51144765439,-0.02
3438,168.6,144.5,128.393411802,4.42,0.0593471810089,-0.207182320442,-3.81291115555,0.06
3439,165.4,141.6,158.476199458,4.41,-1.83976261128,-2.20994475138,18.7238820361,0.05
3440,168.7,144.4,144.551595951,4.47,0.118694362018,-0.276243093923,8.29213903749,0.11
3441,167.9,144.3,128.393411802,4.45,-0.356083086053,-0.345303867403,-3.81291115555,0.09
3442,171.2,142.6,122.121664327,4.42,1.60237388724,-1.51933701657,-8.51144765439,0.06
3443,174.5,143.4,125.070398149,4.46,3.56083086053,-0.966850828729,-6.30237696994,0.1
3444,170,144.8,122.121664327,4.32,0.890207715134,0,-8.51144765439,-0.04
3445,170.8,145.7,124.919575439,4.29,1.3649851632,0.621546961326,-6.4153671714,-0.07
3446,159.8,144.2,135.295494737,4.46,-5.16320474777,-0.414364640884,1.35784686952,0.1
3447,168.7,144,136.684714833,4.53,0.118694362018,-0.552486187845,2.39859370297,0.17
3448,169.3,144.5,144.551595951,4.39,0.474777448071,-0.207182320442,8.29213903749,0.03
3449,164.6,144.6,158.476199458,4.29,-2.31454005935,-0.138121546961,18.7238820361,-0.07
3450,164.5,146.9,124.919575439,4.21,-2.37388724036,1.45027624309,-6.4153671714,-0.15
3451,170.1,144.2,124.919575439,4.41,0.949554896142,-0.414364640884,-6.4153671714,0.05
3452,174.5,146.1,135.295494737,4.35,3.56083086053,0.897790055249,1.35784686952,-0.01
3453,161.6,144.8,138.648217105,4.3,-4.09495548961,0,3.86956923748,-0.06
3454,166.1,144.9,128.393411802,4.29,-1.42433234421,0.0690607734807,-3.81291115555,-0.07
3455,170,143.8,136.684714833,4.3,0.890207715134,-0.690607734807,2.39859370297,-0.06
3456,161.6,143.5,138.648217105,4.47,-4.09495548961,-0.897790055249,3.86956923748,0.11
3457,162.9,144.2,124.919575439,4.39,-3.3234421365,-0.414364640884,-6.4153671714,0.03
3458,170.2,144,135.295494737,4.34,1.00890207715,-0.552486187845,1.35784686952,-0.02
3459,161.7,144.7,144.551595951,4.27,-4.03560830861,-0.0690607734807,8.29213903749,-0.09
3460,166.9,145.5,136.684714833,4.44,-0.949554896142,0.483425414365,2.39859370297,0.08
3461,153.9,143.7,122.121664327,4.27,-8.6646884273,-0.759668508287,-8.51144765439,-0.09
3462,162.9,144.6,135.295494737,4.55,-3.3234421365,-0.138121546961,1.35784686952,0.19
3463,167.1,143.7,128.393411802,4.41,-0.830860534125,-0.759668508287,-3.81291115555,0.05
3464,168.2,144.5,138.648217105,4.6,-0.178041543027,-0.207182320442,3.86956923748,0.24
3465,167.8,144.9,122.121664327,4.3,-0.415430267062,0.0690607734807,-8.51144765439,-0.06
3466,185.7,146.1,122.121664327,4.47,10.2077151335,0.897790055249,-8.51144765439,0.11
3467,169.2,143.8,128.393411802,4.27,0.415430267062,-0.690607734807,-3.81291115555,-0.09
3468,159.8,145.5,122.121664327,4.41,-5.16320474777,0.483425414365,-8.51144765439,0.05
3469,166.2,146.9,144.551595951,4.46,-1.3649851632,1.45027624309,8.29213903749,0.1
3470,172.4,144.3,144.551595951,4.36,2.31454005935,-0.345303867403,8.29213903749,0
3471,165.4,143.3,122.121664327,4.21,-1.83976261128,-1.03591160221,-8.51144765439,-0.15
3472,176,147.1,144.551595951,4.23,4.45103857567,1.58839779006,8.29213903749,-0.13
3473,167.4,144.9,124.919575439,4.24,-0.652818991098,0.0690607734807,-6.4153671714,-0.12
3474,185.7,148,122.121664327,4.3,10.2077151335,2.20994475138,-8.51144765439,-0.06
3475,170.3,144.8,125.070398149,4.35,1.06824925816,0,-6.30237696994,-0.01
3476,167.4,146.3,136.684714833,4.27,-0.652818991098,1.03591160221,2.39859370297,-0.09
3477,173.3,144.4,137.824842105,4.39,2.84866468843,-0.276243093923,3.25273038909,0.03
3478,174.5,145.2,128.393411802,4.29,3.56083086053,0.276243093923,-3.81291115555,-0.07
3479,161.6,143.3,136.684714833,4.35,-4.09495548961,-1.03591160221,2.39859370297,-0.01
3480,170.2,143.7,122.121664327,4.31,1.00890207715,-0.759668508287,-8.51144765439,-0.05
3481,164.5,143.9,137.824842105,4.44,-2.37388724036,-0.621546961326,3.25273038909,0.08
3482,166.2,144.8,137.824842105,4.23,-1.3649851632,0,3.25273038909,-0.13
3483,168.2,145.2,136.684714833,4.36,-0.178041543027,0.276243093923,2.39859370297,0
3484,168.3,144.2,124.919575439,4.31,-0.118694362018,-0.414364640884,-6.4153671714,-0.05
3485,164.5,143.5,122.121664327,4.53,-2.37388724036,-0.897790055249,-8.51144765439,0.17
3486,161.7,144.8,158.476199458,4.29,-4.03560830861,0,18.7238820361,-0.07
3487,171.8,144.1,124.919575439,4.47,1.95845697329,-0.483425414365,-6.4153671714,0.11
3488,170.2,143.6,135.295494737,4.34,1.00890207715,-0.828729281768,1.35784686952,-0.02
3489,165.7,143.7,137.824842105,4.38,-1.66172106825,-0.759668508287,3.25273038909,0.02
3490,167.9,144.8,122.121664327,4.3,-0.356083086053,0,-8.51144765439,-0.06
3491,168.3,144.5,128.393411802,4.32,-0.118694362018,-0.207182320442,-3.81291115555,-0.04
3492,167.5,143.9,125.070398149,4.44,-0.593471810089,-0.621546961326,-6.30237696994,0.08
3493,190.9,143.3,144.551595951,4.24,13.293768546,-1.03591160221,8.29213903749,-0.12
3494,162.2,145.2,136.684714833,4.29,-3.73887240356,0.276243093923,2.39859370297,-0.07
3495,169.4,144.5,135.295494737,4.38,0.53412462908,-0.207182320442,1.35784686952,0.02
3496,198.1,147.5,128.393411802,4.53,17.5667655786,1.86464088398,-3.81291115555,0.17
3497,159.8,144.5,144.551595951,4.24,-5.16320474777,-0.207182320442,8.29213903749,-0.12
3498,172.4,145.1,125.070398149,4.45,2.31454005935,0.207182320442,-6.30237696994,0.09
3499,174.3,147.5,135.295494737,4.29,3.44213649852,1.86464088398,1.35784686952,-0.07
3500,167.8,144.2,138.648217105,4.42,-0.415430267062,-0.414364640884,3.86956923748,0.06
3501,163.7,145.8,158.476199458,4.3,-2.84866468843,0.690607734807,18.7238820361,-0.06
3502,161.3,145.2,135.295494737,4.44,-4.27299703264,0.276243093923,1.35784686952,0.08
3503,174.1,143.9,124.919575439,4.3,3.3234421365,-0.621546961326,-6.4153671714,-0.06
3504,170.8,143.7,158.476199458,4.27,1.3649851632,-0.759668508287,18.7238820361,-0.09
3505,167.1,143.8,124.919575439,4.35,-0.830860534125,-0.690607734807,-6.4153671714,-0.01
3506,169.9,144.2,135.295494737,4.6,0.830860534125,-0.414364640884,1.35784686952,0.24
3507,185.7,144.8,128.393411802,4.47,10.2077151335,0,-3.81291115555,0.11
3508,170.8,143.7,128.393411802,4.47,1.3649851632,-0.759668508287,-3.81291115555,0.11
3509,176,144.8,138.648217105,4.42,4.45103857567,0,3.86956923748,0.06
3510,167.8,141,125.070398149,4.47,-0.415430267062,-2.62430939227,-6.30237696994,0.11
3511,168.6,147.3,124.919575439,4.6,0.0593471810089,1.72651933702,-6.4153671714,0.24
3512,169.9,144.5,124.919575439,4.29,0.830860534125,-0.207182320442,-6.4153671714,-0.07
3513,173.2,144.4,144.551595951,4.21,2.78931750742,-0.276243093923,8.29213903749,-0.15
3514,174.4,143.9,124.919575439,4.46,3.50148367953,-0.621546961326,-6.4153671714,0.1
3515,168.4,143.6,135.295494737,4.31,-0.0593471810089,-0.828729281768,1.35784686952,-0.05
3516,163.7,144.3,128.393411802,4.21,-2.84866468843,-0.345303867403,-3.81291115555,-0.15
3517,153.9,144.6,128.393411802,4.27,-8.6646884273,-0.138121546961,-3.81291115555,-0.09
3518,164.5,144.5,124.919575439,4.29,-2.37388724036,-0.207182320442,-6.4153671714,-0.07
3519,167.5,144.8,128.393411802,4.21,-0.593471810089,0,-3.81291115555,-0.15
3520,162.6,143.9,137.824842105,4.41,-3.50148367953,-0.621546961326,3.25273038909,0.05
3521,170.3,141.4,138.648217105,4.23,1.06824925816,-2.34806629834,3.86956923748,-0.13
3522,169.9,144.8,135.295494737,4.42,0.830860534125,0,1.35784686952,0.06
3523,168.6,144.5,158.476199458,4.3,0.0593471810089,-0.207182320442,18.7238820361,-0.06
3524,161.3,143.6,124.919575439,4.31,-4.27299703264,-0.828729281768,-6.4153671714,-0.05
3525,166.1,144.6,158.476199458,4.38,-1.42433234421,-0.138121546961,18.7238820361,0.02
3526,185.7,148.6,144.551595951,4.44,10.2077151335,2.62430939227,8.29213903749,0.08
3527,166.2,143.9,125.070398149,4.41,-1.3649851632,-0.621546961326,-6.30237696994,0.05
3528,168.7,146.1,137.824842105,4.45,0.118694362018,0.897790055249,3.25273038909,0.09
3529,153.9,144,158.476199458,4.27,-8.6646884273,-0.552486187845,18.7238820361,-0.09
3530,192.4,144.4,125.070398149,4.6,14.1839762611,-0.276243093923,-6.30237696994,0.24
3531,163.7,144.6,128.393411802,4.3,-2.84866468843,-0.138121546961,-3.81291115555,-0.06
3532,166.1,143.5,138.648217105,4.34,-1.42433234421,-0.897790055249,3.86956923748,-0.02
3533,198.1,143.3,158.476199458,4.27,17.5667655786,-1.03591160221,18.7238820361,-0.09
3534,199.9,148.6,138.648217105,4.46,18.6350148368,2.62430939227,3.86956923748,0.1
3535,170.1,146.9,135.295494737,4.44,0.949554896142,1.45027624309,1.35784686952,0.08
3536,153.9,144.2,125.070398149,4.29,-8.6646884273,-0.414364640884,-6.30237696994,-0.07
3537,164.8,144.8,124.919575439,4.47,-2.19584569733,0,-6.4153671714,0.11
3538,174.3,147.3,124.919575439,4.55,3.44213649852,1.72651933702,-6.4153671714,0.19
3539,164.8,144.9,144.551595951,4.41,-2.19584569733,0.0690607734807,8.29213903749,0.05
3540,176.2,144.4,144.551595951,4.27,4.56973293769,-0.276243093923,8.29213903749,-0.09
3541,170.1,148.6,122.121664327,4.29,0.949554896142,2.62430939227,-8.51144765439,-0.07
3542,167.5,144.9,136.684714833,4.29,-0.593471810089,0.0690607734807,2.39859370297,-0.07
3543,174.1,147.9,158.476199458,4.29,3.3234421365,2.1408839779,18.7238820361,-0.07
3544,163.7,145.7,144.551595951,4.3,-2.84866468843,0.621546961326,8.29213903749,-0.06
3545,167.8,142.8,128.393411802,4.41,-0.415430267062,-1.38121546961,-3.81291115555,0.05
3546,153.9,143.6,135.295494737,4.47,-8.6646884273,-0.828729281768,1.35784686952,0.11
3547,174.1,144.8,138.648217105,4.44,3.3234421365,0,3.86956923748,0.08
3548,185.7,143.6,135.295494737,4.3,10.2077151335,-0.828729281768,1.35784686952,-0.06
3549,162.2,146.1,128.393411802,4.36,-3.73887240356,0.897790055249,-3.81291115555,0
3550,168.2,144.7,122.121664327,4.44,-0.178041543027,-0.0690607734807,-8.51144765439,0.08
3551,174.4,144,135.295494737,4.3,3.50148367953,-0.552486187845,1.35784686952,-0.06
3552,168.6,143.7,136.684714833,4.3,0.0593471810089,-0.759668508287,2.39859370297,-0.06
3553,176.2,144.5,124.919575439,4.47,4.56973293769,-0.207182320442,-6.4153671714,0.11
3554,169.4,143.7,144.551595951,4.24,0.53412462908,-0.759668508287,8.29213903749,-0.12
3555,170.1,141,122.121664327,4.21,0.949554896142,-2.62430939227,-8.51144765439,-0.15
3556,162.2,143.8,138.648217105,4.21,-3.73887240356,-0.690607734807,3.86956923748,-0.15
3557,176,145.2,124.919575439,4.53,4.45103857567,0.276243093923,-6.4153671714,0.17
3558,164.6,140.4,137.824842105,4.29,-2.31454005935,-3.03867403315,3.25273038909,-0.07
3559,170.1,144,128.393411802,4.6,0.949554896142,-0.552486187845,-3.81291115555,0.24
3560,169.9,145.2,122.121664327,4.27,0.830860534125,0.276243093923,-8.51144765439,-0.09
3561,171.2,143.6,135.295494737,4.55,1.60237388724,-0.828729281768,1.35784686952,0.19
3562,166.1,144.2,158.476199458,4.44,-1.42433234421,-0.414364640884,18.7238820361,0.08
3563,165.4,144.8,128.393411802,4.31,-1.83976261128,0,-3.81291115555,-0.05
3564,177.5,144.2,122.121664327,4.3,5.3412462908,-0.414364640884,-8.51144765439,-0.06
3565,174.5,144.3,144.551595951,4.42,3.56083086053,-0.345303867403,8.29213903749,0.06
3566,167.8,144.5,135.295494737,4.44,-0.415430267062,-0.207182320442,1.35784686952,0.08
3567,153.9,143.3,122.121664327,4.42,-8.6646884273,-1.03591160221,-8.51144765439,0.06
3568,153.9,143.3,124.919575439,4.36,-8.6646884273,-1.03591160221,-6.4153671714,0
3569,163.7,143.6,122.121664327,4.42,-2.84866468843,-0.828729281768,-8.51144765439,0.06
3570,176,144,136.684714833,4.42,4.45103857567,-0.552486187845,2.39859370297,0.06
3571,168.2,143.3,124.919575439,4.21,-0.178041543027,-1.03591160221,-6.4153671714,-0.15
3572,165.5,144.5,122.121664327,4.41,-1.78041543027,-0.207182320442,-8.51144765439,0.05
3573,170.2,143.7,128.393411802,4.39,1.00890207715,-0.759668508287,-3.81291115555,0.03
3574,170.1,144.6,137.824842105,4.44,0.949554896142,-0.138121546961,3.25273038909,0.08
3575,169.4,144.7,137.824842105,4.35,0.53412462908,-0.0690607734807,3.25273038909,-0.01
3576,162.9,144.4,158.476199458,4.21,-3.3234421365,-0.276243093923,18.7238820361,-0.15
3577,165,142.6,128.393411802,4.41,-2.07715133531,-1.51933701657,-3.81291115555,0.05
3578,146.7,143.5,144.551595951,4.46,-12.9376854599,-0.897790055249,8.29213903749,0.1
3579,192.4,144.2,144.551595951,4.31,14.1839762611,-0.414364640884,8.29213903749,-0.05
3580,169.2,144.4,136.684714833,4.42,0.415430267062,-0.276243093923,2.39859370297,0.06
3581,168.6,145.2,125.070398149,4.34,0.0593471810089,0.276243093923,-6.30237696994,-0.02
3582,161.3,141.6,158.476199458,4.6,-4.27299703264,-2.20994475138,18.7238820361,0.24
3583,168.7,148,138.648217105,4.46,0.118694362018,2.20994475138,3.86956923748,0.1
3584,169.2,144.8,124.919575439,4.39,0.415430267062,0,-6.4153671714,0.03
3585,156.1,144.2,128.393411802,4.36,-7.3590504451,-0.414364640884,-3.81291115555,0
3586,167.4,146.1,144.551595951,4.38,-0.652818991098,0.897790055249,8.29213903749,0.02
3587,168.3,145.2,144.551595951,4.6,-0.118694362018,0.276243093923,8.29213903749,0.24
3588,170.1,147.3,122.121664327,4.35,0.949554896142,1.72651933702,-8.51144765439,-0.01
3589,162.2,143.8,137.824842105,4.31,-3.73887240356,-0.690607734807,3.25273038909,-0.05
3590,161.7,145.2,124.919575439,4.23,-4.03560830861,0.276243093923,-6.4153671714,-0.13
3591,146.7,144.6,124.919575439,4.41,-12.9376854599,-0.138121546961,-6.4153671714,0.05
3592,168.3,146.3,128.393411802,4.44,-0.118694362018,1.03591160221,-3.81291115555,0.08
3593,161.3,147.1,138.648217105,4.3,-4.27299703264,1.58839779006,3.86956923748,-0.06
3594,165.5,143.3,136.684714833,4.53,-1.78041543027,-1.03591160221,2.39859370297,0.17
3595,171,140.4,124.919575439,4.38,1.48367952522,-3.03867403315,-6.4153671714,0.02
3596,163.7,144.8,128.393411802,4.24,-2.84866468843,0,-3.81291115555,-0.12
3597,166.9,144.2,122.121664327,4.39,-0.949554896142,-0.414364640884,-8.51144765439,0.03
3598,198.1,145.2,124.919575439,4.27,17.5667655786,0.276243093923,-6.4153671714,-0.09
3599,163.7,145.2,122.121664327,4.34,-2.84866468843,0.276243093923,-8.51144765439,-0.02
3600,164.5,143.6,124.919575439,4.3,-2.37388724036,-0.828729281768,-6.4153671714,-0.06
3601,167.6,143.4,128.393411802,4.24,-0.53412462908,-0.966850828729,-3.81291115555,-0.12
3602,169.2,146.3,124.919575439,4.38,0.415430267062,1.03591160221,-6.4153671714,0.02
3603,190.9,144.4,128.393411802,4.3,13.293768546,-0.276243093923,-3.81291115555,-0.06
3604,199.6,141.4,158.476199458,4.34,18.4569732938,-2.34806629834,18.7238820361,-0.02
3605,170.2,143.8,135.295494737,4.6,1.00890207715,-0.690607734807,1.35784686952,0.24
3606,146.7,144,128.393411802,4.27,-12.9376854599,-0.552486187845,-3.81291115555,-0.09
3607,176.2,144.7,137.824842105,4.3,4.56973293769,-0.0690607734807,3.25273038909,-0.06
3608,167.8,143.6,136.684714833,4.21,-0.415430267062,-0.828729281768,2.39859370297,-0.15
3609,164.5,141,144.551595951,4.6,-2.37388724036,-2.62430939227,8.29213903749,0.24
3610,169.2,145.1,158.476199458,4.24,0.415430267062,0.207182320442,18.7238820361,-0.12
3611,175.7,141.4,125.070398149,4.53,4.27299703264,-2.34806629834,-6.30237696994,0.17
3612,177.5,144.3,158.476199458,4.35,5.3412462908,-0.345303867403,18.7238820361,-0.01
3613,168.4,144.4,138.648217105,4.53,-0.0593471810089,-0.276243093923,3.86956923748,0.17
3614,165.5,144.5,137.824842105,4.21,-1.78041543027,-0.207182320442,3.25273038909,-0.15
3615,176.2,144.5,137.824842105,4.35,4.56973293769,-0.207182320442,3.25273038909,-0.01
3616,172.4,144.3,144.551595951,4.21,2.31454005935,-0.345303867403,8.29213903749,-0.15
3617,198.1,145.1,138.648217105,4.38,17.5667655786,0.207182320442,3.86956923748,0.02
3618,169.8,146.9,136.684714833,4.35,0.771513353116,1.45027624309,2.39859370297,-0.01
3619,199.6,143.9,138.648217105,4.47,18.4569732938,-0.621546961326,3.86956923748,0.11
3620,163.7,144.4,125.070398149,4.3,-2.84866468843,-0.276243093923,-6.30237696994,-0.06
3621,164.8,145.2,122.121664327,4.34,-2.19584569733,0.276243093923,-8.51144765439,-0.02
3622,165.7,144.3,136.684714833,4.47,-1.66172106825,-0.345303867403,2.39859370297,0.11
3623,176.6,144.8,135.295494737,4.44,4.80712166172,0,1.35784686952,0.08
3624,165.7,144.5,137.824842105,4.46,-1.66172106825,-0.207182320442,3.25273038909,0.1
3625,163.3,146.3,136.684714833,4.44,-3.08605341246,1.03591160221,2.39859370297,0.08
3626,163.3,144.5,136.684714833,4.6,-3.08605341246,-0.207182320442,2.39859370297,0.24
3627,176.2,144.4,136.684714833,4.29,4.56973293769,-0.276243093923,2.39859370297,-0.07
3628,169.8,144.9,135.295494737,4.32,0.771513353116,0.0690607734807,1.35784686952,-0.04
3629,167.5,144.6,158.476199458,4.55,-0.593471810089,-0.138121546961,18.7238820361,0.19
3630,166.4,144.8,136.684714833,4.6,-1.24629080119,0,2.39859370297,0.24
3631,165,143.4,136.684714833,4.38,-2.07715133531,-0.966850828729,2.39859370297,0.02
3632,165.7,144.1,137.824842105,4.34,-1.66172106825,-0.483425414365,3.25273038909,-0.02
3633,164.3,144.8,158.476199458,4.3,-2.49258160237,0,18.7238820361,-0.06
3634,167.9,143.7,136.684714833,4.3,-0.356083086053,-0.759668508287,2.39859370297,-0.06
3635,167.6,143.9,124.919575439,4.46,-0.53412462908,-0.621546961326,-6.4153671714,0.1
3636,168.7,143.5,137.824842105,4.35,0.118694362018,-0.897790055249,3.25273038909,-0.01
3637,166.1,144.3,125.070398149,4.3,-1.42433234421,-0.345303867403,-6.30237696994,-0.06
3638,163.3,143.9,136.684714833,4.34,-3.08605341246,-0.621546961326,2.39859370297,-0.02
3639,171.2,141.4,144.551595951,4.41,1.60237388724,-2.34806629834,8.29213903749,0.05
3640,176,144,124.919575439,4.29,4.45103857567,-0.552486187845,-6.4153671714,-0.07
3641,163.7,144,136.684714833,4.6,-2.84866468843,-0.552486187845,2.39859370297,0.24
3642,176.6,144.3,136.684714833,4.6,4.80712166172,-0.345303867403,2.39859370297,0.24
3643,170.2,144.6,144.551595951,4.55,1.00890207715,-0.138121546961,8.29213903749,0.19
3644,174.4,143.2,125.070398149,4.21,3.50148367953,-1.10497237569,-6.30237696994,-0.15
3645,167.8,144.6,128.393411802,4.27,-0.415430267062,-0.138121546961,-3.81291115555,-0.09
3646,169.9,143.4,137.824842105,4.45,0.830860534125,-0.966850828729,3.25273038909,0.09
3647,176.2,141.6,158.476199458,4.3,4.56973293769,-2.20994475138,18.7238820361,-0.06
3648,170.8,144.9,144.551595951,4.53,1.3649851632,0.0690607734807,8.29213903749,0.17
3649,170.2,144.8,136.684714833,4.38,1.00890207715,0,2.39859370297,0.02
3650,170.1,141.6,125.070398149,4.23,0.949554896142,-2.20994475138,-6.30237696994,-0.13
3651,161.3,143.5,124.919575439,4.45,-4.27299703264,-0.897790055249,-6.4153671714,0.09
3652,176,142.6,128.393411802,4.41,4.45103857567,-1.51933701657,-3.81291115555,0.05
3653,174.5,147.5,128.393411802,4.42,3.56083086053,1.86464088398,-3.81291115555,0.06
3654,163.7,141.4,122.121664327,4.41,-2.84866468843,-2.34806629834,-8.51144765439,0.05
3655,173.3,143.6,138.648217105,4.21,2.84866468843,-0.828729281768,3.86956923748,-0.15
3656,161.6,144,125.070398149,4.21,-4.09495548961,-0.552486187845,-6.30237696994,-0.15
3657,199.6,145.1,144.551595951,4.31,18.4569732938,0.207182320442,8.29213903749,-0.05
3658,176,144,124.919575439,4.27,4.45103857567,-0.552486187845,-6.4153671714,-0.09
3659,162.6,144.4,135.295494737,4.44,-3.50148367953,-0.276243093923,1.35784686952,0.08
3660,161.3,144.2,158.476199458,4.47,-4.27299703264,-0.414364640884,18.7238820361,0.11
3661,185.7,145.2,138.648217105,4.31,10.2077151335,0.276243093923,3.86956923748,-0.05
3662,165.5,143.7,124.919575439,4.38,-1.78041543027,-0.759668508287,-6.4153671714,0.02
3663,163.3,144.9,125.070398149,4.23,-3.08605341246,0.0690607734807,-6.30237696994,-0.13
3664,168.6,141,124.919575439,4.24,0.0593471810089,-2.62430939227,-6.4153671714,-0.12
3665,168.7,144.5,135.295494737,4.27,0.118694362018,-0.207182320442,1.35784686952,-0.09
3666,164.8,145.2,124.919575439,4.53,-2.19584569733,0.276243093923,-6.4153671714,0.17
3667,175.7,144.2,137.824842105,4.39,4.27299703264,-0.414364640884,3.25273038909,0.03
3668,170.2,144,135.295494737,4.47,1.00890207715,-0.552486187845,1.35784686952,0.11
3669,165,144.4,135.295494737,4.27,-2.07715133531,-0.276243093923,1.35784686952,-0.09
3670,170.2,145.2,137.824842105,4.6,1.00890207715,0.276243093923,3.25273038909,0.24
3671,174.6,144.5,137.824842105,4.3,3.62017804154,-0.207182320442,3.25273038909,-0.06
3672,168.7,144.6,137.824842105,4.35,0.118694362018,-0.138121546961,3.25273038909,-0.01
3673,164.6,143.6,144.551595951,4.46,-2.31454005935,-0.828729281768,8.29213903749,0.1
3674,173.3,148.6,138.648217105,4.32,2.84866468843,2.62430939227,3.86956923748,-0.04
3675,173.3,144,137.824842105,4.3,2.84866468843,-0.552486187845,3.25273038909,-0.06
3676,165,143.3,122.121664327,4.47,-2.07715133531,-1.03591160221,-8.51144765439,0.11
3677,167.8,144.8,144.551595951,4.47,-0.415430267062,0,8.29213903749,0.11
3678,169.4,143.7,122.121664327,4.3,0.53412462908,-0.759668508287,-8.51144765439,-0.06
3679,161.7,143.7,122.121664327,4.24,-4.03560830861,-0.759668508287,-8.51144765439,-0.12
3680,170.6,143.7,125.070398149,4.44,1.24629080119,-0.759668508287,-6.30237696994,0.08
3681,164.3,144.4,124.919575439,4.44,-2.49258160237,-0.276243093923,-6.4153671714,0.08
3682,159.8,143.6,122.121664327,4.45,-5.16320474777,-0.828729281768,-8.51144765439,0.09
3683,163.3,143.7,138.648217105,4.23,-3.08605341246,-0.759668508287,3.86956923748,-0.13
3684,170.2,145.2,128.393411802,4.3,1.00890207715,0.276243093923,-3.81291115555,-0.06
3685,167.8,144.9,136.684714833,4.6,-0.415430267062,0.0690607734807,2.39859370297,0.24
3686,173.3,145.2,124.919575439,4.47,2.84866468843,0.276243093923,-6.4153671714,0.11
3687,167.1,142.8,128.393411802,4.44,-0.830860534125,-1.38121546961,-3.81291115555,0.08
3688,174.3,144,124.919575439,4.6,3.44213649852,-0.552486187845,-6.4153671714,0.24
3689,169.2,144.5,137.824842105,4.29,0.415430267062,-0.207182320442,3.25273038909,-0.07
3690,146.7,144.3,144.551595951,4.38,-12.9376854599,-0.345303867403,8.29213903749,0.02
3691,165.7,142.6,128.393411802,4.55,-1.66172106825,-1.51933701657,-3.81291115555,0.19
3692,176.2,144.5,136.684714833,4.45,4.56973293769,-0.207182320442,2.39859370297,0.09
3693,185.7,147.1,135.295494737,4.6,10.2077151335,1.58839779006,1.35784686952,0.24
3694,169.8,143.9,158.476199458,4.41,0.771513353116,-0.621546961326,18.7238820361,0.05
3695,166.9,144.6,138.648217105,4.44,-0.949554896142,-0.138121546961,3.86956923748,0.08
3696,153.9,144.3,137.824842105,4.6,-8.6646884273,-0.345303867403,3.25273038909,0.24
3697,160.6,143.6,135.295494737,4.35,-4.6884272997,-0.828729281768,1.35784686952,-0.01
3698,199.9,140.4,158.476199458,4.6,18.6350148368,-3.03867403315,18.7238820361,0.24
3699,171,144.5,144.551595951,4.35,1.48367952522,-0.207182320442,8.29213903749,-0.01
3700,167.4,144.8,158.476199458,4.32,-0.652818991098,0,18.7238820361,-0.04
3701,169.8,144.8,158.476199458,4.32,0.771513353116,0,18.7238820361,-0.04
3702,176.6,147.3,137.824842105,4.46,4.80712166172,1.72651933702,3.25273038909,0.1
3703,172.4,144.4,125.070398149,4.32,2.31454005935,-0.276243093923,-6.30237696994,-0.04
3704,170.1,143.7,158.476199458,4.35,0.949554896142,-0.759668508287,18.7238820361,-0.01
3705,170.6,144,138.648217105,4.23,1.24629080119,-0.552486187845,3.86956923748,-0.13
3706,166.2,144.2,136.684714833,4.39,-1.3649851632,-0.414364640884,2.39859370297,0.03
3707,176,144,128.393411802,4.41,4.45103857567,-0.552486187845,-3.81291115555,0.05
3708,164.5,144.3,138.648217105,4.35,-2.37388724036,-0.345303867403,3.86956923748,-0.01
3709,170,143.5,144.551595951,4.44,0.890207715134,-0.897790055249,8.29213903749,0.08
3710,156.1,144,125.070398149,4.55,-7.3590504451,-0.552486187845,-6.30237696994,0.19
3711,198.1,144.9,136.684714833,4.47,17.5667655786,0.0690607734807,2.39859370297,0.11
3712,165.7,144.4,135.295494737,4.3,-1.66172106825,-0.276243093923,1.35784686952,-0.06
3713,167.9,146.9,144.551595951,4.31,-0.356083086053,1.45027624309,8.29213903749,-0.05
3714,168.6,144,125.070398149,4.55,0.0593471810089,-0.552486187845,-6.30237696994,0.19
3715,161.3,144,138.648217105,4.42,-4.27299703264,-0.552486187845,3.86956923748,0.06
3716,161.6,145.2,124.919575439,4.35,-4.09495548961,0.276243093923,-6.4153671714,-0.01
3717,173.2,144.6,122.121664327,4.55,2.78931750742,-0.138121546961,-8.51144765439,0.19
3718,168.7,145.8,128.393411802,4.44,0.118694362018,0.690607734807,-3.81291115555,0.08
3719,174.5,144.5,124.919575439,4.29,3.56083086053,-0.207182320442,-6.4153671714,-0.07
3720,159.8,143.6,128.393411802,4.39,-5.16320474777,-0.828729281768,-3.81291115555,0.03
3721,169.2,146.3,124.919575439,4.6,0.415430267062,1.03591160221,-6.4153671714,0.24
3722,175.7,148,136.684714833,4.27,4.27299703264,2.20994475138,2.39859370297,-0.09
3723,167.4,144.9,135.295494737,4.44,-0.652818991098,0.0690607734807,1.35784686952,0.08
3724,162.9,143.9,128.393411802,4.23,-3.3234421365,-0.621546961326,-3.81291115555,-0.13
3725,166.1,143.2,124.919575439,4.39,-1.42433234421,-1.10497237569,-6.4153671714,0.03
3726,168.7,144.1,122.121664327,4.41,0.118694362018,-0.483425414365,-8.51144765439,0.05
3727,172.4,143.4,135.295494737,4.38,2.31454005935,-0.966850828729,1.35784686952,0.02
3728,167.1,144.8,138.648217105,4.35,-0.830860534125,0,3.86956923748,-0.01
3729,168.6,144.4,138.648217105,4.38,0.0593471810089,-0.276243093923,3.86956923748,0.02
3730,167.9,144.2,125.070398149,4.42,-0.356083086053,-0.414364640884,-6.30237696994,0.06
3731,170.2,143.9,144.551595951,4.39,1.00890207715,-0.621546961326,8.29213903749,0.03
3732,163.7,144,137.824842105,4.6,-2.84866468843,-0.552486187845,3.25273038909,0.24
3733,169.3,143.3,125.070398149,4.53,0.474777448071,-1.03591160221,-6.30237696994,0.17
3734,153.9,144.6,125.070398149,4.24,-8.6646884273,-0.138121546961,-6.30237696994,-0.12
3735,161.3,144.8,124.919575439,4.44,-4.27299703264,0,-6.4153671714,0.08
3736,170.1,142.6,138.648217105,4.31,0.949554896142,-1.51933701657,3.86956923748,-0.05
3737,169.4,143.4,136.684714833,4.32,0.53412462908,-0.966850828729,2.39859370297,-0.04
3738,170.6,147.5,125.070398149,4.3,1.24629080119,1.86464088398,-6.30237696994,-0.06
3739,173,144.5,124.919575439,4.29,2.6706231454,-0.207182320442,-6.4153671714,-0.07
3740,170.1,144,158.476199458,4.23,0.949554896142,-0.552486187845,18.7238820361,-0.13
3741,162.6,144.6,128.393411802,4.35,-3.50148367953,-0.138121546961,-3.81291115555,-0.01
3742,199.9,148.6,144.551595951,4.32,18.6350148368,2.62430939227,8.29213903749,-0.04
3743,169.3,144.4,144.551595951,4.38,0.474777448071,-0.276243093923,8.29213903749,0.02
3744,177.5,141,124.919575439,4.35,5.3412462908,-2.62430939227,-6.4153671714,-0.01
3745,165.7,144.8,144.551595951,4.47,-1.66172106825,0,8.29213903749,0.11
3746,169.4,144.5,136.684714833,4.44,0.53412462908,-0.207182320442,2.39859370297,0.08
3747,167.4,144.4,138.648217105,4.27,-0.652818991098,-0.276243093923,3.86956923748,-0.09
3748,192.4,144.9,135.295494737,4.32,14.1839762611,0.0690607734807,1.35784686952,-0.04
3749,199.9,143.5,135.295494737,4.35,18.6350148368,-0.897790055249,1.35784686952,-0.01
3750,161.7,143.9,137.824842105,4.38,-4.03560830861,-0.621546961326,3.25273038909,0.02
3751,168.6,145.2,137.824842105,4.55,0.0593471810089,0.276243093923,3.25273038909,0.19
3752,171,145.5,137.824842105,4.36,1.48367952522,0.483425414365,3.25273038909,0
3753,175.7,144.6,136.684714833,4.38,4.27299703264,-0.138121546961,2.39859370297,0.02
3754,170,145.7,135.295494737,4.44,0.890207715134,0.621546961326,1.35784686952,0.08
3755,146.7,143.7,122.121664327,4.34,-12.9376854599,-0.759668508287,-8.51144765439,-0.02
3756,167.3,144.9,124.919575439,4.47,-0.712166172107,0.0690607734807,-6.4153671714,0.11
3757,169.4,143.9,136.684714833,4.35,0.53412462908,-0.621546961326,2.39859370297,-0.01
3758,166.4,144.2,158.476199458,4.44,-1.24629080119,-0.414364640884,18.7238820361,0.08
3759,168.4,144.2,128.393411802,4.41,-0.0593471810089,-0.414364640884,-3.81291115555,0.05
3760,171.8,148,135.295494737,4.3,1.95845697329,2.20994475138,1.35784686952,-0.06
3761,167.3,145.5,124.919575439,4.53,-0.712166172107,0.483425414365,-6.4153671714,0.17
3762,176,144.2,122.121664327,4.47,4.45103857567,-0.414364640884,-8.51144765439,0.11
3763,170.6,144.3,158.476199458,4.27,1.24629080119,-0.345303867403,18.7238820361,-0.09
3764,174.4,143.2,158.476199458,4.35,3.50148367953,-1.10497237569,18.7238820361,-0.01
3765,164.5,145.1,135.295494737,4.34,-2.37388724036,0.207182320442,1.35784686952,-0.02
3766,171.8,144.8,138.648217105,4.44,1.95845697329,0,3.86956923748,0.08
3767,170.1,147.3,158.476199458,4.47,0.949554896142,1.72651933702,18.7238820361,0.11
3768,170.1,144.2,137.824842105,4.53,0.949554896142,-0.414364640884,3.25273038909,0.17
3769,170.2,144.6,128.393411802,4.53,1.00890207715,-0.138121546961,-3.81291115555,0.17
3770,169.4,145.1,135.295494737,4.36,0.53412462908,0.207182320442,1.35784686952,0
3771,173.2,144.5,125.070398149,4.29,2.78931750742,-0.207182320442,-6.30237696994,-0.07
3772,146.7,147.9,124.919575439,4.55,-12.9376854599,2.1408839779,-6.4153671714,0.19
3773,169.4,143.7,136.684714833,4.47,0.53412462908,-0.759668508287,2.39859370297,0.11
3774,168.7,148.6,138.648217105,4.27,0.118694362018,2.62430939227,3.86956923748,-0.09
3775,146.7,144.5,135.295494737,4.24,-12.9376854599,-0.207182320442,1.35784686952,-0.12
3776,169.3,145.1,122.121664327,4.3,0.474777448071,0.207182320442,-8.51144765439,-0.06
3777,170.6,145.1,144.551595951,4.32,1.24629080119,0.207182320442,8.29213903749,-0.04
3778,167.8,144.4,137.824842105,4.46,-0.415430267062,-0.276243093923,3.25273038909,0.1
3779,156.1,144,128.393411802,4.27,-7.3590504451,-0.552486187845,-3.81291115555,-0.09
3780,162.9,144.5,138.648217105,4.44,-3.3234421365,-0.207182320442,3.86956923748,0.08
3781,165,145.2,138.648217105,4.47,-2.07715133531,0.276243093923,3.86956923748,0.11
3782,190.9,143.9,136.684714833,4.3,13.293768546,-0.621546961326,2.39859370297,-0.06
3783,167.5,143.9,144.551595951,4.3,-0.593471810089,-0.621546961326,8.29213903749,-0.06
3784,165,143.2,125.070398149,4.6,-2.07715133531,-1.10497237569,-6.30237696994,0.24
3785,167.4,144,137.824842105,4.23,-0.652818991098,-0.552486187845,3.25273038909,-0.13
3786,168.6,144.9,137.824842105,4.35,0.0593471810089,0.0690607734807,3.25273038909,-0.01
3787,167.8,144,125.070398149,4.39,-0.415430267062,-0.552486187845,-6.30237696994,0.03
3788,168.4,143.2,124.919575439,4.29,-0.0593471810089,-1.10497237569,-6.4153671714,-0.07
3789,176,143.6,138.648217105,4.38,4.45103857567,-0.828729281768,3.86956923748,0.02
3790,167.6,144.5,137.824842105,4.27,-0.53412462908,-0.207182320442,3.25273038909,-0.09
3791,165.5,147.1,128.393411802,4.42,-1.78041543027,1.58839779006,-3.81291115555,0.06
3792,164.3,144.8,136.684714833,4.44,-2.49258160237,0,2.39859370297,0.08
3793,168.6,144.6,124.919575439,4.29,0.0593471810089,-0.138121546961,-6.4153671714,-0.07
3794,165.4,143.7,144.551595951,4.45,-1.83976261128,-0.759668508287,8.29213903749,0.09
3795,176,143.7,137.824842105,4.34,4.45103857567,-0.759668508287,3.25273038909,-0.02
3796,170.8,144,128.393411802,4.46,1.3649851632,-0.552486187845,-3.81291115555,0.1
3797,167.1,144.1,138.648217105,4.53,-0.830860534125,-0.483425414365,3.86956923748,0.17
3798,168.2,143.2,136.684714833,4.6,-0.178041543027,-1.10497237569,2.39859370297,0.24
3799,161.3,145.2,136.684714833,4.45,-4.27299703264,0.276243093923,2.39859370297,0.09
3800,165.5,144,135.295494737,4.47,-1.78041543027,-0.552486187845,1.35784686952,0.11
3801,156.1,144.8,137.824842105,4.29,-7.3590504451,0,3.25273038909,-0.07
3802,174.5,147.3,144.551595951,4.6,3.56083086053,1.72651933702,8.29213903749,0.24
3803,168.4,145.1,125.070398149,4.44,-0.0593471810089,0.207182320442,-6.30237696994,0.08
3804,165,144.4,144.551595951,4.44,-2.07715133531,-0.276243093923,8.29213903749,0.08
3805,199.6,143.7,158.476199458,4.23,18.4569732938,-0.759668508287,18.7238820361,-0.13
3806,198.1,148,135.295494737,4.38,17.5667655786,2.20994475138,1.35784686952,0.02
3807,170.1,140.4,137.824842105,4.6,0.949554896142,-3.03867403315,3.25273038909,0.24
3808,169.2,144.8,136.684714833,4.44,0.415430267062,0,2.39859370297,0.08
3809,165.4,143.6,124.919575439,4.39,-1.83976261128,-0.828729281768,-6.4153671714,0.03
3810,174.4,143.3,136.684714833,4.39,3.50148367953,-1.03591160221,2.39859370297,0.03
3811,175.7,143.7,124.919575439,4.21,4.27299703264,-0.759668508287,-6.4153671714,-0.15
3812,168.3,144.6,128.393411802,4.24,-0.118694362018,-0.138121546961,-3.81291115555,-0.12
3813,199.6,144.8,137.824842105,4.32,18.4569732938,0,3.25273038909,-0.04
3814,174.5,143.2,138.648217105,4.34,3.56083086053,-1.10497237569,3.86956923748,-0.02
3815,174.1,144.4,135.295494737,4.46,3.3234421365,-0.276243093923,1.35784686952,0.1
3816,165,144.5,124.919575439,4.34,-2.07715133531,-0.207182320442,-6.4153671714,-0.02
3817,169.4,144.5,137.824842105,4.44,0.53412462908,-0.207182320442,3.25273038909,0.08
3818,170.2,145.2,122.121664327,4.6,1.00890207715,0.276243093923,-8.51144765439,0.24
3819,177.5,144.4,122.121664327,4.3,5.3412462908,-0.276243093923,-8.51144765439,-0.06
3820,168.6,144,136.684714833,4.36,0.0593471810089,-0.552486187845,2.39859370297,0
3821,167.5,145.8,128.393411802,4.47,-0.593471810089,0.690607734807,-3.81291115555,0.11
3822,171,144.2,137.824842105,4.31,1.48367952522,-0.414364640884,3.25273038909,-0.05
3823,199.6,146.1,135.295494737,4.47,18.4569732938,0.897790055249,1.35784686952,0.11
3824,166.4,144.6,128.393411802,4.3,-1.24629080119,-0.138121546961,-3.81291115555,-0.06
3825,146.7,144.9,137.824842105,4.35,-12.9376854599,0.0690607734807,3.25273038909,-0.01
3826,161.3,147.1,158.476199458,4.21,-4.27299703264,1.58839779006,18.7238820361,-0.15
3827,173,144,136.684714833,4.31,2.6706231454,-0.552486187845,2.39859370297,-0.05
3828,166.2,148.6,144.551595951,4.32,-1.3649851632,2.62430939227,8.29213903749,-0.04
3829,168.6,144.4,136.684714833,4.46,0.0593471810089,-0.276243093923,2.39859370297,0.1
3830,174.5,145.5,124.919575439,4.29,3.56083086053,0.483425414365,-6.4153671714,-0.07
3831,190.9,143.2,128.393411802,4.6,13.293768546,-1.10497237569,-3.81291115555,0.24
3832,164.8,144.2,122.121664327,4.44,-2.19584569733,-0.414364640884,-8.51144765439,0.08
3833,175.7,144.5,138.648217105,4.29,4.27299703264,-0.207182320442,3.86956923748,-0.07
3834,161.7,145.2,135.295494737,4.45,-4.03560830861,0.276243093923,1.35784686952,0.09
3835,161.7,143.3,124.919575439,4.55,-4.03560830861,-1.03591160221,-6.4153671714,0.19
3836,156.1,142.8,136.684714833,4.27,-7.3590504451,-1.38121546961,2.39859370297,-0.09
3837,168.2,143.2,138.648217105,4.24,-0.178041543027,-1.10497237569,3.86956923748,-0.12
3838,169.4,143.9,122.121664327,4.3,0.53412462908,-0.621546961326,-8.51144765439,-0.06
3839,171.8,143.2,144.551595951,4.29,1.95845697329,-1.10497237569,8.29213903749,-0.07
3840,169.4,143.9,135.295494737,4.3,0.53412462908,-0.621546961326,1.35784686952,-0.06
3841,192.4,144.9,125.070398149,4.32,14.1839762611,0.0690607734807,-6.30237696994,-0.04
3842,168.4,144.8,138.648217105,4.31,-0.0593471810089,0,3.86956923748,-0.05
3843,169.4,146.1,137.824842105,4.3,0.53412462908,0.897790055249,3.25273038909,-0.06
3844,165.4,144.8,136.684714833,4.41,-1.83976261128,0,2.39859370297,0.05
3845,172.4,144.5,124.919575439,4.55,2.31454005935,-0.207182320442,-6.4153671714,0.19
3846,170.1,144.5,124.919575439,4.21,0.949554896142,-0.207182320442,-6.4153671714,-0.15
3847,146.7,143.5,135.295494737,4.44,-12.9376854599,-0.897790055249,1.35784686952,0.08
3848,170.2,143.4,124.919575439,4.46,1.00890207715,-0.966850828729,-6.4153671714,0.1
3849,167.8,143.6,136.684714833,4.47,-0.415430267062,-0.828729281768,2.39859370297,0.11
3850,159.8,144,144.551595951,4.6,-5.16320474777,-0.552486187845,8.29213903749,0.24
3851,199.6,144.8,124.919575439,4.36,18.4569732938,0,-6.4153671714,0
3852,170.6,144.3,158.476199458,4.3,1.24629080119,-0.345303867403,18.7238820361,-0.06
3853,175.7,148.6,138.648217105,4.46,4.27299703264,2.62430939227,3.86956923748,0.1
3854,176.2,143.7,144.551595951,4.23,4.56973293769,-0.759668508287,8.29213903749,-0.13
3855,166.2,143.6,122.121664327,4.23,-1.3649851632,-0.828729281768,-8.51144765439,-0.13
3856,170.1,144.5,128.393411802,4.29,0.949554896142,-0.207182320442,-3.81291115555,-0.07
3857,168.3,145.2,144.551595951,4.38,-0.118694362018,0.276243093923,8.29213903749,0.02
3858,172.4,141.6,158.476199458,4.47,2.31454005935,-2.20994475138,18.7238820361,0.11
3859,167.8,143.6,128.393411802,4.29,-0.415430267062,-0.828729281768,-3.81291115555,-0.07
3860,168.3,144.5,136.684714833,4.46,-0.118694362018,-0.207182320442,2.39859370297,0.1
3861,192.4,144.8,124.919575439,4.53,14.1839762611,0,-6.4153671714,0.17
3862,168.6,143.4,144.551595951,4.38,0.0593471810089,-0.966850828729,8.29213903749,0.02
3863,167.3,143.7,125.070398149,4.46,-0.712166172107,-0.759668508287,-6.30237696994,0.1
3864,168.6,144.2,135.295494737,4.47,0.0593471810089,-0.414364640884,1.35784686952,0.11
3865,163.7,144.6,138.648217105,4.32,-2.84866468843,-0.138121546961,3.86956923748,-0.04
3866,174.4,144.5,136.684714833,4.3,3.50148367953,-0.207182320442,2.39859370297,-0.06
3867,171.2,145.5,144.551595951,4.6,1.60237388724,0.483425414365,8.29213903749,0.24
3868,168.2,147.5,124.919575439,4.55,-0.178041543027,1.86464088398,-6.4153671714,0.19
3869,164.5,144.8,122.121664327,4.6,-2.37388724036,0,-8.51144765439,0.24
3870,171.2,144.6,158.476199458,4.46,1.60237388724,-0.138121546961,18.7238820361,0.1
3871,161.6,144.9,137.824842105,4.29,-4.09495548961,0.0690607734807,3.25273038909,-0.07
3872,169.4,143.2,122.121664327,4.3,0.53412462908,-1.10497237569,-8.51144765439,-0.06
3873,165.4,145.2,124.919575439,4.41,-1.83976261128,0.276243093923,-6.4153671714,0.05
3874,164.5,144.8,138.648217105,4.3,-2.37388724036,0,3.86956923748,-0.06
3875,173,143.3,136.684714833,4.46,2.6706231454,-1.03591160221,2.39859370297,0.1
3876,199.6,144.5,124.919575439,4.38,18.4569732938,-0.207182320442,-6.4153671714,0.02
3877,160.6,143.9,138.648217105,4.21,-4.6884272997,-0.621546961326,3.86956923748,-0.15
3878,165,141.6,135.295494737,4.32,-2.07715133531,-2.20994475138,1.35784686952,-0.04
3879,168.6,145.1,136.684714833,4.3,0.0593471810089,0.207182320442,2.39859370297,-0.06
3880,169.9,144.1,158.476199458,4.35,0.830860534125,-0.483425414365,18.7238820361,-0.01
3881,170.2,144.6,138.648217105,4.42,1.00890207715,-0.138121546961,3.86956923748,0.06
3882,174.3,146.1,128.393411802,4.3,3.44213649852,0.897790055249,-3.81291115555,-0.06
3883,156.1,146.3,124.919575439,4.3,-7.3590504451,1.03591160221,-6.4153671714,-0.06
3884,173,144,128.393411802,4.47,2.6706231454,-0.552486187845,-3.81291115555,0.11
3885,170.6,144.4,128.393411802,4.44,1.24629080119,-0.276243093923,-3.81291115555,0.08
3886,168.4,144.8,125.070398149,4.41,-0.0593471810089,0,-6.30237696994,0.05
3887,190.9,143.5,158.476199458,4.29,13.293768546,-0.897790055249,18.7238820361,-0.07
3888,153.9,144.6,138.648217105,4.41,-8.6646884273,-0.138121546961,3.86956923748,0.05
3889,176.6,143.5,124.919575439,4.36,4.80712166172,-0.897790055249,-6.4153671714,0
3890,174.4,140.4,124.919575439,4.47,3.50148367953,-3.03867403315,-6.4153671714,0.11
3891,167.1,141,136.684714833,4.3,-0.830860534125,-2.62430939227,2.39859370297,-0.06
3892,169.2,145.1,144.551595951,4.41,0.415430267062,0.207182320442,8.29213903749,0.05
3893,176.6,144.3,125.070398149,4.46,4.80712166172,-0.345303867403,-6.30237696994,0.1
3894,160.6,146.1,144.551595951,4.35,-4.6884272997,0.897790055249,8.29213903749,-0.01
3895,161.6,144.8,125.070398149,4.32,-4.09495548961,0,-6.30237696994,-0.04
3896,172.4,145.1,128.393411802,4.3,2.31454005935,0.207182320442,-3.81291115555,-0.06
3897,176.2,143.4,128.393411802,4.35,4.56973293769,-0.966850828729,-3.81291115555,-0.01
3898,164.6,144.7,144.551595951,4.42,-2.31454005935,-0.0690607734807,8.29213903749,0.06
3899,168.6,143.8,137.824842105,4.27,0.0593471810089,-0.690607734807,3.25273038909,-0.09
3900,169.4,147.9,138.648217105,4.3,0.53412462908,2.1408839779,3.86956923748,-0.06
3901,167.8,144.5,158.476199458,4.27,-0.415430267062,-0.207182320442,18.7238820361,-0.09
3902,172.4,144.1,125.070398149,4.39,2.31454005935,-0.483425414365,-6.30237696994,0.03
3903,158.9,144.8,135.295494737,4.29,-5.69732937685,0,1.35784686952,-0.07
3904,169.4,144.6,122.121664327,4.27,0.53412462908,-0.138121546961,-8.51144765439,-0.09
3905,165.7,144.4,137.824842105,4.35,-1.66172106825,-0.276243093923,3.25273038909,-0.01
3906,165.4,143.7,122.121664327,4.24,-1.83976261128,-0.759668508287,-8.51144765439,-0.12
3907,156.1,142.8,122.121664327,4.42,-7.3590504451,-1.38121546961,-8.51144765439,0.06
3908,165.4,143.8,125.070398149,4.35,-1.83976261128,-0.690607734807,-6.30237696994,-0.01
3909,173.3,144.8,138.648217105,4.41,2.84866468843,0,3.86956923748,0.05
3910,153.9,144.4,125.070398149,4.29,-8.6646884273,-0.276243093923,-6.30237696994,-0.07
3911,165.4,142.8,144.551595951,4.3,-1.83976261128,-1.38121546961,8.29213903749,-0.06
3912,161.7,143.7,128.393411802,4.38,-4.03560830861,-0.759668508287,-3.81291115555,0.02
3913,165.4,145.8,125.070398149,4.55,-1.83976261128,0.690607734807,-6.30237696994,0.19
3914,162.6,144.5,124.919575439,4.46,-3.50148367953,-0.207182320442,-6.4153671714,0.1
3915,167.6,144,124.919575439,4.55,-0.53412462908,-0.552486187845,-6.4153671714,0.19
3916,173.2,143.4,158.476199458,4.41,2.78931750742,-0.966850828729,18.7238820361,0.05
3917,176.2,142.6,137.824842105,4.3,4.56973293769,-1.51933701657,3.25273038909,-0.06
3918,166.9,144.8,158.476199458,4.6,-0.949554896142,0,18.7238820361,0.24
3919,168.6,144.2,144.551595951,4.46,0.0593471810089,-0.414364640884,8.29213903749,0.1
3920,199.6,145.1,122.121664327,4.21,18.4569732938,0.207182320442,-8.51144765439,-0.15
3921,170.2,144.2,125.070398149,4.41,1.00890207715,-0.414364640884,-6.30237696994,0.05
3922,168.4,145.2,136.684714833,4.38,-0.0593471810089,0.276243093923,2.39859370297,0.02
3923,173,144.8,138.648217105,4.29,2.6706231454,0,3.86956923748,-0.07
3924,163.7,144,136.684714833,4.3,-2.84866468843,-0.552486187845,2.39859370297,-0.06
3925,173.2,143.4,158.476199458,4.32,2.78931750742,-0.966850828729,18.7238820361,-0.04
3926,174.6,143.5,144.551595951,4.41,3.62017804154,-0.897790055249,8.29213903749,0.05
3927,168.3,144.2,137.824842105,4.24,-0.118694362018,-0.414364640884,3.25273038909,-0.12
3928,161.7,145.7,125.070398149,4.23,-4.03560830861,0.621546961326,-6.30237696994,-0.13
3929,156.1,143.5,125.070398149,4.35,-7.3590504451,-0.897790055249,-6.30237696994,-0.01
3930,167.3,144.9,122.121664327,4.34,-0.712166172107,0.0690607734807,-8.51144765439,-0.02
3931,159.8,143.7,128.393411802,4.27,-5.16320474777,-0.759668508287,-3.81291115555,-0.09
3932,199.6,144,137.824842105,4.29,18.4569732938,-0.552486187845,3.25273038909,-0.07
3933,171.8,144.3,158.476199458,4.47,1.95845697329,-0.345303867403,18.7238820361,0.11
3934,170.8,145.8,128.393411802,4.45,1.3649851632,0.690607734807,-3.81291115555,0.09
3935,165.4,145.5,158.476199458,4.47,-1.83976261128,0.483425414365,18.7238820361,0.11
3936,167.5,144.5,138.648217105,4.21,-0.593471810089,-0.207182320442,3.86956923748,-0.15
3937,174.3,143.9,158.476199458,4.6,3.44213649852,-0.621546961326,18.7238820361,0.24
3938,170.1,141.4,122.121664327,4.38,0.949554896142,-2.34806629834,-8.51144765439,0.02
3939,173.2,147.9,137.824842105,4.32,2.78931750742,2.1408839779,3.25273038909,-0.04
3940,171,143.6,138.648217105,4.47,1.48367952522,-0.828729281768,3.86956923748,0.11
3941,161.3,143.9,158.476199458,4.32,-4.27299703264,-0.621546961326,18.7238820361,-0.04
3942,169.4,143.4,122.121664327,4.45,0.53412462908,-0.966850828729,-8.51144765439,0.09
3943,158.9,144.2,138.648217105,4.3,-5.69732937685,-0.414364640884,3.86956923748,-0.06
3944,199.9,145.7,135.295494737,4.32,18.6350148368,0.621546961326,1.35784686952,-0.04
3945,174.6,144.7,124.919575439,4.3,3.62017804154,-0.0690607734807,-6.4153671714,-0.06
3946,167.5,145.1,128.393411802,4.41,-0.593471810089,0.207182320442,-3.81291115555,0.05
3947,167.8,143.3,135.295494737,4.32,-0.415430267062,-1.03591160221,1.35784686952,-0.04
3948,170.8,143.6,144.551595951,4.35,1.3649851632,-0.828729281768,8.29213903749,-0.01
3949,166.1,141,135.295494737,4.41,-1.42433234421,-2.62430939227,1.35784686952,0.05
3950,169.2,144.8,128.393411802,4.45,0.415430267062,0,-3.81291115555,0.09
3951,169.8,144.2,124.919575439,4.44,0.771513353116,-0.414364640884,-6.4153671714,0.08
3952,164.8,144,136.684714833,4.21,-2.19584569733,-0.552486187845,2.39859370297,-0.15
3953,165.4,143.3,138.648217105,4.44,-1.83976261128,-1.03591160221,3.86956923748,0.08
3954,169.2,148.6,125.070398149,4.29,0.415430267062,2.62430939227,-6.30237696994,-0.07
3955,158.9,143.7,124.919575439,4.53,-5.69732937685,-0.759668508287,-6.4153671714,0.17
3956,170.2,144.2,128.393411802,4.6,1.00890207715,-0.414364640884,-3.81291115555,0.24
3957,174.3,144.2,122.121664327,4.3,3.44213649852,-0.414364640884,-8.51144765439,-0.06
3958,166.4,144.2,136.684714833,4.41,-1.24629080119,-0.414364640884,2.39859370297,0.05
3959,168.6,144.5,158.476199458,4.6,0.0593471810089,-0.207182320442,18.7238820361,0.24
3960,170.2,143.7,122.121664327,4.47,1.00890207715,-0.759668508287,-8.51144765439,0.11
3961,163.7,143.4,125.070398149,4.6,-2.84866468843,-0.966850828729,-6.30237696994,0.24
3962,165.4,145.2,124.919575439,4.41,-1.83976261128,0.276243093923,-6.4153671714,0.05
3963,174.3,144,125.070398149,4.39,3.44213649852,-0.552486187845,-6.30237696994,0.03
3964,169.3,145.2,158.476199458,4.6,0.474777448071,0.276243093923,18.7238820361,0.24
3965,164.5,141,128.393411802,4.55,-2.37388724036,-2.62430939227,-3.81291115555,0.19
3966,165.4,143.2,158.476199458,4.35,-1.83976261128,-1.10497237569,18.7238820361,-0.01
3967,167.8,143.8,128.393411802,4.55,-0.415430267062,-0.690607734807,-3.81291115555,0.19
3968,171,145.2,144.551595951,4.27,1.48367952522,0.276243093923,8.29213903749,-0.09
3969,158.9,143.3,124.919575439,4.24,-5.69732937685,-1.03591160221,-6.4153671714,-0.12
3970,170.1,145.8,128.393411802,4.46,0.949554896142,0.690607734807,-3.81291115555,0.1
3971,162.9,144.8,136.684714833,4.41,-3.3234421365,0,2.39859370297,0.05
3972,166.1,144.5,144.551595951,4.27,-1.42433234421,-0.207182320442,8.29213903749,-0.09
3973,162.2,144.8,122.121664327,4.27,-3.73887240356,0,-8.51144765439,-0.09
3974,185.7,144.8,124.919575439,4.3,10.2077151335,0,-6.4153671714,-0.06
3975,161.3,143.7,136.684714833,4.39,-4.27299703264,-0.759668508287,2.39859370297,0.03
3976,170.2,141,144.551595951,4.55,1.00890207715,-2.62430939227,8.29213903749,0.19
3977,171,144.4,135.295494737,4.38,1.48367952522,-0.276243093923,1.35784686952,0.02
3978,176.6,143.5,125.070398149,4.3,4.80712166172,-0.897790055249,-6.30237696994,-0.06
3979,169.2,145.5,138.648217105,4.27,0.415430267062,0.483425414365,3.86956923748,-0.09
3980,162.2,141,135.295494737,4.21,-3.73887240356,-2.62430939227,1.35784686952,-0.15
3981,159.8,143.6,136.684714833,4.41,-5.16320474777,-0.828729281768,2.39859370297,0.05
3982,167.5,143.8,137.824842105,4.32,-0.593471810089,-0.690607734807,3.25273038909,-0.04
3983,170.6,144.3,124.919575439,4.29,1.24629080119,-0.345303867403,-6.4153671714,-0.07
3984,168.3,143.8,136.684714833,4.53,-0.118694362018,-0.690607734807,2.39859370297,0.17
3985,169.4,144.7,135.295494737,4.44,0.53412462908,-0.0690607734807,1.35784686952,0.08
3986,168.2,143.5,128.393411802,4.29,-0.178041543027,-0.897790055249,-3.81291115555,-0.07
3987,161.6,147.5,158.476199458,4.41,-4.09495548961,1.86464088398,18.7238820361,0.05
3988,167.6,144.6,137.824842105,4.47,-0.53412462908,-0.138121546961,3.25273038909,0.11
3989,162.9,144.2,137.824842105,4.39,-3.3234421365,-0.414364640884,3.25273038909,0.03
3990,198.1,144.8,138.648217105,4.29,17.5667655786,0,3.86956923748,-0.07
3991,168.6,143.4,158.476199458,4.3,0.0593471810089,-0.966850828729,18.7238820361,-0.06
3992,170.2,143.6,125.070398149,4.35,1.00890207715,-0.828729281768,-6.30237696994,-0.01
3993,167.8,144.5,128.393411802,4.46,-0.415430267062,-0.207182320442,-3.81291115555,0.1
3994,170.3,144.1,138.648217105,4.46,1.06824925816,-0.483425414365,3.86956923748,0.1
3995,167.5,145.7,144.551595951,4.35,-0.593471810089,0.621546961326,8.29213903749,-0.01
3996,164.5,144.5,125.070398149,4.35,-2.37388724036,-0.207182320442,-6.30237696994,-0.01
3997,198.1,143.3,124.919575439,4.55,17.5667655786,-1.03591160221,-6.4153671714,0.19
3998,173,144.8,128.393411802,4.24,2.6706231454,0,-3.81291115555,-0.12
3999,198.1,148.6,158.476199458,4.27,17.5667655786,2.62430939227,18.7238820361,-0.09
4000,176.2,145.1,138.648217105,4.27,4.56973293769,0.207182320442,3.86956923748,-0.09
4001,164.6,143.5,128.393411802,4.32,-2.31454005935,-0.897790055249,-3.81291115555,-0.04
4002,167.4,144.2,136.684714833,4.39,-0.652818991098,-0.414364640884,2.39859370297,0.03
4003,169.9,143.3,128.393411802,4.41,0.830860534125,-1.03591160221,-3.81291115555,0.05
4004,169.9,146.9,144.551595951,4.35,0.830860534125,1.45027624309,8.29213903749,-0.01
4005,167.1,144.6,138.648217105,4.3,-0.830860534125,-0.138121546961,3.86956923748,-0.06
4006,170,145.1,136.684714833,4.45,0.890207715134,0.207182320442,2.39859370297,0.09
4007,176,144.2,128.393411802,4.29,4.45103857567,-0.414364640884,-3.81291115555,-0.07
4008,164.6,144.3,158.476199458,4.32,-2.31454005935,-0.345303867403,18.7238820361,-0.04
4009,167.8,143.6,135.295494737,4.38,-0.415430267062,-0.828729281768,1.35784686952,0.02
4010,174.5,144.5,144.551595951,4.46,3.56083086053,-0.207182320442,8.29213903749,0.1
4011,171.8,141.6,144.551595951,4.24,1.95845697329,-2.20994475138,8.29213903749,-0.12
4012,168.2,143.5,144.551595951,4.44,-0.178041543027,-0.897790055249,8.29213903749,0.08
4013,168.2,144.4,128.393411802,4.27,-0.178041543027,-0.276243093923,-3.81291115555,-0.09
4014,175.7,145.7,158.476199458,4.32,4.27299703264,0.621546961326,18.7238820361,-0.04
4015,168.7,141,124.919575439,4.53,0.118694362018,-2.62430939227,-6.4153671714,0.17
4016,165.4,146.9,135.295494737,4.35,-1.83976261128,1.45027624309,1.35784686952,-0.01
4017,173.2,141,125.070398149,4.3,2.78931750742,-2.62430939227,-6.30237696994,-0.06
4018,169.2,141.6,136.684714833,4.24,0.415430267062,-2.20994475138,2.39859370297,-0.12
4019,165.4,144.1,137.824842105,4.55,-1.83976261128,-0.483425414365,3.25273038909,0.19
4020,176.6,141,125.070398149,4.3,4.80712166172,-2.62430939227,-6.30237696994,-0.06
4021,167.5,144.7,125.070398149,4.35,-0.593471810089,-0.0690607734807,-6.30237696994,-0.01
4022,166.9,147.1,144.551595951,4.34,-0.949554896142,1.58839779006,8.29213903749,-0.02
4023,166.2,145.1,144.551595951,4.41,-1.3649851632,0.207182320442,8.29213903749,0.05
4024,168.2,143.4,124.919575439,4.34,-0.178041543027,-0.966850828729,-6.4153671714,-0.02
4025,165,141.4,135.295494737,4.35,-2.07715133531,-2.34806629834,1.35784686952,-0.01
4026,173.3,144.2,138.648217105,4.31,2.84866468843,-0.414364640884,3.86956923748,-0.05
4027,174.6,146.3,124.919575439,4.39,3.62017804154,1.03591160221,-6.4153671714,0.03
4028,167.5,144.8,138.648217105,4.29,-0.593471810089,0,3.86956923748,-0.07
4029,167.3,145.7,124.919575439,4.32,-0.712166172107,0.621546961326,-6.4153671714,-0.04
4030,170,143.2,125.070398149,4.35,0.890207715134,-1.10497237569,-6.30237696994,-0.01
4031,169.3,147.3,158.476199458,4.31,0.474777448071,1.72651933702,18.7238820361,-0.05
4032,160.6,144.9,144.551595951,4.6,-4.6884272997,0.0690607734807,8.29213903749,0.24
4033,199.6,141,136.684714833,4.3,18.4569732938,-2.62430939227,2.39859370297,-0.06
4034,174.6,143.2,136.684714833,4.24,3.62017804154,-1.10497237569,2.39859370297,-0.12
4035,156.1,145.1,128.393411802,4.24,-7.3590504451,0.207182320442,-3.81291115555,-0.12
4036,175.7,144.8,144.551595951,4.39,4.27299703264,0,8.29213903749,0.03
4037,170.2,143.7,137.824842105,4.31,1.00890207715,-0.759668508287,3.25273038909,-0.05
4038,169.2,144.3,136.684714833,4.32,0.415430267062,-0.345303867403,2.39859370297,-0.04
4039,190.9,145.8,136.684714833,4.47,13.293768546,0.690607734807,2.39859370297,0.11
4040,176.6,143.7,136.684714833,4.44,4.80712166172,-0.759668508287,2.39859370297,0.08
4041,167.8,145.7,138.648217105,4.23,-0.415430267062,0.621546961326,3.86956923748,-0.13
4042,192.4,144,135.295494737,4.46,14.1839762611,-0.552486187845,1.35784686952,0.1
4043,175.7,143.7,137.824842105,4.44,4.27299703264,-0.759668508287,3.25273038909,0.08
4044,170.2,144.8,135.295494737,4.39,1.00890207715,0,1.35784686952,0.03
4045,160.6,147.5,137.824842105,4.24,-4.6884272997,1.86464088398,3.25273038909,-0.12
4046,161.6,144,124.919575439,4.31,-4.09495548961,-0.552486187845,-6.4153671714,-0.05
4047,173.3,143.4,136.684714833,4.44,2.84866468843,-0.966850828729,2.39859370297,0.08
4048,167.8,147.3,136.684714833,4.29,-0.415430267062,1.72651933702,2.39859370297,-0.07
4049,176.2,144.8,135.295494737,4.3,4.56973293769,0,1.35784686952,-0.06
4050,163.3,145.2,122.121664327,4.27,-3.08605341246,0.276243093923,-8.51144765439,-0.09
4051,165.5,144.3,122.121664327,4.35,-1.78041543027,-0.345303867403,-8.51144765439,-0.01
4052,170.1,144.5,125.070398149,4.46,0.949554896142,-0.207182320442,-6.30237696994,0.1
4053,163.7,140.4,144.551595951,4.6,-2.84866468843,-3.03867403315,8.29213903749,0.24
4054,169.2,143.9,122.121664327,4.29,0.415430267062,-0.621546961326,-8.51144765439,-0.07
4055,156.1,144.8,135.295494737,4.27,-7.3590504451,0,1.35784686952,-0.09
4056,190.9,144.8,144.551595951,4.3,13.293768546,0,8.29213903749,-0.06
4057,170.1,144.5,122.121664327,4.3,0.949554896142,-0.207182320442,-8.51144765439,-0.06
4058,174.4,145.2,128.393411802,4.35,3.50148367953,0.276243093923,-3.81291115555,-0.01
4059,174.4,144.8,122.121664327,4.31,3.50148367953,0,-8.51144765439,-0.05
4060,176.6,141.6,144.551595951,4.32,4.80712166172,-2.20994475138,8.29213903749,-0.04
4061,166.9,143.5,137.824842105,4.3,-0.949554896142,-0.897790055249,3.25273038909,-0.06
4062,170.2,148.6,122.121664327,4.47,1.00890207715,2.62430939227,-8.51144765439,0.11
4063,174.1,144.9,158.476199458,4.45,3.3234421365,0.0690607734807,18.7238820361,0.09
4064,166.4,144.5,136.684714833,4.41,-1.24629080119,-0.207182320442,2.39859370297,0.05
4065,170.3,142.8,137.824842105,4.3,1.06824925816,-1.38121546961,3.25273038909,-0.06
4066,165,143.4,124.919575439,4.47,-2.07715133531,-0.966850828729,-6.4153671714,0.11
4067,163.3,141.4,138.648217105,4.3,-3.08605341246,-2.34806629834,3.86956923748,-0.06
4068,185.7,143.4,128.393411802,4.24,10.2077151335,-0.966850828729,-3.81291115555,-0.12
4069,168.6,144.2,122.121664327,4.41,0.0593471810089,-0.414364640884,-8.51144765439,0.05
4070,165,144.6,137.824842105,4.34,-2.07715133531,-0.138121546961,3.25273038909,-0.02
4071,171,147.9,137.824842105,4.44,1.48367952522,2.1408839779,3.25273038909,0.08
4072,164.5,144.5,158.476199458,4.38,-2.37388724036,-0.207182320442,18.7238820361,0.02
4073,167.6,144.9,125.070398149,4.45,-0.53412462908,0.0690607734807,-6.30237696994,0.09
4074,168.2,144.3,124.919575439,4.41,-0.178041543027,-0.345303867403,-6.4153671714,0.05
4075,165.4,144.4,124.919575439,4.3,-1.83976261128,-0.276243093923,-6.4153671714,-0.06
4076,162.2,144.2,137.824842105,4.29,-3.73887240356,-0.414364640884,3.25273038909,-0.07
4077,167.5,146.3,124.919575439,4.6,-0.593471810089,1.03591160221,-6.4153671714,0.24
4078,168.3,143.3,138.648217105,4.36,-0.118694362018,-1.03591160221,3.86956923748,0
4079,174.1,144,158.476199458,4.24,3.3234421365,-0.552486187845,18.7238820361,-0.12
4080,190.9,144.3,138.648217105,4.44,13.293768546,-0.345303867403,3.86956923748,0.08
4081,167.4,144.3,125.070398149,4.29,-0.652818991098,-0.345303867403,-6.30237696994,-0.07
4082,165.7,144.8,124.919575439,4.27,-1.66172106825,0,-6.4153671714,-0.09
4083,174.3,143.4,136.684714833,4.44,3.44213649852,-0.966850828729,2.39859370297,0.08
4084,167.5,145.8,144.551595951,4.24,-0.593471810089,0.690607734807,8.29213903749,-0.12
4085,170.1,144,137.824842105,4.27,0.949554896142,-0.552486187845,3.25273038909,-0.09
4086,163.7,146.1,124.919575439,4.44,-2.84866468843,0.897790055249,-6.4153671714,0.08
4087,168.7,142.8,136.684714833,4.47,0.118694362018,-1.38121546961,2.39859370297,0.11
4088,169.4,144.8,122.121664327,4.27,0.53412462908,0,-8.51144765439,-0.09
4089,165.4,144,124.919575439,4.23,-1.83976261128,-0.552486187845,-6.4153671714,-0.13
4090,164.3,144.9,128.393411802,4.27,-2.49258160237,0.0690607734807,-3.81291115555,-0.09
4091,174.1,146.9,128.393411802,4.55,3.3234421365,1.45027624309,-3.81291115555,0.19
4092,168.2,142.8,124.919575439,4.47,-0.178041543027,-1.38121546961,-6.4153671714,0.11
4093,153.9,144.2,137.824842105,4.29,-8.6646884273,-0.414364640884,3.25273038909,-0.07
4094,167.6,141.4,144.551595951,4.45,-0.53412462908,-2.34806629834,8.29213903749,0.09
4095,167.4,145.2,128.393411802,4.23,-0.652818991098,0.276243093923,-3.81291115555,-0.13
4096,168.4,145.1,135.295494737,4.55,-0.0593471810089,0.207182320442,1.35784686952,0.19
4097,167.4,144.2,138.648217105,4.32,-0.652818991098,-0.414364640884,3.86956923748,-0.04
4098,170.2,144.6,158.476199458,4.31,1.00890207715,-0.138121546961,18.7238820361,-0.05
4099,170.1,144.4,158.476199458,4.55,0.949554896142,-0.276243093923,18.7238820361,0.19
4100,170.3,143.4,144.551595951,4.41,1.06824925816,-0.966850828729,8.29213903749,0.05
4101,174.5,145.2,158.476199458,4.27,3.56083086053,0.276243093923,18.7238820361,-0.09
4102,176.6,141,138.648217105,4.35,4.80712166172,-2.62430939227,3.86956923748,-0.01
4103,176,147.5,138.648217105,4.44,4.45103857567,1.86464088398,3.86956923748,0.08
4104,160.6,143.2,124.919575439,4.42,-4.6884272997,-1.10497237569,-6.4153671714,0.06
4105,190.9,144.1,135.295494737,4.21,13.293768546,-0.483425414365,1.35784686952,-0.15
4106,167.6,144.9,144.551595951,4.32,-0.53412462908,0.0690607734807,8.29213903749,-0.04
4107,168.6,145.7,128.393411802,4.29,0.0593471810089,0.621546961326,-3.81291115555,-0.07
4108,192.4,144.9,158.476199458,4.3,14.1839762611,0.0690607734807,18.7238820361,-0.06
4109,169.8,143.7,136.684714833,4.41,0.771513353116,-0.759668508287,2.39859370297,0.05
4110,170.3,144.4,128.393411802,4.23,1.06824925816,-0.276243093923,-3.81291115555,-0.13
4111,165.7,144.9,138.648217105,4.41,-1.66172106825,0.0690607734807,3.86956923748,0.05
4112,165.7,145.2,124.919575439,4.34,-1.66172106825,0.276243093923,-6.4153671714,-0.02
4113,162.2,145.2,128.393411802,4.39,-3.73887240356,0.276243093923,-3.81291115555,0.03
4114,168.3,144.5,144.551595951,4.23,-0.118694362018,-0.207182320442,8.29213903749,-0.13
4115,164.8,144,122.121664327,4.29,-2.19584569733,-0.552486187845,-8.51144765439,-0.07
4116,161.7,144.8,125.070398149,4.31,-4.03560830861,0,-6.30237696994,-0.05
4117,173,144.9,124.919575439,4.31,2.6706231454,0.0690607734807,-6.4153671714,-0.05
4118,168.6,145.2,125.070398149,4.39,0.0593471810089,0.276243093923,-6.30237696994,0.03
4119,174.5,144.4,122.121664327,4.47,3.56083086053,-0.276243093923,-8.51144765439,0.11
4120,169.8,143.8,144.551595951,4.3,0.771513353116,-0.690607734807,8.29213903749,-0.06
4121,161.3,148,128.393411802,4.21,-4.27299703264,2.20994475138,-3.81291115555,-0.15
4122,162.2,145.5,136.684714833,4.27,-3.73887240356,0.483425414365,2.39859370297,-0.09
4123,165.4,143.6,122.121664327,4.55,-1.83976261128,-0.828729281768,-8.51144765439,0.19
4124,165.4,141,124.919575439,4.53,-1.83976261128,-2.62430939227,-6.4153671714,0.17
4125,177.5,144.6,135.295494737,4.6,5.3412462908,-0.138121546961,1.35784686952,0.24
4126,173,145.2,122.121664327,4.6,2.6706231454,0.276243093923,-8.51144765439,0.24
4127,166.2,146.9,124.919575439,4.27,-1.3649851632,1.45027624309,-6.4153671714,-0.09
4128,170.3,146.3,128.393411802,4.29,1.06824925816,1.03591160221,-3.81291115555,-0.07
4129,173,144.4,122.121664327,4.3,2.6706231454,-0.276243093923,-8.51144765439,-0.06
4130,174.1,145.1,144.551595951,4.6,3.3234421365,0.207182320442,8.29213903749,0.24
4131,168.3,144.5,136.684714833,4.24,-0.118694362018,-0.207182320442,2.39859370297,-0.12
4132,170.6,142.6,125.070398149,4.44,1.24629080119,-1.51933701657,-6.30237696994,0.08
4133,167.6,148,138.648217105,4.32,-0.53412462908,2.20994475138,3.86956923748,-0.04
4134,163.3,144.3,136.684714833,4.27,-3.08605341246,-0.345303867403,2.39859370297,-0.09
4135,164.6,144.2,124.919575439,4.6,-2.31454005935,-0.414364640884,-6.4153671714,0.24
4136,168.7,146.3,124.919575439,4.46,0.118694362018,1.03591160221,-6.4153671714,0.1
4137,169.2,144.9,125.070398149,4.21,0.415430267062,0.0690607734807,-6.30237696994,-0.15
4138,168.6,145.2,122.121664327,4.42,0.0593471810089,0.276243093923,-8.51144765439,0.06
4139,167.8,144.4,122.121664327,4.29,-0.415430267062,-0.276243093923,-8.51144765439,-0.07
4140,164.5,144.2,124.919575439,4.55,-2.37388724036,-0.414364640884,-6.4153671714,0.19
4141,160.6,144.1,135.295494737,4.44,-4.6884272997,-0.483425414365,1.35784686952,0.08
4142,170,144,144.551595951,4.47,0.890207715134,-0.552486187845,8.29213903749,0.11
4143,168.7,141,124.919575439,4.34,0.118694362018,-2.62430939227,-6.4153671714,-0.02
4144,174.4,140.4,122.121664327,4.3,3.50148367953,-3.03867403315,-8.51144765439,-0.06
4145,176,143.7,144.551595951,4.29,4.45103857567,-0.759668508287,8.29213903749,-0.07
4146,173.2,145.2,138.648217105,4.46,2.78931750742,0.276243093923,3.86956923748,0.1
4147,169.4,147.1,135.295494737,4.36,0.53412462908,1.58839779006,1.35784686952,0
4148,169.9,148,125.070398149,4.35,0.830860534125,2.20994475138,-6.30237696994,-0.01
4149,166.2,144.6,136.684714833,4.3,-1.3649851632,-0.138121546961,2.39859370297,-0.06
4150,170.2,144.6,125.070398149,4.46,1.00890207715,-0.138121546961,-6.30237696994,0.1
4151,161.6,145.5,144.551595951,4.55,-4.09495548961,0.483425414365,8.29213903749,0.19
4152,168.7,143.3,144.551595951,4.46,0.118694362018,-1.03591160221,8.29213903749,0.1
4153,164.5,146.1,137.824842105,4.36,-2.37388724036,0.897790055249,3.25273038909,0
4154,172.4,141.6,158.476199458,4.36,2.31454005935,-2.20994475138,18.7238820361,0
4155,164.5,144.9,158.476199458,4.46,-2.37388724036,0.0690607734807,18.7238820361,0.1
4156,165.4,144.2,128.393411802,4.47,-1.83976261128,-0.414364640884,-3.81291115555,0.11
4157,159.8,147.1,128.393411802,4.46,-5.16320474777,1.58839779006,-3.81291115555,0.1
4158,174.5,144.5,122.121664327,4.29,3.56083086053,-0.207182320442,-8.51144765439,-0.07
4159,165.4,141,136.684714833,4.47,-1.83976261128,-2.62430939227,2.39859370297,0.11
4160,156.1,143.9,137.824842105,4.34,-7.3590504451,-0.621546961326,3.25273038909,-0.02
4161,167.5,148.6,125.070398149,4.32,-0.593471810089,2.62430939227,-6.30237696994,-0.04
4162,173,144.4,137.824842105,4.32,2.6706231454,-0.276243093923,3.25273038909,-0.04
4163,167.5,143.7,158.476199458,4.3,-0.593471810089,-0.759668508287,18.7238820361,-0.06
4164,166.9,144.2,125.070398149,4.34,-0.949554896142,-0.414364640884,-6.30237696994,-0.02
4165,198.1,145.2,138.648217105,4.41,17.5667655786,0.276243093923,3.86956923748,0.05
4166,162.9,144.5,137.824842105,4.3,-3.3234421365,-0.207182320442,3.25273038909,-0.06
4167,174.6,144.9,125.070398149,4.21,3.62017804154,0.0690607734807,-6.30237696994,-0.15
4168,170.6,144.8,122.121664327,4.23,1.24629080119,0,-8.51144765439,-0.13
4169,164.5,145.2,128.393411802,4.45,-2.37388724036,0.276243093923,-3.81291115555,0.09
4170,164.5,144.3,125.070398149,4.42,-2.37388724036,-0.345303867403,-6.30237696994,0.06
4171,166.2,144.9,144.551595951,4.44,-1.3649851632,0.0690607734807,8.29213903749,0.08
4172,167.4,143.7,135.295494737,4.35,-0.652818991098,-0.759668508287,1.35784686952,-0.01
4173,166.4,144.4,128.393411802,4.46,-1.24629080119,-0.276243093923,-3.81291115555,0.1
4174,167.9,144,122.121664327,4.44,-0.356083086053,-0.552486187845,-8.51144765439,0.08
4175,173.3,145.2,138.648217105,4.44,2.84866468843,0.276243093923,3.86956923748,0.08
4176,169.9,144.5,124.919575439,4.41,0.830860534125,-0.207182320442,-6.4153671714,0.05
4177,171,144.8,125.070398149,4.55,1.48367952522,0,-6.30237696994,0.19
4178,170.1,143.9,138.648217105,4.44,0.949554896142,-0.621546961326,3.86956923748,0.08
4179,166.2,146.3,136.684714833,4.6,-1.3649851632,1.03591160221,2.39859370297,0.24
4180,166.2,144,124.919575439,4.45,-1.3649851632,-0.552486187845,-6.4153671714,0.09
4181,168.4,145.5,136.684714833,4.47,-0.0593471810089,0.483425414365,2.39859370297,0.11
4182,168.4,143.7,136.684714833,4.45,-0.0593471810089,-0.759668508287,2.39859370297,0.09
4183,168.4,143.2,138.648217105,4.53,-0.0593471810089,-1.10497237569,3.86956923748,0.17
4184,146.7,143.5,158.476199458,4.55,-12.9376854599,-0.897790055249,18.7238820361,0.19
4185,170.2,145.8,135.295494737,4.46,1.00890207715,0.690607734807,1.35784686952,0.1
4186,170.8,144.8,125.070398149,4.47,1.3649851632,0,-6.30237696994,0.11
4187,176.6,140.4,122.121664327,4.3,4.80712166172,-3.03867403315,-8.51144765439,-0.06
4188,168.2,144.4,158.476199458,4.6,-0.178041543027,-0.276243093923,18.7238820361,0.24
4189,158.9,143.4,128.393411802,4.27,-5.69732937685,-0.966850828729,-3.81291115555,-0.09
4190,167.5,143.9,144.551595951,4.3,-0.593471810089,-0.621546961326,8.29213903749,-0.06
4191,168.6,144.8,137.824842105,4.21,0.0593471810089,0,3.25273038909,-0.15
4192,169.3,146.9,137.824842105,4.32,0.474777448071,1.45027624309,3.25273038909,-0.04
4193,170.2,147.9,137.824842105,4.32,1.00890207715,2.1408839779,3.25273038909,-0.04
4194,170.1,140.4,122.121664327,4.3,0.949554896142,-3.03867403315,-8.51144765439,-0.06
4195,174.6,144.4,125.070398149,4.3,3.62017804154,-0.276243093923,-6.30237696994,-0.06
4196,168.6,144.6,136.684714833,4.41,0.0593471810089,-0.138121546961,2.39859370297,0.05
4197,165,143.8,158.476199458,4.46,-2.07715133531,-0.690607734807,18.7238820361,0.1
4198,168.3,145.1,135.295494737,4.32,-0.118694362018,0.207182320442,1.35784686952,-0.04
4199,167.3,144.6,158.476199458,4.41,-0.712166172107,-0.138121546961,18.7238820361,0.05
4200,173,143.2,124.919575439,4.47,2.6706231454,-1.10497237569,-6.4153671714,0.11
4201,170.2,144.5,122.121664327,4.41,1.00890207715,-0.207182320442,-8.51144765439,0.05
4202,161.3,144.2,137.824842105,4.3,-4.27299703264,-0.414364640884,3.25273038909,-0.06
4203,170.1,143.9,136.684714833,4.3,0.949554896142,-0.621546961326,2.39859370297,-0.06
4204,161.6,148.6,122.121664327,4.42,-4.09495548961,2.62430939227,-8.51144765439,0.06
4205,164.6,144.3,136.684714833,4.29,-2.31454005935,-0.345303867403,2.39859370297,-0.07
4206,159.8,144.8,128.393411802,4.3,-5.16320474777,0,-3.81291115555,-0.06
4207,192.4,144.8,137.824842105,4.3,14.1839762611,0,3.25273038909,-0.06
4208,168.7,144,135.295494737,4.3,0.118694362018,-0.552486187845,1.35784686952,-0.06
4209,176.6,144.2,136.684714833,4.47,4.80712166172,-0.414364640884,2.39859370297,0.11
4210,170.1,146.9,144.551595951,4.35,0.949554896142,1.45027624309,8.29213903749,-0.01
4211,185.7,143.7,137.824842105,4.3,10.2077151335,-0.759668508287,3.25273038909,-0.06
4212,162.6,144.9,122.121664327,4.35,-3.50148367953,0.0690607734807,-8.51144765439,-0.01
4213,176,142.6,144.551595951,4.27,4.45103857567,-1.51933701657,8.29213903749,-0.09
4214,192.4,143.4,135.295494737,4.6,14.1839762611,-0.966850828729,1.35784686952,0.24
4215,158.9,142.8,122.121664327,4.29,-5.69732937685,-1.38121546961,-8.51144765439,-0.07
4216,174.5,144,124.919575439,4.31,3.56083086053,-0.552486187845,-6.4153671714,-0.05
4217,174.6,144.3,128.393411802,4.41,3.62017804154,-0.345303867403,-3.81291115555,0.05
4218,170,144.9,135.295494737,4.55,0.890207715134,0.0690607734807,1.35784686952,0.19
4219,167.5,144.6,144.551595951,4.38,-0.593471810089,-0.138121546961,8.29213903749,0.02
4220,170.2,147.3,124.919575439,4.44,1.00890207715,1.72651933702,-6.4153671714,0.08
4221,169.8,141,122.121664327,4.6,0.771513353116,-2.62430939227,-8.51144765439,0.24
4222,174.4,144.2,136.684714833,4.45,3.50148367953,-0.414364640884,2.39859370297,0.09
4223,190.9,144.6,135.295494737,4.42,13.293768546,-0.138121546961,1.35784686952,0.06
4224,175.7,144.5,122.121664327,4.55,4.27299703264,-0.207182320442,-8.51144765439,0.19
4225,167.9,144.6,122.121664327,4.38,-0.356083086053,-0.138121546961,-8.51144765439,0.02
4226,165.7,143.7,135.295494737,4.23,-1.66172106825,-0.759668508287,1.35784686952,-0.13
4227,199.9,144,122.121664327,4.41,18.6350148368,-0.552486187845,-8.51144765439,0.05
4228,158.9,143.2,136.684714833,4.46,-5.69732937685,-1.10497237569,2.39859370297,0.1
4229,168.4,147.5,136.684714833,4.23,-0.0593471810089,1.86464088398,2.39859370297,-0.13
4230,166.1,144.6,137.824842105,4.23,-1.42433234421,-0.138121546961,3.25273038909,-0.13
4231,164.6,147.5,158.476199458,4.29,-2.31454005935,1.86464088398,18.7238820361,-0.07
4232,169.2,143.7,135.295494737,4.46,0.415430267062,-0.759668508287,1.35784686952,0.1
4233,167.9,145.2,125.070398149,4.47,-0.356083086053,0.276243093923,-6.30237696994,0.11
4234,165,144,122.121664327,4.29,-2.07715133531,-0.552486187845,-8.51144765439,-0.07
4235,156.1,143.5,138.648217105,4.29,-7.3590504451,-0.897790055249,3.86956923748,-0.07
4236,173,144.2,122.121664327,4.27,2.6706231454,-0.414364640884,-8.51144765439,-0.09
4237,168.3,144.8,137.824842105,4.41,-0.118694362018,0,3.25273038909,0.05
4238,164.8,144,158.476199458,4.32,-2.19584569733,-0.552486187845,18.7238820361,-0.04
4239,164.3,148,137.824842105,4.36,-2.49258160237,2.20994475138,3.25273038909,0
4240,168.6,148.6,136.684714833,4.6,0.0593471810089,2.62430939227,2.39859370297,0.24
4241,169.3,145.8,137.824842105,4.24,0.474777448071,0.690607734807,3.25273038909,-0.12
4242,161.7,147.5,158.476199458,4.6,-4.03560830861,1.86464088398,18.7238820361,0.24
4243,165.5,143.3,128.393411802,4.53,-1.78041543027,-1.03591160221,-3.81291115555,0.17
4244,169.4,146.9,122.121664327,4.38,0.53412462908,1.45027624309,-8.51144765439,0.02
4245,169.9,145.1,158.476199458,4.35,0.830860534125,0.207182320442,18.7238820361,-0.01
4246,161.7,144.2,137.824842105,4.32,-4.03560830861,-0.414364640884,3.25273038909,-0.04
4247,170.1,143.5,124.919575439,4.47,0.949554896142,-0.897790055249,-6.4153671714,0.11
4248,168.2,144.2,137.824842105,4.31,-0.178041543027,-0.414364640884,3.25273038909,-0.05
4249,164.6,144.2,136.684714833,4.53,-2.31454005935,-0.414364640884,2.39859370297,0.17
4250,167.8,144.5,137.824842105,4.39,-0.415430267062,-0.207182320442,3.25273038909,0.03
4251,166.2,144.4,158.476199458,4.6,-1.3649851632,-0.276243093923,18.7238820361,0.24
4252,199.9,146.1,122.121664327,4.42,18.6350148368,0.897790055249,-8.51144765439,0.06
4253,166.2,144,136.684714833,4.45,-1.3649851632,-0.552486187845,2.39859370297,0.09
4254,170.6,144.3,124.919575439,4.27,1.24629080119,-0.345303867403,-6.4153671714,-0.09
4255,190.9,145.1,135.295494737,4.3,13.293768546,0.207182320442,1.35784686952,-0.06
4256,175.7,144.5,124.919575439,4.31,4.27299703264,-0.207182320442,-6.4153671714,-0.05
4257,170.1,143.9,137.824842105,4.29,0.949554896142,-0.621546961326,3.25273038909,-0.07
4258,168.2,143.2,136.684714833,4.39,-0.178041543027,-1.10497237569,2.39859370297,0.03
4259,169.2,144.8,158.476199458,4.3,0.415430267062,0,18.7238820361,-0.06
4260,199.6,145.2,137.824842105,4.34,18.4569732938,0.276243093923,3.25273038909,-0.02
4261,165.7,144.4,137.824842105,4.27,-1.66172106825,-0.276243093923,3.25273038909,-0.09
4262,173.2,148,128.393411802,4.3,2.78931750742,2.20994475138,-3.81291115555,-0.06
4263,165.5,144.5,144.551595951,4.29,-1.78041543027,-0.207182320442,8.29213903749,-0.07
4264,168.4,144.6,122.121664327,4.47,-0.0593471810089,-0.138121546961,-8.51144765439,0.11
4265,164.6,145.2,158.476199458,4.36,-2.31454005935,0.276243093923,18.7238820361,0
4266,198.1,146.1,125.070398149,4.44,17.5667655786,0.897790055249,-6.30237696994,0.08
4267,167.4,144.8,137.824842105,4.34,-0.652818991098,0,3.25273038909,-0.02
4268,168.4,144.8,136.684714833,4.3,-0.0593471810089,0,2.39859370297,-0.06
4269,169.2,144,125.070398149,4.46,0.415430267062,-0.552486187845,-6.30237696994,0.1
4270,170.3,148.6,135.295494737,4.32,1.06824925816,2.62430939227,1.35784686952,-0.04
4271,192.4,144.8,128.393411802,4.36,14.1839762611,0,-3.81291115555,0
4272,163.7,145.2,135.295494737,4.32,-2.84866468843,0.276243093923,1.35784686952,-0.04
4273,167.5,143.7,125.070398149,4.47,-0.593471810089,-0.759668508287,-6.30237696994,0.11
4274,169.4,141.4,137.824842105,4.21,0.53412462908,-2.34806629834,3.25273038909,-0.15
4275,170.2,144.4,135.295494737,4.39,1.00890207715,-0.276243093923,1.35784686952,0.03
4276,167.3,148.6,135.295494737,4.36,-0.712166172107,2.62430939227,1.35784686952,0
4277,175.7,144,137.824842105,4.3,4.27299703264,-0.552486187845,3.25273038909,-0.06
4278,167.8,145.2,144.551595951,4.27,-0.415430267062,0.276243093923,8.29213903749,-0.09
4279,177.5,143.5,122.121664327,4.31,5.3412462908,-0.897790055249,-8.51144765439,-0.05
4280,169.9,144.3,144.551595951,4.46,0.830860534125,-0.345303867403,8.29213903749,0.1
4281,169.9,141.4,138.648217105,4.53,0.830860534125,-2.34806629834,3.86956923748,0.17
4282,167.5,142.8,158.476199458,4.21,-0.593471810089,-1.38121546961,18.7238820361,-0.15
4283,165.5,143.3,128.393411802,4.6,-1.78041543027,-1.03591160221,-3.81291115555,0.24
4284,170.2,144.4,137.824842105,4.47,1.00890207715,-0.276243093923,3.25273038909,0.11
4285,169.3,144.5,137.824842105,4.21,0.474777448071,-0.207182320442,3.25273038909,-0.15
4286,168.3,141.4,158.476199458,4.3,-0.118694362018,-2.34806629834,18.7238820361,-0.06
4287,163.7,144.2,136.684714833,4.36,-2.84866468843,-0.414364640884,2.39859370297,0
4288,177.5,144.4,144.551595951,4.23,5.3412462908,-0.276243093923,8.29213903749,-0.13
4289,165,143.9,135.295494737,4.27,-2.07715133531,-0.621546961326,1.35784686952,-0.09
4290,170.6,145.8,158.476199458,4.27,1.24629080119,0.690607734807,18.7238820361,-0.09
4291,167.8,143.2,124.919575439,4.31,-0.415430267062,-1.10497237569,-6.4153671714,-0.05
4292,172.4,143.7,144.551595951,4.44,2.31454005935,-0.759668508287,8.29213903749,0.08
4293,185.7,144.5,124.919575439,4.27,10.2077151335,-0.207182320442,-6.4153671714,-0.09
4294,170.6,144,128.393411802,4.44,1.24629080119,-0.552486187845,-3.81291115555,0.08
4295,174.4,146.1,138.648217105,4.47,3.50148367953,0.897790055249,3.86956923748,0.11
4296,164.5,144.1,122.121664327,4.35,-2.37388724036,-0.483425414365,-8.51144765439,-0.01
4297,175.7,144.5,137.824842105,4.35,4.27299703264,-0.207182320442,3.25273038909,-0.01
4298,176,143.8,135.295494737,4.53,4.45103857567,-0.690607734807,1.35784686952,0.17
4299,167.9,143.6,144.551595951,4.29,-0.356083086053,-0.828729281768,8.29213903749,-0.07
4300,176,143.3,125.070398149,4.46,4.45103857567,-1.03591160221,-6.30237696994,0.1
4301,166.2,144.6,122.121664327,4.38,-1.3649851632,-0.138121546961,-8.51144765439,0.02
4302,173.3,144.4,136.684714833,4.38,2.84866468843,-0.276243093923,2.39859370297,0.02
4303,174.6,144.9,125.070398149,4.24,3.62017804154,0.0690607734807,-6.30237696994,-0.12
4304,167.6,143.5,138.648217105,4.44,-0.53412462908,-0.897790055249,3.86956923748,0.08
4305,167.5,147.3,138.648217105,4.29,-0.593471810089,1.72651933702,3.86956923748,-0.07
4306,170,144,125.070398149,4.27,0.890207715134,-0.552486187845,-6.30237696994,-0.09
4307,170.1,141,137.824842105,4.23,0.949554896142,-2.62430939227,3.25273038909,-0.13
4308,176.6,144.5,124.919575439,4.41,4.80712166172,-0.207182320442,-6.4153671714,0.05
4309,167.3,143.2,135.295494737,4.46,-0.712166172107,-1.10497237569,1.35784686952,0.1
4310,168.3,145.5,137.824842105,4.35,-0.118694362018,0.483425414365,3.25273038909,-0.01
4311,166.1,147.9,122.121664327,4.6,-1.42433234421,2.1408839779,-8.51144765439,0.24
4312,161.3,146.9,128.393411802,4.6,-4.27299703264,1.45027624309,-3.81291115555,0.24
4313,164.8,145.5,122.121664327,4.34,-2.19584569733,0.483425414365,-8.51144765439,-0.02
4314,167.4,143.6,135.295494737,4.3,-0.652818991098,-0.828729281768,1.35784686952,-0.06
4315,168.6,144,158.476199458,4.29,0.0593471810089,-0.552486187845,18.7238820361,-0.07
4316,167.8,144.5,122.121664327,4.38,-0.415430267062,-0.207182320442,-8.51144765439,0.02
4317,199.9,144.7,158.476199458,4.45,18.6350148368,-0.0690607734807,18.7238820361,0.09
4318,176.2,141.6,128.393411802,4.55,4.56973293769,-2.20994475138,-3.81291115555,0.19
4319,146.7,142.6,122.121664327,4.47,-12.9376854599,-1.51933701657,-8.51144765439,0.11
4320,192.4,143.9,144.551595951,4.23,14.1839762611,-0.621546961326,8.29213903749,-0.13
4321,176.6,143.9,158.476199458,4.55,4.80712166172,-0.621546961326,18.7238820361,0.19
4322,176,143.9,135.295494737,4.29,4.45103857567,-0.621546961326,1.35784686952,-0.07
4323,174.1,143.4,135.295494737,4.41,3.3234421365,-0.966850828729,1.35784686952,0.05
4324,173,143.7,135.295494737,4.27,2.6706231454,-0.759668508287,1.35784686952,-0.09
4325,170.6,143.4,138.648217105,4.6,1.24629080119,-0.966850828729,3.86956923748,0.24
4326,185.7,144.8,135.295494737,4.35,10.2077151335,0,1.35784686952,-0.01
4327,192.4,144.8,128.393411802,4.23,14.1839762611,0,-3.81291115555,-0.13
4328,170,144.2,124.919575439,4.34,0.890207715134,-0.414364640884,-6.4153671714,-0.02
4329,167.9,147.1,136.684714833,4.35,-0.356083086053,1.58839779006,2.39859370297,-0.01
4330,176,145.1,136.684714833,4.32,4.45103857567,0.207182320442,2.39859370297,-0.04
4331,170.2,141,125.070398149,4.24,1.00890207715,-2.62430939227,-6.30237696994,-0.12
4332,175.7,143.4,135.295494737,4.29,4.27299703264,-0.966850828729,1.35784686952,-0.07
4333,167.4,143.7,124.919575439,4.41,-0.652818991098,-0.759668508287,-6.4153671714,0.05
4334,164.8,140.4,144.551595951,4.36,-2.19584569733,-3.03867403315,8.29213903749,0
4335,173.3,143.7,158.476199458,4.39,2.84866468843,-0.759668508287,18.7238820361,0.03
4336,168.3,143.4,125.070398149,4.6,-0.118694362018,-0.966850828729,-6.30237696994,0.24
4337,168.7,144,136.684714833,4.34,0.118694362018,-0.552486187845,2.39859370297,-0.02
4338,165.4,144.2,137.824842105,4.44,-1.83976261128,-0.414364640884,3.25273038909,0.08
4339,169.3,143.6,136.684714833,4.39,0.474777448071,-0.828729281768,2.39859370297,0.03
4340,169.2,147.3,158.476199458,4.44,0.415430267062,1.72651933702,18.7238820361,0.08
4341,167.4,143.6,128.393411802,4.31,-0.652818991098,-0.828729281768,-3.81291115555,-0.05
4342,177.5,141,128.393411802,4.41,5.3412462908,-2.62430939227,-3.81291115555,0.05
4343,174.5,144.5,125.070398149,4.41,3.56083086053,-0.207182320442,-6.30237696994,0.05
4344,163.7,143.7,124.919575439,4.32,-2.84866468843,-0.759668508287,-6.4153671714,-0.04
4345,160.6,147.1,122.121664327,4.46,-4.6884272997,1.58839779006,-8.51144765439,0.1
4346,159.8,144.8,144.551595951,4.46,-5.16320474777,0,8.29213903749,0.1
4347,164.5,144.5,136.684714833,4.36,-2.37388724036,-0.207182320442,2.39859370297,0
4348,164.6,144.9,124.919575439,4.24,-2.31454005935,0.0690607734807,-6.4153671714,-0.12
4349,163.7,144.2,124.919575439,4.47,-2.84866468843,-0.414364640884,-6.4153671714,0.11
4350,173,144.5,135.295494737,4.47,2.6706231454,-0.207182320442,1.35784686952,0.11
4351,170.6,143.6,124.919575439,4.41,1.24629080119,-0.828729281768,-6.4153671714,0.05
4352,169.2,144,138.648217105,4.39,0.415430267062,-0.552486187845,3.86956923748,0.03
4353,166.1,144,124.919575439,4.3,-1.42433234421,-0.552486187845,-6.4153671714,-0.06
4354,164.6,146.9,122.121664327,4.41,-2.31454005935,1.45027624309,-8.51144765439,0.05
4355,174.3,145.2,138.648217105,4.42,3.44213649852,0.276243093923,3.86956923748,0.06
4356,173.3,147.5,124.919575439,4.23,2.84866468843,1.86464088398,-6.4153671714,-0.13
4357,174.3,145.2,136.684714833,4.45,3.44213649852,0.276243093923,2.39859370297,0.09
4358,153.9,144.4,122.121664327,4.32,-8.6646884273,-0.276243093923,-8.51144765439,-0.04
4359,198.1,143.9,144.551595951,4.34,17.5667655786,-0.621546961326,8.29213903749,-0.02
4360,170.1,144,158.476199458,4.47,0.949554896142,-0.552486187845,18.7238820361,0.11
4361,169.2,144.9,135.295494737,4.55,0.415430267062,0.0690607734807,1.35784686952,0.19
4362,165,144.6,122.121664327,4.3,-2.07715133531,-0.138121546961,-8.51144765439,-0.06
4363,199.6,145.2,144.551595951,4.41,18.4569732938,0.276243093923,8.29213903749,0.05
4364,170.2,144.2,125.070398149,4.32,1.00890207715,-0.414364640884,-6.30237696994,-0.04
4365,167.4,144.9,138.648217105,4.29,-0.652818991098,0.0690607734807,3.86956923748,-0.07
4366,170.2,148.6,124.919575439,4.21,1.00890207715,2.62430939227,-6.4153671714,-0.15
4367,165.4,147.5,125.070398149,4.45,-1.83976261128,1.86464088398,-6.30237696994,0.09
4368,167.1,144.2,125.070398149,4.3,-0.830860534125,-0.414364640884,-6.30237696994,-0.06
4369,168.6,144.8,137.824842105,4.35,0.0593471810089,0,3.25273038909,-0.01
4370,199.6,143.5,124.919575439,4.27,18.4569732938,-0.897790055249,-6.4153671714,-0.09
4371,170,145.7,137.824842105,4.3,0.890207715134,0.621546961326,3.25273038909,-0.06
4372,199.6,145.2,158.476199458,4.3,18.4569732938,0.276243093923,18.7238820361,-0.06
4373,165.7,144,135.295494737,4.53,-1.66172106825,-0.552486187845,1.35784686952,0.17
4374,192.4,141,128.393411802,4.47,14.1839762611,-2.62430939227,-3.81291115555,0.11
4375,172.4,144.4,122.121664327,4.21,2.31454005935,-0.276243093923,-8.51144765439,-0.15
4376,176.6,143.9,144.551595951,4.21,4.80712166172,-0.621546961326,8.29213903749,-0.15
4377,190.9,144.5,137.824842105,4.3,13.293768546,-0.207182320442,3.25273038909,-0.06
4378,164.3,145.8,124.919575439,4.32,-2.49258160237,0.690607734807,-6.4153671714,-0.04
4379,165.4,145.1,128.393411802,4.35,-1.83976261128,0.207182320442,-3.81291115555,-0.01
4380,169.2,144.8,138.648217105,4.6,0.415430267062,0,3.86956923748,0.24
4381,173,144.5,144.551595951,4.46,2.6706231454,-0.207182320442,8.29213903749,0.1
4382,162.2,145.2,125.070398149,4.36,-3.73887240356,0.276243093923,-6.30237696994,0
4383,165,144.2,136.684714833,4.23,-2.07715133531,-0.414364640884,2.39859370297,-0.13
4384,174.6,143.4,144.551595951,4.47,3.62017804154,-0.966850828729,8.29213903749,0.11
4385,168.4,147.3,144.551595951,4.3,-0.0593471810089,1.72651933702,8.29213903749,-0.06
4386,173,143.6,122.121664327,4.24,2.6706231454,-0.828729281768,-8.51144765439,-0.12
4387,168.2,143.7,124.919575439,4.39,-0.178041543027,-0.759668508287,-6.4153671714,0.03
4388,170.2,146.9,136.684714833,4.32,1.00890207715,1.45027624309,2.39859370297,-0.04
4389,167.4,144.2,144.551595951,4.27,-0.652818991098,-0.414364640884,8.29213903749,-0.09
4390,170.1,144.8,128.393411802,4.45,0.949554896142,0,-3.81291115555,0.09
4391,164.5,143.8,137.824842105,4.47,-2.37388724036,-0.690607734807,3.25273038909,0.11
4392,161.3,144.2,124.919575439,4.38,-4.27299703264,-0.414364640884,-6.4153671714,0.02
4393,185.7,148,128.393411802,4.6,10.2077151335,2.20994475138,-3.81291115555,0.24
4394,170.8,145.2,122.121664327,4.29,1.3649851632,0.276243093923,-8.51144765439,-0.07
4395,173.3,143.4,122.121664327,4.32,2.84866468843,-0.966850828729,-8.51144765439,-0.04
4396,171.8,140.4,122.121664327,4.41,1.95845697329,-3.03867403315,-8.51144765439,0.05
4397,198.1,143.2,158.476199458,4.29,17.5667655786,-1.10497237569,18.7238820361,-0.07
4398,162.6,144.5,135.295494737,4.47,-3.50148367953,-0.207182320442,1.35784686952,0.11
4399,167.4,144.3,137.824842105,4.42,-0.652818991098,-0.345303867403,3.25273038909,0.06
4400,167.3,144.9,136.684714833,4.3,-0.712166172107,0.0690607734807,2.39859370297,-0.06
4401,165,144.6,137.824842105,4.42,-2.07715133531,-0.138121546961,3.25273038909,0.06
4402,167.6,144.5,138.648217105,4.42,-0.53412462908,-0.207182320442,3.86956923748,0.06
4403,192.4,143.8,144.551595951,4.3,14.1839762611,-0.690607734807,8.29213903749,-0.06
4404,165.7,146.9,144.551595951,4.3,-1.66172106825,1.45027624309,8.29213903749,-0.06
4405,190.9,144.8,122.121664327,4.27,13.293768546,0,-8.51144765439,-0.09
4406,176,147.5,144.551595951,4.3,4.45103857567,1.86464088398,8.29213903749,-0.06
4407,170.2,141.6,122.121664327,4.27,1.00890207715,-2.20994475138,-8.51144765439,-0.09
4408,169.9,142.8,125.070398149,4.44,0.830860534125,-1.38121546961,-6.30237696994,0.08
4409,167.9,144.2,122.121664327,4.35,-0.356083086053,-0.414364640884,-8.51144765439,-0.01
4410,170,144,138.648217105,4.46,0.890207715134,-0.552486187845,3.86956923748,0.1
4411,163.7,145.2,135.295494737,4.27,-2.84866468843,0.276243093923,1.35784686952,-0.09
4412,170.2,144.2,122.121664327,4.32,1.00890207715,-0.414364640884,-8.51144765439,-0.04
4413,162.9,143.9,128.393411802,4.6,-3.3234421365,-0.621546961326,-3.81291115555,0.24
4414,164.5,145.1,135.295494737,4.24,-2.37388724036,0.207182320442,1.35784686952,-0.12
4415,192.4,144.5,125.070398149,4.45,14.1839762611,-0.207182320442,-6.30237696994,0.09
4416,199.9,144.5,136.684714833,4.47,18.6350148368,-0.207182320442,2.39859370297,0.11
4417,176.2,141.4,135.295494737,4.3,4.56973293769,-2.34806629834,1.35784686952,-0.06
4418,162.2,144,158.476199458,4.3,-3.73887240356,-0.552486187845,18.7238820361,-0.06
4419,177.5,141,136.684714833,4.44,5.3412462908,-2.62430939227,2.39859370297,0.08
4420,170.8,143.5,135.295494737,4.41,1.3649851632,-0.897790055249,1.35784686952,0.05
4421,158.9,144.8,138.648217105,4.29,-5.69732937685,0,3.86956923748,-0.07
4422,165.4,144.9,138.648217105,4.46,-1.83976261128,0.0690607734807,3.86956923748,0.1
4423,171,144.8,138.648217105,4.47,1.48367952522,0,3.86956923748,0.11
4424,168.7,143.3,137.824842105,4.34,0.118694362018,-1.03591160221,3.25273038909,-0.02
4425,174.5,142.8,128.393411802,4.46,3.56083086053,-1.38121546961,-3.81291115555,0.1
4426,159.8,147.1,125.070398149,4.45,-5.16320474777,1.58839779006,-6.30237696994,0.09
4427,161.3,143.7,137.824842105,4.36,-4.27299703264,-0.759668508287,3.25273038909,0
4428,166.4,143.2,144.551595951,4.44,-1.24629080119,-1.10497237569,8.29213903749,0.08
4429,168.2,144.4,136.684714833,4.36,-0.178041543027,-0.276243093923,2.39859370297,0
4430,167.6,144.7,136.684714833,4.6,-0.53412462908,-0.0690607734807,2.39859370297,0.24
4431,190.9,145.2,122.121664327,4.6,13.293768546,0.276243093923,-8.51144765439,0.24
4432,166.9,145.1,144.551595951,4.6,-0.949554896142,0.207182320442,8.29213903749,0.24
4433,171.8,144.2,122.121664327,4.42,1.95845697329,-0.414364640884,-8.51144765439,0.06
4434,169.4,144.7,128.393411802,4.46,0.53412462908,-0.0690607734807,-3.81291115555,0.1
4435,161.6,141.4,136.684714833,4.46,-4.09495548961,-2.34806629834,2.39859370297,0.1
4436,167.1,144.9,124.919575439,4.45,-0.830860534125,0.0690607734807,-6.4153671714,0.09
4437,160.6,144.4,138.648217105,4.6,-4.6884272997,-0.276243093923,3.86956923748,0.24
4438,164.5,143.5,144.551595951,4.42,-2.37388724036,-0.897790055249,8.29213903749,0.06
4439,162.9,144.8,158.476199458,4.47,-3.3234421365,0,18.7238820361,0.11
4440,172.4,143.2,135.295494737,4.42,2.31454005935,-1.10497237569,1.35784686952,0.06
4441,164.5,143.4,144.551595951,4.39,-2.37388724036,-0.966850828729,8.29213903749,0.03
4442,167.5,144,128.393411802,4.27,-0.593471810089,-0.552486187845,-3.81291115555,-0.09
4443,162.2,144.5,137.824842105,4.42,-3.73887240356,-0.207182320442,3.25273038909,0.06
4444,168.3,147.1,158.476199458,4.44,-0.118694362018,1.58839779006,18.7238820361,0.08
4445,171.8,144.5,136.684714833,4.24,1.95845697329,-0.207182320442,2.39859370297,-0.12
4446,158.9,145.1,136.684714833,4.55,-5.69732937685,0.207182320442,2.39859370297,0.19
4447,164.3,144,128.393411802,4.38,-2.49258160237,-0.552486187845,-3.81291115555,0.02
4448,171,144.9,128.393411802,4.41,1.48367952522,0.0690607734807,-3.81291115555,0.05
4449,156.1,143.2,135.295494737,4.3,-7.3590504451,-1.10497237569,1.35784686952,-0.06
4450,199.9,141,124.919575439,4.41,18.6350148368,-2.62430939227,-6.4153671714,0.05
4451,175.7,144,138.648217105,4.39,4.27299703264,-0.552486187845,3.86956923748,0.03
4452,164.5,143.3,124.919575439,4.39,-2.37388724036,-1.03591160221,-6.4153671714,0.03
4453,169.2,143.9,138.648217105,4.24,0.415430267062,-0.621546961326,3.86956923748,-0.12
4454,159.8,145.7,144.551595951,4.55,-5.16320474777,0.621546961326,8.29213903749,0.19
4455,175.7,144.2,122.121664327,4.32,4.27299703264,-0.414364640884,-8.51144765439,-0.04
4456,169.4,144.7,124.919575439,4.55,0.53412462908,-0.0690607734807,-6.4153671714,0.19
4457,167.1,145.2,122.121664327,4.29,-0.830860534125,0.276243093923,-8.51144765439,-0.07
4458,169.4,145.1,124.919575439,4.38,0.53412462908,0.207182320442,-6.4153671714,0.02
4459,168.2,143.3,122.121664327,4.53,-0.178041543027,-1.03591160221,-8.51144765439,0.17
4460,169.3,144.9,136.684714833,4.41,0.474777448071,0.0690607734807,2.39859370297,0.05
4461,190.9,144.4,128.393411802,4.6,13.293768546,-0.276243093923,-3.81291115555,0.24
4462,168.4,144.5,136.684714833,4.29,-0.0593471810089,-0.207182320442,2.39859370297,-0.07
4463,170.6,144.2,124.919575439,4.34,1.24629080119,-0.414364640884,-6.4153671714,-0.02
4464,165.5,143.8,135.295494737,4.23,-1.78041543027,-0.690607734807,1.35784686952,-0.13
4465,163.7,144.8,128.393411802,4.39,-2.84866468843,0,-3.81291115555,0.03
4466,172.4,141.6,136.684714833,4.35,2.31454005935,-2.20994475138,2.39859370297,-0.01
4467,174.3,144.2,135.295494737,4.39,3.44213649852,-0.414364640884,1.35784686952,0.03
4468,170.2,143.7,136.684714833,4.35,1.00890207715,-0.759668508287,2.39859370297,-0.01
4469,168.7,144.5,124.919575439,4.6,0.118694362018,-0.207182320442,-6.4153671714,0.24
4470,165.5,144.8,137.824842105,4.6,-1.78041543027,0,3.25273038909,0.24
4471,174.1,143.6,124.919575439,4.55,3.3234421365,-0.828729281768,-6.4153671714,0.19
4472,167.5,143.5,135.295494737,4.44,-0.593471810089,-0.897790055249,1.35784686952,0.08
4473,173.2,144.8,125.070398149,4.3,2.78931750742,0,-6.30237696994,-0.06
4474,165,143.6,158.476199458,4.29,-2.07715133531,-0.828729281768,18.7238820361,-0.07
4475,198.1,143.9,124.919575439,4.29,17.5667655786,-0.621546961326,-6.4153671714,-0.07
4476,167.5,144,124.919575439,4.21,-0.593471810089,-0.552486187845,-6.4153671714,-0.15
4477,167.5,144.2,144.551595951,4.38,-0.593471810089,-0.414364640884,8.29213903749,0.02
4478,170.2,144.4,124.919575439,4.32,1.00890207715,-0.276243093923,-6.4153671714,-0.04
4479,159.8,142.8,144.551595951,4.6,-5.16320474777,-1.38121546961,8.29213903749,0.24
4480,162.6,147.5,158.476199458,4.55,-3.50148367953,1.86464088398,18.7238820361,0.19
4481,171.2,144.8,137.824842105,4.32,1.60237388724,0,3.25273038909,-0.04
4482,174.3,146.1,125.070398149,4.45,3.44213649852,0.897790055249,-6.30237696994,0.09
4483,163.7,144.6,144.551595951,4.46,-2.84866468843,-0.138121546961,8.29213903749,0.1
4484,174.1,141.4,138.648217105,4.46,3.3234421365,-2.34806629834,3.86956923748,0.1
4485,168.6,145.1,124.919575439,4.41,0.0593471810089,0.207182320442,-6.4153671714,0.05
4486,161.6,144.5,135.295494737,4.53,-4.09495548961,-0.207182320442,1.35784686952,0.17
4487,192.4,144.7,137.824842105,4.39,14.1839762611,-0.0690607734807,3.25273038909,0.03
4488,169.9,144.5,137.824842105,4.32,0.830860534125,-0.207182320442,3.25273038909,-0.04
4489,165.7,144.8,137.824842105,4.44,-1.66172106825,0,3.25273038909,0.08
4490,169.3,145.2,128.393411802,4.3,0.474777448071,0.276243093923,-3.81291115555,-0.06
4491,171,144.8,138.648217105,4.27,1.48367952522,0,3.86956923748,-0.09
4492,170.1,148,138.648217105,4.41,0.949554896142,2.20994475138,3.86956923748,0.05
4493,153.9,144.5,138.648217105,4.3,-8.6646884273,-0.207182320442,3.86956923748,-0.06
4494,167.8,144.3,122.121664327,4.6,-0.415430267062,-0.345303867403,-8.51144765439,0.24
4495,169.2,142.8,138.648217105,4.47,0.415430267062,-1.38121546961,3.86956923748,0.11
4496,169.2,144.8,135.295494737,4.6,0.415430267062,0,1.35784686952,0.24
4497,161.6,144.5,128.393411802,4.6,-4.09495548961,-0.207182320442,-3.81291115555,0.24
4498,176,143.9,138.648217105,4.35,4.45103857567,-0.621546961326,3.86956923748,-0.01
4499,162.6,143.7,138.648217105,4.32,-3.50148367953,-0.759668508287,3.86956923748,-0.04
4500,169.8,144.8,138.648217105,4.3,0.771513353116,0,3.86956923748,-0.06
4501,170.2,144.3,137.824842105,4.24,1.00890207715,-0.345303867403,3.25273038909,-0.12
4502,170.2,144,137.824842105,4.6,1.00890207715,-0.552486187845,3.25273038909,0.24
4503,167.3,141.4,137.824842105,4.27,-0.712166172107,-2.34806629834,3.25273038909,-0.09
4504,167.4,144.6,138.648217105,4.6,-0.652818991098,-0.138121546961,3.86956923748,0.24
4505,159.8,143.2,144.551595951,4.45,-5.16320474777,-1.10497237569,8.29213903749,0.09
4506,158.9,144,137.824842105,4.45,-5.69732937685,-0.552486187845,3.25273038909,0.09
4507,166.4,144.4,125.070398149,4.32,-1.24629080119,-0.276243093923,-6.30237696994,-0.04
4508,161.7,144.5,138.648217105,4.29,-4.03560830861,-0.207182320442,3.86956923748,-0.07
4509,166.2,144.2,136.684714833,4.6,-1.3649851632,-0.414364640884,2.39859370297,0.24
4510,165.4,144.8,136.684714833,4.6,-1.83976261128,0,2.39859370297,0.24
4511,169.2,147.5,136.684714833,4.35,0.415430267062,1.86464088398,2.39859370297,-0.01
4512,169.4,144.3,144.551595951,4.3,0.53412462908,-0.345303867403,8.29213903749,-0.06
4513,164.8,144.2,158.476199458,4.31,-2.19584569733,-0.414364640884,18.7238820361,-0.05
4514,168.3,144.4,122.121664327,4.38,-0.118694362018,-0.276243093923,-8.51144765439,0.02
4515,177.5,144.6,122.121664327,4.44,5.3412462908,-0.138121546961,-8.51144765439,0.08
4516,168.6,144.8,128.393411802,4.38,0.0593471810089,0,-3.81291115555,0.02
4517,170.2,145.2,135.295494737,4.27,1.00890207715,0.276243093923,1.35784686952,-0.09
4518,175.7,141.4,136.684714833,4.32,4.27299703264,-2.34806629834,2.39859370297,-0.04
4519,169.2,144,138.648217105,4.44,0.415430267062,-0.552486187845,3.86956923748,0.08
4520,167.4,144.3,128.393411802,4.31,-0.652818991098,-0.345303867403,-3.81291115555,-0.05
4521,163.7,142.8,124.919575439,4.38,-2.84866468843,-1.38121546961,-6.4153671714,0.02
4522,173.2,141.4,144.551595951,4.6,2.78931750742,-2.34806629834,8.29213903749,0.24
4523,174.5,143.2,124.919575439,4.32,3.56083086053,-1.10497237569,-6.4153671714,-0.04
4524,170.2,145.2,136.684714833,4.24,1.00890207715,0.276243093923,2.39859370297,-0.12
4525,176,145.8,137.824842105,4.29,4.45103857567,0.690607734807,3.25273038909,-0.07
4526,175.7,143.9,137.824842105,4.23,4.27299703264,-0.621546961326,3.25273038909,-0.13
4527,175.7,144,144.551595951,4.47,4.27299703264,-0.552486187845,8.29213903749,0.11
4528,166.9,143.7,138.648217105,4.47,-0.949554896142,-0.759668508287,3.86956923748,0.11
4529,199.6,144.9,137.824842105,4.23,18.4569732938,0.0690607734807,3.25273038909,-0.13
4530,168.2,147.5,125.070398149,4.41,-0.178041543027,1.86464088398,-6.30237696994,0.05
4531,164.6,144,125.070398149,4.47,-2.31454005935,-0.552486187845,-6.30237696994,0.11
4532,199.9,143.6,124.919575439,4.29,18.6350148368,-0.828729281768,-6.4153671714,-0.07
4533,164.5,143.4,124.919575439,4.35,-2.37388724036,-0.966850828729,-6.4153671714,-0.01
4534,166.4,144.5,124.919575439,4.3,-1.24629080119,-0.207182320442,-6.4153671714,-0.06
4535,198.1,144.4,124.919575439,4.46,17.5667655786,-0.276243093923,-6.4153671714,0.1
4536,161.7,142.6,158.476199458,4.45,-4.03560830861,-1.51933701657,18.7238820361,0.09
4537,168.2,144.8,137.824842105,4.3,-0.178041543027,0,3.25273038909,-0.06
4538,169.4,141,122.121664327,4.46,0.53412462908,-2.62430939227,-8.51144765439,0.1
4539,170,145.2,124.919575439,4.41,0.890207715134,0.276243093923,-6.4153671714,0.05
4540,170.2,144.4,137.824842105,4.32,1.00890207715,-0.276243093923,3.25273038909,-0.04
4541,168.7,144.2,128.393411802,4.6,0.118694362018,-0.414364640884,-3.81291115555,0.24
4542,167.6,144.2,158.476199458,4.32,-0.53412462908,-0.414364640884,18.7238820361,-0.04
4543,161.3,144.9,128.393411802,4.29,-4.27299703264,0.0690607734807,-3.81291115555,-0.07
4544,171,145.5,144.551595951,4.44,1.48367952522,0.483425414365,8.29213903749,0.08
4545,176.6,144.6,138.648217105,4.27,4.80712166172,-0.138121546961,3.86956923748,-0.09
4546,167.5,144.5,122.121664327,4.47,-0.593471810089,-0.207182320442,-8.51144765439,0.11
4547,161.3,144.2,137.824842105,4.41,-4.27299703264,-0.414364640884,3.25273038909,0.05
4548,199.9,144.5,144.551595951,4.29,18.6350148368,-0.207182320442,8.29213903749,-0.07
4549,168.6,145.2,136.684714833,4.29,0.0593471810089,0.276243093923,2.39859370297,-0.07
4550,170.3,144.5,125.070398149,4.39,1.06824925816,-0.207182320442,-6.30237696994,0.03
4551,163.3,147.5,137.824842105,4.21,-3.08605341246,1.86464088398,3.25273038909,-0.15
4552,146.7,144.9,158.476199458,4.45,-12.9376854599,0.0690607734807,18.7238820361,0.09
4553,160.6,144.3,138.648217105,4.34,-4.6884272997,-0.345303867403,3.86956923748,-0.02
4554,162.9,147.5,158.476199458,4.47,-3.3234421365,1.86464088398,18.7238820361,0.11
4555,167.3,144.4,135.295494737,4.41,-0.712166172107,-0.276243093923,1.35784686952,0.05
4556,170.2,143.6,124.919575439,4.38,1.00890207715,-0.828729281768,-6.4153671714,0.02
4557,164.3,144.9,128.393411802,4.39,-2.49258160237,0.0690607734807,-3.81291115555,0.03
4558,166.2,144.5,158.476199458,4.45,-1.3649851632,-0.207182320442,18.7238820361,0.09
4559,162.2,145.2,128.393411802,4.24,-3.73887240356,0.276243093923,-3.81291115555,-0.12
4560,167.8,144.7,137.824842105,4.35,-0.415430267062,-0.0690607734807,3.25273038909,-0.01
4561,170.2,144.7,128.393411802,4.41,1.00890207715,-0.0690607734807,-3.81291115555,0.05
4562,164.8,143.8,128.393411802,4.35,-2.19584569733,-0.690607734807,-3.81291115555,-0.01
4563,160.6,143.4,144.551595951,4.27,-4.6884272997,-0.966850828729,8.29213903749,-0.09
4564,199.6,141.4,125.070398149,4.46,18.4569732938,-2.34806629834,-6.30237696994,0.1
4565,167.4,143.6,137.824842105,4.3,-0.652818991098,-0.828729281768,3.25273038909,-0.06
4566,171.2,144.5,128.393411802,4.21,1.60237388724,-0.207182320442,-3.81291115555,-0.15
4567,168.6,147.3,138.648217105,4.47,0.0593471810089,1.72651933702,3.86956923748,0.11
4568,170.1,145.2,138.648217105,4.45,0.949554896142,0.276243093923,3.86956923748,0.09
4569,170.1,144.6,136.684714833,4.35,0.949554896142,-0.138121546961,2.39859370297,-0.01
4570,174.5,145.2,144.551595951,4.44,3.56083086053,0.276243093923,8.29213903749,0.08
4571,167.9,143.7,158.476199458,4.36,-0.356083086053,-0.759668508287,18.7238820361,0
4572,170.2,143.3,122.121664327,4.46,1.00890207715,-1.03591160221,-8.51144765439,0.1
4573,198.1,143.7,128.393411802,4.32,17.5667655786,-0.759668508287,-3.81291115555,-0.04
4574,170.2,143.7,137.824842105,4.31,1.00890207715,-0.759668508287,3.25273038909,-0.05
4575,174.4,145.8,125.070398149,4.21,3.50148367953,0.690607734807,-6.30237696994,-0.15
4576,164.3,145.1,128.393411802,4.27,-2.49258160237,0.207182320442,-3.81291115555,-0.09
4577,199.6,143.4,158.476199458,4.41,18.4569732938,-0.966850828729,18.7238820361,0.05
4578,165.7,143.5,125.070398149,4.3,-1.66172106825,-0.897790055249,-6.30237696994,-0.06
4579,167.6,147.9,138.648217105,4.41,-0.53412462908,2.1408839779,3.86956923748,0.05
4580,167.3,144.1,144.551595951,4.45,-0.712166172107,-0.483425414365,8.29213903749,0.09
4581,190.9,144.9,122.121664327,4.3,13.293768546,0.0690607734807,-8.51144765439,-0.06
4582,158.9,144.8,122.121664327,4.46,-5.69732937685,0,-8.51144765439,0.1
4583,168.2,144,138.648217105,4.46,-0.178041543027,-0.552486187845,3.86956923748,0.1
4584,165.4,145.1,125.070398149,4.39,-1.83976261128,0.207182320442,-6.30237696994,0.03
4585,171.2,144.2,144.551595951,4.35,1.60237388724,-0.414364640884,8.29213903749,-0.01
4586,146.7,147.1,158.476199458,4.6,-12.9376854599,1.58839779006,18.7238820361,0.24
4587,199.9,143.9,137.824842105,4.47,18.6350148368,-0.621546961326,3.25273038909,0.11
4588,164.5,144.2,125.070398149,4.6,-2.37388724036,-0.414364640884,-6.30237696994,0.24
4589,169.3,144.6,137.824842105,4.44,0.474777448071,-0.138121546961,3.25273038909,0.08
4590,169.4,140.4,158.476199458,4.32,0.53412462908,-3.03867403315,18.7238820361,-0.04
4591,170.2,145.7,136.684714833,4.27,1.00890207715,0.621546961326,2.39859370297,-0.09
4592,171.8,144.2,144.551595951,4.6,1.95845697329,-0.414364640884,8.29213903749,0.24
4593,171.8,148,128.393411802,4.3,1.95845697329,2.20994475138,-3.81291115555,-0.06
4594,174.6,144.2,137.824842105,4.3,3.62017804154,-0.414364640884,3.25273038909,-0.06
4595,199.9,144.6,122.121664327,4.47,18.6350148368,-0.138121546961,-8.51144765439,0.11
4596,156.1,141.4,138.648217105,4.46,-7.3590504451,-2.34806629834,3.86956923748,0.1
4597,169.4,145.2,136.684714833,4.23,0.53412462908,0.276243093923,2.39859370297,-0.13
4598,163.7,144.5,122.121664327,4.38,-2.84866468843,-0.207182320442,-8.51144765439,0.02
4599,176,143.5,138.648217105,4.35,4.45103857567,-0.897790055249,3.86956923748,-0.01
4600,168.2,143.7,135.295494737,4.29,-0.178041543027,-0.759668508287,1.35784686952,-0.07
4601,198.1,148,158.476199458,4.45,17.5667655786,2.20994475138,18.7238820361,0.09
4602,162.9,143.6,122.121664327,4.27,-3.3234421365,-0.828729281768,-8.51144765439,-0.09
4603,170.6,143.8,144.551595951,4.27,1.24629080119,-0.690607734807,8.29213903749,-0.09
4604,167.6,140.4,122.121664327,4.29,-0.53412462908,-3.03867403315,-8.51144765439,-0.07
4605,167.6,144.4,138.648217105,4.6,-0.53412462908,-0.276243093923,3.86956923748,0.24
4606,166.4,144.2,158.476199458,4.44,-1.24629080119,-0.414364640884,18.7238820361,0.08
4607,167.3,144.2,144.551595951,4.21,-0.712166172107,-0.414364640884,8.29213903749,-0.15
4608,171.8,144.9,135.295494737,4.53,1.95845697329,0.0690607734807,1.35784686952,0.17
4609,165.4,144,135.295494737,4.47,-1.83976261128,-0.552486187845,1.35784686952,0.11
4610,176.2,142.6,125.070398149,4.24,4.56973293769,-1.51933701657,-6.30237696994,-0.12
4611,167.5,144.8,122.121664327,4.44,-0.593471810089,0,-8.51144765439,0.08
4612,158.9,147.3,128.393411802,4.34,-5.69732937685,1.72651933702,-3.81291115555,-0.02
4613,168.4,144.9,125.070398149,4.29,-0.0593471810089,0.0690607734807,-6.30237696994,-0.07
4614,169.9,143.5,135.295494737,4.27,0.830860534125,-0.897790055249,1.35784686952,-0.09
4615,169.4,144,122.121664327,4.23,0.53412462908,-0.552486187845,-8.51144765439,-0.13
4616,167.8,143.4,137.824842105,4.47,-0.415430267062,-0.966850828729,3.25273038909,0.11
4617,173,144.5,128.393411802,4.44,2.6706231454,-0.207182320442,-3.81291115555,0.08
4618,176,144.3,137.824842105,4.44,4.45103857567,-0.345303867403,3.25273038909,0.08
4619,167.5,141.6,138.648217105,4.45,-0.593471810089,-2.20994475138,3.86956923748,0.09
4620,162.2,144.6,135.295494737,4.23,-3.73887240356,-0.138121546961,1.35784686952,-0.13
4621,173,144.5,122.121664327,4.3,2.6706231454,-0.207182320442,-8.51144765439,-0.06
4622,167.8,143.4,128.393411802,4.29,-0.415430267062,-0.966850828729,-3.81291115555,-0.07
4623,176,144.5,128.393411802,4.24,4.45103857567,-0.207182320442,-3.81291115555,-0.12
4624,170.2,141,125.070398149,4.27,1.00890207715,-2.62430939227,-6.30237696994,-0.09
4625,168.4,141,136.684714833,4.45,-0.0593471810089,-2.62430939227,2.39859370297,0.09
4626,169.4,143.4,125.070398149,4.34,0.53412462908,-0.966850828729,-6.30237696994,-0.02
4627,174.1,143.7,144.551595951,4.38,3.3234421365,-0.759668508287,8.29213903749,0.02
4628,164.3,142.8,144.551595951,4.3,-2.49258160237,-1.38121546961,8.29213903749,-0.06
4629,168.4,144.6,158.476199458,4.21,-0.0593471810089,-0.138121546961,18.7238820361,-0.15
4630,168.3,145.5,125.070398149,4.29,-0.118694362018,0.483425414365,-6.30237696994,-0.07
4631,167.3,144.3,144.551595951,4.42,-0.712166172107,-0.345303867403,8.29213903749,0.06
4632,168.6,143.5,128.393411802,4.41,0.0593471810089,-0.897790055249,-3.81291115555,0.05
4633,169.4,147.1,137.824842105,4.32,0.53412462908,1.58839779006,3.25273038909,-0.04
4634,161.3,143.8,158.476199458,4.38,-4.27299703264,-0.690607734807,18.7238820361,0.02
4635,162.6,144.1,128.393411802,4.29,-3.50148367953,-0.483425414365,-3.81291115555,-0.07
4636,169.4,142.8,124.919575439,4.39,0.53412462908,-1.38121546961,-6.4153671714,0.03
4637,164.5,148,136.684714833,4.29,-2.37388724036,2.20994475138,2.39859370297,-0.07
4638,168.2,143.8,137.824842105,4.46,-0.178041543027,-0.690607734807,3.25273038909,0.1
4639,168.2,147.1,122.121664327,4.38,-0.178041543027,1.58839779006,-8.51144765439,0.02
4640,165.7,144.6,158.476199458,4.29,-1.66172106825,-0.138121546961,18.7238820361,-0.07
4641,170.3,144.2,138.648217105,4.42,1.06824925816,-0.414364640884,3.86956923748,0.06
4642,175.7,143.3,158.476199458,4.39,4.27299703264,-1.03591160221,18.7238820361,0.03
4643,168.2,141,128.393411802,4.3,-0.178041543027,-2.62430939227,-3.81291115555,-0.06
4644,168.7,143.6,122.121664327,4.3,0.118694362018,-0.828729281768,-8.51144765439,-0.06
4645,170.8,143.2,138.648217105,4.42,1.3649851632,-1.10497237569,3.86956923748,0.06
4646,146.7,144.5,135.295494737,4.34,-12.9376854599,-0.207182320442,1.35784686952,-0.02
4647,174.3,144.5,137.824842105,4.41,3.44213649852,-0.207182320442,3.25273038909,0.05
4648,165.4,144.4,125.070398149,4.47,-1.83976261128,-0.276243093923,-6.30237696994,0.11
4649,164.5,148.6,128.393411802,4.3,-2.37388724036,2.62430939227,-3.81291115555,-0.06
4650,176,143.6,124.919575439,4.47,4.45103857567,-0.828729281768,-6.4153671714,0.11
4651,159.8,145.2,158.476199458,4.36,-5.16320474777,0.276243093923,18.7238820361,0
4652,164.6,143.4,137.824842105,4.47,-2.31454005935,-0.966850828729,3.25273038909,0.11
4653,168.3,144.4,122.121664327,4.32,-0.118694362018,-0.276243093923,-8.51144765439,-0.04
4654,167.8,144.2,158.476199458,4.41,-0.415430267062,-0.414364640884,18.7238820361,0.05
4655,161.7,143.8,144.551595951,4.27,-4.03560830861,-0.690607734807,8.29213903749,-0.09
4656,165.5,144.6,128.393411802,4.38,-1.78041543027,-0.138121546961,-3.81291115555,0.02
4657,166.1,144.4,128.393411802,4.38,-1.42433234421,-0.276243093923,-3.81291115555,0.02
4658,169.2,144,137.824842105,4.29,0.415430267062,-0.552486187845,3.25273038909,-0.07
4659,199.6,144,158.476199458,4.34,18.4569732938,-0.552486187845,18.7238820361,-0.02
4660,168.3,144.5,144.551595951,4.27,-0.118694362018,-0.207182320442,8.29213903749,-0.09
4661,170.8,145.1,138.648217105,4.35,1.3649851632,0.207182320442,3.86956923748,-0.01
4662,169.8,143.6,124.919575439,4.44,0.771513353116,-0.828729281768,-6.4153671714,0.08
4663,173.3,144.2,125.070398149,4.29,2.84866468843,-0.414364640884,-6.30237696994,-0.07
4664,164.6,145.2,125.070398149,4.27,-2.31454005935,0.276243093923,-6.30237696994,-0.09
4665,170.2,143.4,124.919575439,4.42,1.00890207715,-0.966850828729,-6.4153671714,0.06
4666,167.8,145.2,137.824842105,4.53,-0.415430267062,0.276243093923,3.25273038909,0.17
4667,174.5,144.5,124.919575439,4.45,3.56083086053,-0.207182320442,-6.4153671714,0.09
4668,174.5,143.5,158.476199458,4.53,3.56083086053,-0.897790055249,18.7238820361,0.17
4669,170.1,144.7,135.295494737,4.44,0.949554896142,-0.0690607734807,1.35784686952,0.08
4670,161.7,145.5,122.121664327,4.34,-4.03560830861,0.483425414365,-8.51144765439,-0.02
4671,199.6,143.2,137.824842105,4.3,18.4569732938,-1.10497237569,3.25273038909,-0.06
4672,167.9,144.2,158.476199458,4.41,-0.356083086053,-0.414364640884,18.7238820361,0.05
4673,174.5,143.7,137.824842105,4.27,3.56083086053,-0.759668508287,3.25273038909,-0.09
4674,169.2,145.7,138.648217105,4.35,0.415430267062,0.621546961326,3.86956923748,-0.01
4675,169.4,144.3,137.824842105,4.31,0.53412462908,-0.345303867403,3.25273038909,-0.05
4676,169.3,143.8,128.393411802,4.41,0.474777448071,-0.690607734807,-3.81291115555,0.05
4677,163.7,141,128.393411802,4.47,-2.84866468843,-2.62430939227,-3.81291115555,0.11
4678,177.5,144.5,136.684714833,4.46,5.3412462908,-0.207182320442,2.39859370297,0.1
4679,162.2,144,137.824842105,4.34,-3.73887240356,-0.552486187845,3.25273038909,-0.02
4680,162.9,144.8,158.476199458,4.42,-3.3234421365,0,18.7238820361,0.06
4681,167.8,143.8,137.824842105,4.44,-0.415430267062,-0.690607734807,3.25273038909,0.08
4682,158.9,146.3,137.824842105,4.41,-5.69732937685,1.03591160221,3.25273038909,0.05
4683,165.4,146.3,128.393411802,4.36,-1.83976261128,1.03591160221,-3.81291115555,0
4684,163.7,144.6,122.121664327,4.31,-2.84866468843,-0.138121546961,-8.51144765439,-0.05
4685,153.9,144,138.648217105,4.46,-8.6646884273,-0.552486187845,3.86956923748,0.1
4686,190.9,144.5,138.648217105,4.46,13.293768546,-0.207182320442,3.86956923748,0.1
4687,146.7,141,137.824842105,4.6,-12.9376854599,-2.62430939227,3.25273038909,0.24
4688,169.2,144.4,124.919575439,4.35,0.415430267062,-0.276243093923,-6.4153671714,-0.01
4689,165,141,158.476199458,4.36,-2.07715133531,-2.62430939227,18.7238820361,0
4690,170.8,143.4,136.684714833,4.35,1.3649851632,-0.966850828729,2.39859370297,-0.01
4691,164.3,145.8,138.648217105,4.55,-2.49258160237,0.690607734807,3.86956923748,0.19
4692,167.3,143.9,136.684714833,4.3,-0.712166172107,-0.621546961326,2.39859370297,-0.06
4693,173.3,145.2,136.684714833,4.45,2.84866468843,0.276243093923,2.39859370297,0.09
4694,169.2,144.1,144.551595951,4.3,0.415430267062,-0.483425414365,8.29213903749,-0.06
4695,169.4,144.9,138.648217105,4.27,0.53412462908,0.0690607734807,3.86956923748,-0.09
4696,161.3,142.8,122.121664327,4.36,-4.27299703264,-1.38121546961,-8.51144765439,0
4697,168.4,144.5,124.919575439,4.3,-0.0593471810089,-0.207182320442,-6.4153671714,-0.06
4698,170,145.5,158.476199458,4.39,0.890207715134,0.483425414365,18.7238820361,0.03
4699,168.2,143.7,136.684714833,4.36,-0.178041543027,-0.759668508287,2.39859370297,0
4700,163.7,144.5,136.684714833,4.44,-2.84866468843,-0.207182320442,2.39859370297,0.08
4701,159.8,148,144.551595951,4.47,-5.16320474777,2.20994475138,8.29213903749,0.11
4702,163.3,144,124.919575439,4.39,-3.08605341246,-0.552486187845,-6.4153671714,0.03
4703,167.5,143.5,135.295494737,4.36,-0.593471810089,-0.897790055249,1.35784686952,0
4704,168.7,147.3,136.684714833,4.44,0.118694362018,1.72651933702,2.39859370297,0.08
4705,158.9,144.2,128.393411802,4.42,-5.69732937685,-0.414364640884,-3.81291115555,0.06
4706,174.3,144.8,137.824842105,4.41,3.44213649852,0,3.25273038909,0.05
4707,176,147.5,158.476199458,4.31,4.45103857567,1.86464088398,18.7238820361,-0.05
4708,166.2,143.7,124.919575439,4.6,-1.3649851632,-0.759668508287,-6.4153671714,0.24
4709,169.3,141,138.648217105,4.55,0.474777448071,-2.62430939227,3.86956923748,0.19
4710,174.1,144.4,128.393411802,4.27,3.3234421365,-0.276243093923,-3.81291115555,-0.09
4711,198.1,144.5,158.476199458,4.44,17.5667655786,-0.207182320442,18.7238820361,0.08
4712,185.7,143.9,125.070398149,4.45,10.2077151335,-0.621546961326,-6.30237696994,0.09
4713,168.4,143.7,128.393411802,4.31,-0.0593471810089,-0.759668508287,-3.81291115555,-0.05
4714,170.2,145.2,144.551595951,4.32,1.00890207715,0.276243093923,8.29213903749,-0.04
4715,166.2,143.5,125.070398149,4.32,-1.3649851632,-0.897790055249,-6.30237696994,-0.04
4716,165.5,146.9,136.684714833,4.23,-1.78041543027,1.45027624309,2.39859370297,-0.13
4717,164.3,144.3,135.295494737,4.3,-2.49258160237,-0.345303867403,1.35784686952,-0.06
4718,167.5,143.9,144.551595951,4.46,-0.593471810089,-0.621546961326,8.29213903749,0.1
4719,164.5,144.6,122.121664327,4.3,-2.37388724036,-0.138121546961,-8.51144765439,-0.06
4720,174.6,143.8,122.121664327,4.44,3.62017804154,-0.690607734807,-8.51144765439,0.08
4721,153.9,144.6,137.824842105,4.35,-8.6646884273,-0.138121546961,3.25273038909,-0.01
4722,176,144.8,137.824842105,4.41,4.45103857567,0,3.25273038909,0.05
4723,198.1,144.5,122.121664327,4.3,17.5667655786,-0.207182320442,-8.51144765439,-0.06
4724,173.3,144.2,124.919575439,4.31,2.84866468843,-0.414364640884,-6.4153671714,-0.05
4725,168.6,144.8,135.295494737,4.23,0.0593471810089,0,1.35784686952,-0.13
4726,175.7,143.7,137.824842105,4.34,4.27299703264,-0.759668508287,3.25273038909,-0.02
4727,199.6,144.9,144.551595951,4.27,18.4569732938,0.0690607734807,8.29213903749,-0.09
4728,169.2,144.8,138.648217105,4.3,0.415430267062,0,3.86956923748,-0.06
4729,173,144.6,122.121664327,4.39,2.6706231454,-0.138121546961,-8.51144765439,0.03
4730,162.6,144.6,135.295494737,4.32,-3.50148367953,-0.138121546961,1.35784686952,-0.04
4731,167.5,144.2,122.121664327,4.6,-0.593471810089,-0.414364640884,-8.51144765439,0.24
4732,163.7,141,135.295494737,4.3,-2.84866468843,-2.62430939227,1.35784686952,-0.06
4733,185.7,140.4,135.295494737,4.29,10.2077151335,-3.03867403315,1.35784686952,-0.07
4734,162.6,141,135.295494737,4.27,-3.50148367953,-2.62430939227,1.35784686952,-0.09
4735,165,144.6,136.684714833,4.41,-2.07715133531,-0.138121546961,2.39859370297,0.05
4736,190.9,145.8,158.476199458,4.44,13.293768546,0.690607734807,18.7238820361,0.08
4737,170,143.8,128.393411802,4.46,0.890207715134,-0.690607734807,-3.81291115555,0.1
4738,174.6,142.6,124.919575439,4.29,3.62017804154,-1.51933701657,-6.4153671714,-0.07
4739,170.6,144.8,125.070398149,4.36,1.24629080119,0,-6.30237696994,0
4740,153.9,143.6,128.393411802,4.31,-8.6646884273,-0.828729281768,-3.81291115555,-0.05
4741,166.9,142.6,125.070398149,4.3,-0.949554896142,-1.51933701657,-6.30237696994,-0.06
4742,169.2,144.4,144.551595951,4.35,0.415430267062,-0.276243093923,8.29213903749,-0.01
4743,146.7,144.8,122.121664327,4.23,-12.9376854599,0,-8.51144765439,-0.13
4744,174.1,144.2,125.070398149,4.46,3.3234421365,-0.414364640884,-6.30237696994,0.1
4745,174.5,146.3,122.121664327,4.45,3.56083086053,1.03591160221,-8.51144765439,0.09
4746,169.2,144.4,144.551595951,4.31,0.415430267062,-0.276243093923,8.29213903749,-0.05
4747,173.3,144.8,122.121664327,4.41,2.84866468843,0,-8.51144765439,0.05
4748,192.4,144.2,137.824842105,4.3,14.1839762611,-0.414364640884,3.25273038909,-0.06
4749,166.1,141.4,136.684714833,4.35,-1.42433234421,-2.34806629834,2.39859370297,-0.01
4750,170.1,145.5,136.684714833,4.6,0.949554896142,0.483425414365,2.39859370297,0.24
4751,173.2,143.7,136.684714833,4.29,2.78931750742,-0.759668508287,2.39859370297,-0.07
4752,170.2,144.8,135.295494737,4.42,1.00890207715,0,1.35784686952,0.06
4753,198.1,144.8,124.919575439,4.38,17.5667655786,0,-6.4153671714,0.02
4754,165.5,141,137.824842105,4.41,-1.78041543027,-2.62430939227,3.25273038909,0.05
4755,174.6,141.4,144.551595951,4.3,3.62017804154,-2.34806629834,8.29213903749,-0.06
4756,168.4,143.2,137.824842105,4.47,-0.0593471810089,-1.10497237569,3.25273038909,0.11
4757,165.4,143.5,138.648217105,4.41,-1.83976261128,-0.897790055249,3.86956923748,0.05
4758,173,143.4,122.121664327,4.3,2.6706231454,-0.966850828729,-8.51144765439,-0.06
4759,166.9,142.8,136.684714833,4.41,-0.949554896142,-1.38121546961,2.39859370297,0.05
4760,199.6,143.7,124.919575439,4.38,18.4569732938,-0.759668508287,-6.4153671714,0.02
4761,169.3,144.2,144.551595951,4.44,0.474777448071,-0.414364640884,8.29213903749,0.08
4762,160.6,143.4,158.476199458,4.39,-4.6884272997,-0.966850828729,18.7238820361,0.03
4763,174.4,146.1,138.648217105,4.27,3.50148367953,0.897790055249,3.86956923748,-0.09
4764,165.4,143.8,158.476199458,4.29,-1.83976261128,-0.690607734807,18.7238820361,-0.07
4765,167.5,146.1,135.295494737,4.27,-0.593471810089,0.897790055249,1.35784686952,-0.09
4766,174.4,144,122.121664327,4.35,3.50148367953,-0.552486187845,-8.51144765439,-0.01
4767,153.9,148.6,122.121664327,4.24,-8.6646884273,2.62430939227,-8.51144765439,-0.12
4768,168.2,144,137.824842105,4.46,-0.178041543027,-0.552486187845,3.25273038909,0.1
4769,161.7,144.5,128.393411802,4.27,-4.03560830861,-0.207182320442,-3.81291115555,-0.09
4770,169.2,143.9,144.551595951,4.6,0.415430267062,-0.621546961326,8.29213903749,0.24
4771,161.6,144.5,138.648217105,4.36,-4.09495548961,-0.207182320442,3.86956923748,0
4772,169.2,144.2,136.684714833,4.29,0.415430267062,-0.414364640884,2.39859370297,-0.07
4773,159.8,143.3,144.551595951,4.31,-5.16320474777,-1.03591160221,8.29213903749,-0.05
4774,169.9,144.4,138.648217105,4.32,0.830860534125,-0.276243093923,3.86956923748,-0.04
4775,165.4,144,138.648217105,4.29,-1.83976261128,-0.552486187845,3.86956923748,-0.07
4776,168.7,141,144.551595951,4.41,0.118694362018,-2.62430939227,8.29213903749,0.05
4777,168.6,144.4,122.121664327,4.47,0.0593471810089,-0.276243093923,-8.51144765439,0.11
4778,170,143.5,128.393411802,4.47,0.890207715134,-0.897790055249,-3.81291115555,0.11
4779,168.3,144.8,138.648217105,4.39,-0.118694362018,0,3.86956923748,0.03
4780,167.9,143.6,135.295494737,4.31,-0.356083086053,-0.828729281768,1.35784686952,-0.05
4781,167.9,147.3,138.648217105,4.47,-0.356083086053,1.72651933702,3.86956923748,0.11
4782,174.1,145.2,125.070398149,4.42,3.3234421365,0.276243093923,-6.30237696994,0.06
4783,167.8,148.6,137.824842105,4.39,-0.415430267062,2.62430939227,3.25273038909,0.03
4784,164.8,148,138.648217105,4.3,-2.19584569733,2.20994475138,3.86956923748,-0.06
4785,164.6,143.2,144.551595951,4.46,-2.31454005935,-1.10497237569,8.29213903749,0.1
4786,172.4,144.5,125.070398149,4.23,2.31454005935,-0.207182320442,-6.30237696994,-0.13
4787,162.9,145.2,138.648217105,4.38,-3.3234421365,0.276243093923,3.86956923748,0.02
4788,146.7,143.5,125.070398149,4.35,-12.9376854599,-0.897790055249,-6.30237696994,-0.01
4789,169.9,144.6,122.121664327,4.6,0.830860534125,-0.138121546961,-8.51144765439,0.24
4790,158.9,144.6,158.476199458,4.46,-5.69732937685,-0.138121546961,18.7238820361,0.1
4791,174.4,144,136.684714833,4.35,3.50148367953,-0.552486187845,2.39859370297,-0.01
4792,164.5,144.7,122.121664327,4.47,-2.37388724036,-0.0690607734807,-8.51144765439,0.11
4793,168.2,144.1,124.919575439,4.46,-0.178041543027,-0.483425414365,-6.4153671714,0.1
4794,167.8,146.9,128.393411802,4.47,-0.415430267062,1.45027624309,-3.81291115555,0.11
4795,166.2,145.7,122.121664327,4.23,-1.3649851632,0.621546961326,-8.51144765439,-0.13
4796,169.4,144.6,124.919575439,4.34,0.53412462908,-0.138121546961,-6.4153671714,-0.02
4797,164.3,144.4,136.684714833,4.34,-2.49258160237,-0.276243093923,2.39859370297,-0.02
4798,174.6,144.5,125.070398149,4.29,3.62017804154,-0.207182320442,-6.30237696994,-0.07
4799,161.7,145.1,136.684714833,4.29,-4.03560830861,0.207182320442,2.39859370297,-0.07
4800,168.6,141,136.684714833,4.32,0.0593471810089,-2.62430939227,2.39859370297,-0.04
4801,161.7,143.9,137.824842105,4.35,-4.03560830861,-0.621546961326,3.25273038909,-0.01
4802,169.4,144.2,158.476199458,4.27,0.53412462908,-0.414364640884,18.7238820361,-0.09
4803,168.4,144.8,124.919575439,4.27,-0.0593471810089,0,-6.4153671714,-0.09
4804,161.7,145.7,128.393411802,4.3,-4.03560830861,0.621546961326,-3.81291115555,-0.06
4805,161.6,144.6,125.070398149,4.38,-4.09495548961,-0.138121546961,-6.30237696994,0.02
4806,174.5,144.3,144.551595951,4.36,3.56083086053,-0.345303867403,8.29213903749,0
4807,173.3,144.6,137.824842105,4.46,2.84866468843,-0.138121546961,3.25273038909,0.1
4808,169.4,144,128.393411802,4.29,0.53412462908,-0.552486187845,-3.81291115555,-0.07
4809,168.4,144.1,137.824842105,4.53,-0.0593471810089,-0.483425414365,3.25273038909,0.17
4810,170.3,144.4,138.648217105,4.34,1.06824925816,-0.276243093923,3.86956923748,-0.02
4811,177.5,144.5,144.551595951,4.41,5.3412462908,-0.207182320442,8.29213903749,0.05
4812,168.6,141.6,135.295494737,4.3,0.0593471810089,-2.20994475138,1.35784686952,-0.06
4813,170.1,143.6,128.393411802,4.44,0.949554896142,-0.828729281768,-3.81291115555,0.08
4814,192.4,144.6,158.476199458,4.36,14.1839762611,-0.138121546961,18.7238820361,0
4815,167.5,141,144.551595951,4.34,-0.593471810089,-2.62430939227,8.29213903749,-0.02
4816,175.7,144.8,135.295494737,4.27,4.27299703264,0,1.35784686952,-0.09
4817,164.8,146.1,135.295494737,4.3,-2.19584569733,0.897790055249,1.35784686952,-0.06
4818,153.9,144.5,135.295494737,4.44,-8.6646884273,-0.207182320442,1.35784686952,0.08
4819,167.5,147.5,135.295494737,4.35,-0.593471810089,1.86464088398,1.35784686952,-0.01
4820,168.4,144.2,158.476199458,4.46,-0.0593471810089,-0.414364640884,18.7238820361,0.1
4821,163.3,144.6,122.121664327,4.38,-3.08605341246,-0.138121546961,-8.51144765439,0.02
4822,176,144.3,138.648217105,4.35,4.45103857567,-0.345303867403,3.86956923748,-0.01
4823,170.2,143.4,137.824842105,4.32,1.00890207715,-0.966850828729,3.25273038909,-0.04
4824,170.1,144.2,137.824842105,4.32,0.949554896142,-0.414364640884,3.25273038909,-0.04
4825,164.6,144.4,158.476199458,4.32,-2.31454005935,-0.276243093923,18.7238820361,-0.04
4826,174.5,143.9,124.919575439,4.47,3.56083086053,-0.621546961326,-6.4153671714,0.11
4827,169.2,145.2,138.648217105,4.41,0.415430267062,0.276243093923,3.86956923748,0.05
4828,169.8,144.2,125.070398149,4.31,0.771513353116,-0.414364640884,-6.30237696994,-0.05
4829,170.8,144.6,125.070398149,4.21,1.3649851632,-0.138121546961,-6.30237696994,-0.15
4830,173.2,143.5,122.121664327,4.42,2.78931750742,-0.897790055249,-8.51144765439,0.06
4831,168.6,140.4,136.684714833,4.6,0.0593471810089,-3.03867403315,2.39859370297,0.24
4832,168.2,141.4,124.919575439,4.31,-0.178041543027,-2.34806629834,-6.4153671714,-0.05
4833,169.4,143.2,135.295494737,4.53,0.53412462908,-1.10497237569,1.35784686952,0.17
4834,170.6,144.6,124.919575439,4.27,1.24629080119,-0.138121546961,-6.4153671714,-0.09
4835,163.7,148.6,125.070398149,4.6,-2.84866468843,2.62430939227,-6.30237696994,0.24
4836,169.4,144.1,158.476199458,4.35,0.53412462908,-0.483425414365,18.7238820361,-0.01
4837,160.6,144.8,135.295494737,4.47,-4.6884272997,0,1.35784686952,0.11
4838,168.6,144.5,137.824842105,4.32,0.0593471810089,-0.207182320442,3.25273038909,-0.04
4839,156.1,143.4,135.295494737,4.46,-7.3590504451,-0.966850828729,1.35784686952,0.1
4840,175.7,144.9,137.824842105,4.23,4.27299703264,0.0690607734807,3.25273038909,-0.13
4841,172.4,143.3,125.070398149,4.44,2.31454005935,-1.03591160221,-6.30237696994,0.08
4842,168.7,143.8,136.684714833,4.39,0.118694362018,-0.690607734807,2.39859370297,0.03
4843,176.6,143.4,136.684714833,4.32,4.80712166172,-0.966850828729,2.39859370297,-0.04
4844,168.4,142.8,125.070398149,4.46,-0.0593471810089,-1.38121546961,-6.30237696994,0.1
4845,190.9,147.5,125.070398149,4.21,13.293768546,1.86464088398,-6.30237696994,-0.15
4846,161.3,144.8,136.684714833,4.42,-4.27299703264,0,2.39859370297,0.06
4847,161.6,143.7,135.295494737,4.32,-4.09495548961,-0.759668508287,1.35784686952,-0.04
4848,163.7,140.4,128.393411802,4.3,-2.84866468843,-3.03867403315,-3.81291115555,-0.06
4849,174.1,144.8,136.684714833,4.41,3.3234421365,0,2.39859370297,0.05
4850,174.1,144.5,137.824842105,4.38,3.3234421365,-0.207182320442,3.25273038909,0.02
4851,165.4,143.3,125.070398149,4.45,-1.83976261128,-1.03591160221,-6.30237696994,0.09
4852,165.7,144.9,138.648217105,4.6,-1.66172106825,0.0690607734807,3.86956923748,0.24
4853,165.7,143.6,135.295494737,4.55,-1.66172106825,-0.828729281768,1.35784686952,0.19
4854,170.3,144.5,137.824842105,4.41,1.06824925816,-0.207182320442,3.25273038909,0.05
4855,170.2,144.2,128.393411802,4.31,1.00890207715,-0.414364640884,-3.81291115555,-0.05
4856,167.4,143.4,138.648217105,4.29,-0.652818991098,-0.966850828729,3.86956923748,-0.07
4857,171.8,144.4,128.393411802,4.39,1.95845697329,-0.276243093923,-3.81291115555,0.03
4858,165,143.2,128.393411802,4.45,-2.07715133531,-1.10497237569,-3.81291115555,0.09
4859,162.2,146.9,122.121664327,4.53,-3.73887240356,1.45027624309,-8.51144765439,0.17
4860,162.6,145.5,137.824842105,4.47,-3.50148367953,0.483425414365,3.25273038909,0.11
4861,166.2,144.8,158.476199458,4.34,-1.3649851632,0,18.7238820361,-0.02
4862,169.2,144.5,128.393411802,4.44,0.415430267062,-0.207182320442,-3.81291115555,0.08
4863,170.2,144.9,128.393411802,4.21,1.00890207715,0.0690607734807,-3.81291115555,-0.15
4864,163.3,144.3,158.476199458,4.53,-3.08605341246,-0.345303867403,18.7238820361,0.17
4865,164.5,147.9,136.684714833,4.29,-2.37388724036,2.1408839779,2.39859370297,-0.07
4866,161.6,143.2,125.070398149,4.46,-4.09495548961,-1.10497237569,-6.30237696994,0.1
4867,175.7,143.8,137.824842105,4.29,4.27299703264,-0.690607734807,3.25273038909,-0.07
4868,165.4,145.2,158.476199458,4.53,-1.83976261128,0.276243093923,18.7238820361,0.17
4869,164.3,144.9,144.551595951,4.45,-2.49258160237,0.0690607734807,8.29213903749,0.09
4870,172.4,144.8,128.393411802,4.23,2.31454005935,0,-3.81291115555,-0.13
4871,174.5,145.2,125.070398149,4.32,3.56083086053,0.276243093923,-6.30237696994,-0.04
4872,170.1,143.5,128.393411802,4.29,0.949554896142,-0.897790055249,-3.81291115555,-0.07
4873,165.4,144.6,128.393411802,4.29,-1.83976261128,-0.138121546961,-3.81291115555,-0.07
4874,168.4,144.2,135.295494737,4.35,-0.0593471810089,-0.414364640884,1.35784686952,-0.01
4875,170.2,145.1,124.919575439,4.53,1.00890207715,0.207182320442,-6.4153671714,0.17
4876,167.6,147.5,136.684714833,4.21,-0.53412462908,1.86464088398,2.39859370297,-0.15
4877,185.7,144,135.295494737,4.3,10.2077151335,-0.552486187845,1.35784686952,-0.06
4878,171.8,143.2,122.121664327,4.29,1.95845697329,-1.10497237569,-8.51144765439,-0.07
4879,168.2,142.8,136.684714833,4.41,-0.178041543027,-1.38121546961,2.39859370297,0.05
4880,158.9,144.2,138.648217105,4.46,-5.69732937685,-0.414364640884,3.86956923748,0.1
4881,167.5,144.9,144.551595951,4.35,-0.593471810089,0.0690607734807,8.29213903749,-0.01
4882,170.2,143.5,125.070398149,4.46,1.00890207715,-0.897790055249,-6.30237696994,0.1
4883,174.1,147.3,124.919575439,4.3,3.3234421365,1.72651933702,-6.4153671714,-0.06
4884,158.9,144.8,135.295494737,4.46,-5.69732937685,0,1.35784686952,0.1
4885,176.2,148,158.476199458,4.3,4.56973293769,2.20994475138,18.7238820361,-0.06
4886,170.8,144.5,122.121664327,4.53,1.3649851632,-0.207182320442,-8.51144765439,0.17
4887,164.8,144.8,137.824842105,4.55,-2.19584569733,0,3.25273038909,0.19
4888,169.8,144.3,124.919575439,4.44,0.771513353116,-0.345303867403,-6.4153671714,0.08
4889,174.3,144,158.476199458,4.35,3.44213649852,-0.552486187845,18.7238820361,-0.01
4890,170.2,144,136.684714833,4.41,1.00890207715,-0.552486187845,2.39859370297,0.05
4891,176,143.9,158.476199458,4.3,4.45103857567,-0.621546961326,18.7238820361,-0.06
4892,167.4,144.2,135.295494737,4.53,-0.652818991098,-0.414364640884,1.35784686952,0.17
4893,169.4,141,136.684714833,4.32,0.53412462908,-2.62430939227,2.39859370297,-0.04
4894,173,144.9,137.824842105,4.35,2.6706231454,0.0690607734807,3.25273038909,-0.01
4895,172.4,144,137.824842105,4.32,2.31454005935,-0.552486187845,3.25273038909,-0.04
4896,199.6,145.2,135.295494737,4.3,18.4569732938,0.276243093923,1.35784686952,-0.06
4897,166.9,144,158.476199458,4.41,-0.949554896142,-0.552486187845,18.7238820361,0.05
4898,170.3,144.8,125.070398149,4.47,1.06824925816,0,-6.30237696994,0.11
4899,174.5,143.2,124.919575439,4.39,3.56083086053,-1.10497237569,-6.4153671714,0.03
4900,176,143.6,137.824842105,4.21,4.45103857567,-0.828729281768,3.25273038909,-0.15
4901,169.4,144.9,122.121664327,4.44,0.53412462908,0.0690607734807,-8.51144765439,0.08
4902,165.7,143.6,128.393411802,4.41,-1.66172106825,-0.828729281768,-3.81291115555,0.05
4903,168.4,143.2,137.824842105,4.44,-0.0593471810089,-1.10497237569,3.25273038909,0.08
4904,169.2,144.4,125.070398149,4.53,0.415430267062,-0.276243093923,-6.30237696994,0.17
4905,173,144.6,158.476199458,4.27,2.6706231454,-0.138121546961,18.7238820361,-0.09
4906,159.8,143.5,144.551595951,4.21,-5.16320474777,-0.897790055249,8.29213903749,-0.15
4907,163.3,143.4,138.648217105,4.6,-3.08605341246,-0.966850828729,3.86956923748,0.24
4908,192.4,147.9,136.684714833,4.47,14.1839762611,2.1408839779,2.39859370297,0.11
4909,165.7,144.4,138.648217105,4.32,-1.66172106825,-0.276243093923,3.86956923748,-0.04
4910,176,143.7,124.919575439,4.35,4.45103857567,-0.759668508287,-6.4153671714,-0.01
4911,174.1,144,128.393411802,4.21,3.3234421365,-0.552486187845,-3.81291115555,-0.15
4912,167.6,141.4,124.919575439,4.35,-0.53412462908,-2.34806629834,-6.4153671714,-0.01
4913,170.8,143.2,136.684714833,4.55,1.3649851632,-1.10497237569,2.39859370297,0.19
4914,176.2,144.8,138.648217105,4.27,4.56973293769,0,3.86956923748,-0.09
4915,168.4,143.8,135.295494737,4.46,-0.0593471810089,-0.690607734807,1.35784686952,0.1
4916,166.4,143.4,136.684714833,4.55,-1.24629080119,-0.966850828729,2.39859370297,0.19
4917,167.4,143.5,158.476199458,4.34,-0.652818991098,-0.897790055249,18.7238820361,-0.02
4918,169.9,148.6,158.476199458,4.42,0.830860534125,2.62430939227,18.7238820361,0.06
4919,164.3,143.3,137.824842105,4.44,-2.49258160237,-1.03591160221,3.25273038909,0.08
4920,163.3,143.3,135.295494737,4.27,-3.08605341246,-1.03591160221,1.35784686952,-0.09
4921,170.3,141.4,128.393411802,4.53,1.06824925816,-2.34806629834,-3.81291115555,0.17
4922,174.6,144.9,138.648217105,4.3,3.62017804154,0.0690607734807,3.86956923748,-0.06
4923,198.1,144.2,128.393411802,4.27,17.5667655786,-0.414364640884,-3.81291115555,-0.09
4924,166.4,143.9,144.551595951,4.47,-1.24629080119,-0.621546961326,8.29213903749,0.11
4925,156.1,144.6,158.476199458,4.47,-7.3590504451,-0.138121546961,18.7238820361,0.11
4926,176.2,148,124.919575439,4.39,4.56973293769,2.20994475138,-6.4153671714,0.03
4927,169.9,145.5,138.648217105,4.39,0.830860534125,0.483425414365,3.86956923748,0.03
4928,164.8,143.3,128.393411802,4.29,-2.19584569733,-1.03591160221,-3.81291115555,-0.07
4929,174.1,144.9,125.070398149,4.6,3.3234421365,0.0690607734807,-6.30237696994,0.24
4930,168.2,144.2,124.919575439,4.36,-0.178041543027,-0.414364640884,-6.4153671714,0
4931,176.6,143.7,128.393411802,4.29,4.80712166172,-0.759668508287,-3.81291115555,-0.07
4932,167.4,143.4,138.648217105,4.53,-0.652818991098,-0.966850828729,3.86956923748,0.17
4933,185.7,147.3,122.121664327,4.46,10.2077151335,1.72651933702,-8.51144765439,0.1
4934,167.5,144.8,144.551595951,4.24,-0.593471810089,0,8.29213903749,-0.12
4935,167.5,145.2,122.121664327,4.32,-0.593471810089,0.276243093923,-8.51144765439,-0.04
4936,162.6,143.4,128.393411802,4.39,-3.50148367953,-0.966850828729,-3.81291115555,0.03
4937,167.1,143.7,158.476199458,4.23,-0.830860534125,-0.759668508287,18.7238820361,-0.13
4938,167.5,145.2,124.919575439,4.44,-0.593471810089,0.276243093923,-6.4153671714,0.08
4939,198.1,143.6,137.824842105,4.35,17.5667655786,-0.828729281768,3.25273038909,-0.01
4940,169.8,144.6,137.824842105,4.44,0.771513353116,-0.138121546961,3.25273038909,0.08
4941,168.6,144.8,158.476199458,4.3,0.0593471810089,0,18.7238820361,-0.06
4942,167.8,143.7,125.070398149,4.27,-0.415430267062,-0.759668508287,-6.30237696994,-0.09
4943,166.4,142.6,128.393411802,4.3,-1.24629080119,-1.51933701657,-3.81291115555,-0.06
4944,174.6,146.3,122.121664327,4.27,3.62017804154,1.03591160221,-8.51144765439,-0.09
4945,174.1,144.8,135.295494737,4.45,3.3234421365,0,1.35784686952,0.09
4946,153.9,145.2,144.551595951,4.47,-8.6646884273,0.276243093923,8.29213903749,0.11
4947,174.6,141.4,125.070398149,4.39,3.62017804154,-2.34806629834,-6.30237696994,0.03
4948,167.6,144,128.393411802,4.29,-0.53412462908,-0.552486187845,-3.81291115555,-0.07
4949,164.3,144,135.295494737,4.3,-2.49258160237,-0.552486187845,1.35784686952,-0.06
4950,167.9,144.8,124.919575439,4.6,-0.356083086053,0,-6.4153671714,0.24
4951,161.7,143.9,144.551595951,4.3,-4.03560830861,-0.621546961326,8.29213903749,-0.06
4952,164.6,144.2,125.070398149,4.29,-2.31454005935,-0.414364640884,-6.30237696994,-0.07
4953,163.7,146.3,136.684714833,4.36,-2.84866468843,1.03591160221,2.39859370297,0
4954,167.5,143.4,137.824842105,4.21,-0.593471810089,-0.966850828729,3.25273038909,-0.15
4955,169.4,145.2,137.824842105,4.3,0.53412462908,0.276243093923,3.25273038909,-0.06
4956,174.1,143.9,135.295494737,4.42,3.3234421365,-0.621546961326,1.35784686952,0.06
4957,169.2,144.6,137.824842105,4.41,0.415430267062,-0.138121546961,3.25273038909,0.05
4958,164.6,144.9,136.684714833,4.35,-2.31454005935,0.0690607734807,2.39859370297,-0.01
4959,174.5,145.1,128.393411802,4.31,3.56083086053,0.207182320442,-3.81291115555,-0.05
4960,167.8,143.3,138.648217105,4.46,-0.415430267062,-1.03591160221,3.86956923748,0.1
4961,163.7,144.5,158.476199458,4.34,-2.84866468843,-0.207182320442,18.7238820361,-0.02
4962,199.6,143.3,136.684714833,4.3,18.4569732938,-1.03591160221,2.39859370297,-0.06
4963,165.5,145.5,137.824842105,4.45,-1.78041543027,0.483425414365,3.25273038909,0.09
4964,170.2,145.2,138.648217105,4.21,1.00890207715,0.276243093923,3.86956923748,-0.15
4965,163.7,146.9,137.824842105,4.3,-2.84866468843,1.45027624309,3.25273038909,-0.06
4966,190.9,143.8,136.684714833,4.23,13.293768546,-0.690607734807,2.39859370297,-0.13
4967,166.9,141,136.684714833,4.27,-0.949554896142,-2.62430939227,2.39859370297,-0.09
4968,171.8,145.5,128.393411802,4.6,1.95845697329,0.483425414365,-3.81291115555,0.24
4969,173,144.6,136.684714833,4.6,2.6706231454,-0.138121546961,2.39859370297,0.24
4970,167.5,144,144.551595951,4.24,-0.593471810089,-0.552486187845,8.29213903749,-0.12
4971,170.3,142.6,138.648217105,4.3,1.06824925816,-1.51933701657,3.86956923748,-0.06
4972,171.8,147.9,125.070398149,4.3,1.95845697329,2.1408839779,-6.30237696994,-0.06
4973,173.2,145.2,122.121664327,4.3,2.78931750742,0.276243093923,-8.51144765439,-0.06
4974,169.9,144.8,136.684714833,4.3,0.830860534125,0,2.39859370297,-0.06
4975,160.6,144.3,135.295494737,4.3,-4.6884272997,-0.345303867403,1.35784686952,-0.06
4976,162.9,144.4,138.648217105,4.45,-3.3234421365,-0.276243093923,3.86956923748,0.09
4977,163.7,145.5,158.476199458,4.27,-2.84866468843,0.483425414365,18.7238820361,-0.09
4978,164.3,144.2,137.824842105,4.27,-2.49258160237,-0.414364640884,3.25273038909,-0.09
4979,159.8,143.9,124.919575439,4.32,-5.16320474777,-0.621546961326,-6.4153671714,-0.04
4980,168.4,140.4,136.684714833,4.29,-0.0593471810089,-3.03867403315,2.39859370297,-0.07
4981,164.8,144.5,128.393411802,4.35,-2.19584569733,-0.207182320442,-3.81291115555,-0.01
4982,167.3,144.2,128.393411802,4.32,-0.712166172107,-0.414364640884,-3.81291115555,-0.04
4983,158.9,144.2,136.684714833,4.3,-5.69732937685,-0.414364640884,2.39859370297,-0.06
4984,166.2,144.6,138.648217105,4.27,-1.3649851632,-0.138121546961,3.86956923748,-0.09
4985,163.3,143.5,158.476199458,4.29,-3.08605341246,-0.897790055249,18.7238820361,-0.07
4986,170.2,144.4,122.121664327,4.27,1.00890207715,-0.276243093923,-8.51144765439,-0.09
4987,176.2,143.7,138.648217105,4.3,4.56973293769,-0.759668508287,3.86956923748,-0.06
4988,167.4,145.2,128.393411802,4.46,-0.652818991098,0.276243093923,-3.81291115555,0.1
4989,167.5,144.5,128.393411802,4.27,-0.593471810089,-0.207182320442,-3.81291115555,-0.09
4990,162.6,144.6,122.121664327,4.44,-3.50148367953,-0.138121546961,-8.51144765439,0.08
4991,167.3,144,135.295494737,4.44,-0.712166172107,-0.552486187845,1.35784686952,0.08
4992,168.4,144.5,158.476199458,4.45,-0.0593471810089,-0.207182320442,18.7238820361,0.09
4993,161.6,141.4,122.121664327,4.47,-4.09495548961,-2.34806629834,-8.51144765439,0.11
4994,167.8,143.2,124.919575439,4.27,-0.415430267062,-1.10497237569,-6.4153671714,-0.09
4995,161.7,142.6,122.121664327,4.53,-4.03560830861,-1.51933701657,-8.51144765439,0.17
4996,176,143.8,122.121664327,4.27,4.45103857567,-0.690607734807,-8.51144765439,-0.09
4997,166.2,145.8,135.295494737,4.36,-1.3649851632,0.690607734807,1.35784686952,0
4998,163.7,143.4,136.684714833,4.35,-2.84866468843,-0.966850828729,2.39859370297,-0.01
4999,168.2,144.3,135.295494737,4.55,-0.178041543027,-0.345303867403,1.35784686952,0.19
5000,173.3,144.8,135.295494737,4.3,2.84866468843,0,1.35784686952,-0.06
5001,174.3,144.5,158.476199458,4.36,3.44213649852,-0.207182320442,18.7238820361,0
5002,161.6,146.1,138.648217105,4.46,-4.09495548961,0.897790055249,3.86956923748,0.1
5003,169.4,145.2,124.919575439,4.36,0.53412462908,0.276243093923,-6.4153671714,0
5004,176,144.2,124.919575439,4.53,4.45103857567,-0.414364640884,-6.4153671714,0.17
5005,199.9,144.9,136.684714833,4.34,18.6350148368,0.0690607734807,2.39859370297,-0.02
5006,165.5,145.7,124.919575439,4.41,-1.78041543027,0.621546961326,-6.4153671714,0.05
5007,162.2,144.8,136.684714833,4.39,-3.73887240356,0,2.39859370297,0.03
5008,174.5,143.7,138.648217105,4.44,3.56083086053,-0.759668508287,3.86956923748,0.08
5009,170.1,144.2,122.121664327,4.31,0.949554896142,-0.414364640884,-8.51144765439,-0.05
5010,173.2,145.2,125.070398149,4.46,2.78931750742,0.276243093923,-6.30237696994,0.1
5011,169.3,145.2,144.551595951,4.45,0.474777448071,0.276243093923,8.29213903749,0.09
5012,170.2,144.4,144.551595951,4.24,1.00890207715,-0.276243093923,8.29213903749,-0.12
5013,192.4,143.2,135.295494737,4.3,14.1839762611,-1.10497237569,1.35784686952,-0.06
5014,168.4,143.5,135.295494737,4.6,-0.0593471810089,-0.897790055249,1.35784686952,0.24
5015,171.8,145.5,158.476199458,4.41,1.95845697329,0.483425414365,18.7238820361,0.05
5016,163.3,147.1,144.551595951,4.55,-3.08605341246,1.58839779006,8.29213903749,0.19
5017,163.3,144.6,144.551595951,4.29,-3.08605341246,-0.138121546961,8.29213903749,-0.07
5018,166.2,146.1,124.919575439,4.3,-1.3649851632,0.897790055249,-6.4153671714,-0.06
5019,162.2,143.9,135.295494737,4.44,-3.73887240356,-0.621546961326,1.35784686952,0.08
5020,172.4,144.5,125.070398149,4.29,2.31454005935,-0.207182320442,-6.30237696994,-0.07
5021,175.7,143.3,124.919575439,4.42,4.27299703264,-1.03591160221,-6.4153671714,0.06
5022,167.9,144.4,135.295494737,4.6,-0.356083086053,-0.276243093923,1.35784686952,0.24
5023,164.6,143.8,144.551595951,4.46,-2.31454005935,-0.690607734807,8.29213903749,0.1
5024,169.3,144.5,122.121664327,4.32,0.474777448071,-0.207182320442,-8.51144765439,-0.04
5025,169.3,147.1,137.824842105,4.32,0.474777448071,1.58839779006,3.25273038909,-0.04
5026,169.8,145.1,128.393411802,4.38,0.771513353116,0.207182320442,-3.81291115555,0.02
5027,167.4,142.6,138.648217105,4.42,-0.652818991098,-1.51933701657,3.86956923748,0.06
5028,146.7,144.2,128.393411802,4.23,-12.9376854599,-0.414364640884,-3.81291115555,-0.13
5029,161.3,146.1,125.070398149,4.3,-4.27299703264,0.897790055249,-6.30237696994,-0.06
5030,156.1,144.5,122.121664327,4.31,-7.3590504451,-0.207182320442,-8.51144765439,-0.05
5031,164.5,141,125.070398149,4.46,-2.37388724036,-2.62430939227,-6.30237696994,0.1
5032,168.4,144.5,125.070398149,4.41,-0.0593471810089,-0.207182320442,-6.30237696994,0.05
5033,146.7,144.2,136.684714833,4.3,-12.9376854599,-0.414364640884,2.39859370297,-0.06
5034,168.6,143.5,125.070398149,4.42,0.0593471810089,-0.897790055249,-6.30237696994,0.06
5035,167.1,145.2,122.121664327,4.6,-0.830860534125,0.276243093923,-8.51144765439,0.24
5036,167.8,144.2,125.070398149,4.39,-0.415430267062,-0.414364640884,-6.30237696994,0.03
5037,190.9,144.2,124.919575439,4.6,13.293768546,-0.414364640884,-6.4153671714,0.24
5038,190.9,144.4,128.393411802,4.41,13.293768546,-0.276243093923,-3.81291115555,0.05
5039,167.6,144.3,158.476199458,4.3,-0.53412462908,-0.345303867403,18.7238820361,-0.06
5040,170,143.3,137.824842105,4.46,0.890207715134,-1.03591160221,3.25273038909,0.1
5041,185.7,144.4,158.476199458,4.27,10.2077151335,-0.276243093923,18.7238820361,-0.09
5042,169.4,144.8,124.919575439,4.29,0.53412462908,0,-6.4153671714,-0.07
5043,174.4,144.8,135.295494737,4.31,3.50148367953,0,1.35784686952,-0.05
5044,164.6,144.5,144.551595951,4.29,-2.31454005935,-0.207182320442,8.29213903749,-0.07
5045,170.8,144.5,137.824842105,4.34,1.3649851632,-0.207182320442,3.25273038909,-0.02
5046,160.6,143.2,138.648217105,4.3,-4.6884272997,-1.10497237569,3.86956923748,-0.06
5047,167.4,147.3,136.684714833,4.27,-0.652818991098,1.72651933702,2.39859370297,-0.09
5048,176.6,146.1,135.295494737,4.47,4.80712166172,0.897790055249,1.35784686952,0.11
5049,165.4,144.6,158.476199458,4.47,-1.83976261128,-0.138121546961,18.7238820361,0.11
5050,167.9,143.3,144.551595951,4.35,-0.356083086053,-1.03591160221,8.29213903749,-0.01
5051,192.4,145.2,125.070398149,4.32,14.1839762611,0.276243093923,-6.30237696994,-0.04
5052,169.4,144.9,125.070398149,4.6,0.53412462908,0.0690607734807,-6.30237696994,0.24
5053,164.3,143.6,144.551595951,4.38,-2.49258160237,-0.828729281768,8.29213903749,0.02
5054,168.2,144.5,125.070398149,4.36,-0.178041543027,-0.207182320442,-6.30237696994,0
5055,164.5,144.8,135.295494737,4.53,-2.37388724036,0,1.35784686952,0.17
5056,199.6,144.5,144.551595951,4.29,18.4569732938,-0.207182320442,8.29213903749,-0.07
5057,173.3,144,158.476199458,4.31,2.84866468843,-0.552486187845,18.7238820361,-0.05
5058,168.6,145.5,136.684714833,4.47,0.0593471810089,0.483425414365,2.39859370297,0.11
5059,164.5,143.9,137.824842105,4.42,-2.37388724036,-0.621546961326,3.25273038909,0.06
5060,166.9,145.2,122.121664327,4.36,-0.949554896142,0.276243093923,-8.51144765439,0
5061,160.6,143.5,128.393411802,4.6,-4.6884272997,-0.897790055249,-3.81291115555,0.24
5062,167.3,144.8,138.648217105,4.32,-0.712166172107,0,3.86956923748,-0.04
5063,166.2,143.2,144.551595951,4.32,-1.3649851632,-1.10497237569,8.29213903749,-0.04
5064,167.6,144.4,128.393411802,4.45,-0.53412462908,-0.276243093923,-3.81291115555,0.09
5065,146.7,144.2,158.476199458,4.46,-12.9376854599,-0.414364640884,18.7238820361,0.1
5066,168.4,147.9,136.684714833,4.41,-0.0593471810089,2.1408839779,2.39859370297,0.05
5067,158.9,144.8,128.393411802,4.32,-5.69732937685,0,-3.81291115555,-0.04
5068,163.7,143.3,135.295494737,4.41,-2.84866468843,-1.03591160221,1.35784686952,0.05
5069,161.6,144.3,122.121664327,4.41,-4.09495548961,-0.345303867403,-8.51144765439,0.05
5070,199.9,147.9,135.295494737,4.29,18.6350148368,2.1408839779,1.35784686952,-0.07
5071,174.4,143.9,122.121664327,4.35,3.50148367953,-0.621546961326,-8.51144765439,-0.01
5072,174.3,142.8,128.393411802,4.46,3.44213649852,-1.38121546961,-3.81291115555,0.1
5073,198.1,144.5,122.121664327,4.24,17.5667655786,-0.207182320442,-8.51144765439,-0.12
5074,185.7,144.5,144.551595951,4.3,10.2077151335,-0.207182320442,8.29213903749,-0.06
5075,156.1,144.5,136.684714833,4.42,-7.3590504451,-0.207182320442,2.39859370297,0.06
5076,153.9,143.9,138.648217105,4.53,-8.6646884273,-0.621546961326,3.86956923748,0.17
5077,164.5,144.2,128.393411802,4.3,-2.37388724036,-0.414364640884,-3.81291115555,-0.06
5078,199.6,144,136.684714833,4.55,18.4569732938,-0.552486187845,2.39859370297,0.19
5079,158.9,144,136.684714833,4.27,-5.69732937685,-0.552486187845,2.39859370297,-0.09
5080,164.8,143.7,138.648217105,4.35,-2.19584569733,-0.759668508287,3.86956923748,-0.01
5081,165.7,144.2,128.393411802,4.29,-1.66172106825,-0.414364640884,-3.81291115555,-0.07
5082,165.7,144,136.684714833,4.23,-1.66172106825,-0.552486187845,2.39859370297,-0.13
5083,169.2,145.2,124.919575439,4.6,0.415430267062,0.276243093923,-6.4153671714,0.24
5084,169.4,143.2,128.393411802,4.42,0.53412462908,-1.10497237569,-3.81291115555,0.06
5085,168.6,144,136.684714833,4.42,0.0593471810089,-0.552486187845,2.39859370297,0.06
5086,162.6,143.6,136.684714833,4.24,-3.50148367953,-0.828729281768,2.39859370297,-0.12
5087,161.3,144.5,137.824842105,4.46,-4.27299703264,-0.207182320442,3.25273038909,0.1
5088,164.8,148.6,144.551595951,4.45,-2.19584569733,2.62430939227,8.29213903749,0.09
5089,167.8,144.5,144.551595951,4.55,-0.415430267062,-0.207182320442,8.29213903749,0.19
5090,162.6,145.2,135.295494737,4.32,-3.50148367953,0.276243093923,1.35784686952,-0.04
5091,176,144.5,136.684714833,4.47,4.45103857567,-0.207182320442,2.39859370297,0.11
5092,146.7,145.1,144.551595951,4.47,-12.9376854599,0.207182320442,8.29213903749,0.11
5093,174.3,144.2,158.476199458,4.3,3.44213649852,-0.414364640884,18.7238820361,-0.06
5094,174.5,141.6,144.551595951,4.53,3.56083086053,-2.20994475138,8.29213903749,0.17
5095,169.2,146.1,135.295494737,4.23,0.415430267062,0.897790055249,1.35784686952,-0.13
5096,164.3,144.5,136.684714833,4.32,-2.49258160237,-0.207182320442,2.39859370297,-0.04
5097,198.1,143.8,137.824842105,4.21,17.5667655786,-0.690607734807,3.25273038909,-0.15
5098,167.9,145.1,122.121664327,4.45,-0.356083086053,0.207182320442,-8.51144765439,0.09
5099,165.4,144.5,128.393411802,4.3,-1.83976261128,-0.207182320442,-3.81291115555,-0.06
5100,165.7,144.5,135.295494737,4.35,-1.66172106825,-0.207182320442,1.35784686952,-0.01
5101,170.1,144.8,128.393411802,4.21,0.949554896142,0,-3.81291115555,-0.15
5102,165.5,141,125.070398149,4.44,-1.78041543027,-2.62430939227,-6.30237696994,0.08
5103,174.5,145.2,138.648217105,4.53,3.56083086053,0.276243093923,3.86956923748,0.17
5104,170.2,143.5,144.551595951,4.3,1.00890207715,-0.897790055249,8.29213903749,-0.06
5105,161.7,140.4,135.295494737,4.6,-4.03560830861,-3.03867403315,1.35784686952,0.24
5106,170,144.9,158.476199458,4.46,0.890207715134,0.0690607734807,18.7238820361,0.1
5107,170.3,144.5,138.648217105,4.27,1.06824925816,-0.207182320442,3.86956923748,-0.09
5108,158.9,143.7,135.295494737,4.53,-5.69732937685,-0.759668508287,1.35784686952,0.17
5109,176.6,145.2,136.684714833,4.32,4.80712166172,0.276243093923,2.39859370297,-0.04
5110,167.8,145.2,138.648217105,4.24,-0.415430267062,0.276243093923,3.86956923748,-0.12
5111,164.5,144.5,144.551595951,4.29,-2.37388724036,-0.207182320442,8.29213903749,-0.07
5112,169.9,143.2,158.476199458,4.24,0.830860534125,-1.10497237569,18.7238820361,-0.12
5113,170,145.5,128.393411802,4.44,0.890207715134,0.483425414365,-3.81291115555,0.08
5114,169.4,144.2,135.295494737,4.27,0.53412462908,-0.414364640884,1.35784686952,-0.09
5115,176.6,143.7,125.070398149,4.46,4.80712166172,-0.759668508287,-6.30237696994,0.1
5116,160.6,145.2,144.551595951,4.34,-4.6884272997,0.276243093923,8.29213903749,-0.02
5117,172.4,144.8,144.551595951,4.21,2.31454005935,0,8.29213903749,-0.15
5118,171.2,143.5,122.121664327,4.39,1.60237388724,-0.897790055249,-8.51144765439,0.03
5119,174.6,145.8,144.551595951,4.6,3.62017804154,0.690607734807,8.29213903749,0.24
5120,199.6,143.4,128.393411802,4.53,18.4569732938,-0.966850828729,-3.81291115555,0.17
5121,168.4,144.8,125.070398149,4.27,-0.0593471810089,0,-6.30237696994,-0.09
5122,171,145.2,125.070398149,4.53,1.48367952522,0.276243093923,-6.30237696994,0.17
5123,166.1,143.2,135.295494737,4.47,-1.42433234421,-1.10497237569,1.35784686952,0.11
5124,168.4,144.2,125.070398149,4.32,-0.0593471810089,-0.414364640884,-6.30237696994,-0.04
5125,167.6,144.2,124.919575439,4.46,-0.53412462908,-0.414364640884,-6.4153671714,0.1
5126,166.1,143.3,122.121664327,4.38,-1.42433234421,-1.03591160221,-8.51144765439,0.02
5127,173.3,142.8,144.551595951,4.42,2.84866468843,-1.38121546961,8.29213903749,0.06
5128,156.1,145.2,122.121664327,4.35,-7.3590504451,0.276243093923,-8.51144765439,-0.01
5129,174.6,143.3,136.684714833,4.29,3.62017804154,-1.03591160221,2.39859370297,-0.07
5130,163.7,147.9,125.070398149,4.23,-2.84866468843,2.1408839779,-6.30237696994,-0.13
5131,174.3,147.1,125.070398149,4.23,3.44213649852,1.58839779006,-6.30237696994,-0.13
5132,162.6,141,135.295494737,4.35,-3.50148367953,-2.62430939227,1.35784686952,-0.01
5133,185.7,143.5,138.648217105,4.45,10.2077151335,-0.897790055249,3.86956923748,0.09
5134,174.6,143.3,138.648217105,4.3,3.62017804154,-1.03591160221,3.86956923748,-0.06
5135,168.4,144.9,138.648217105,4.6,-0.0593471810089,0.0690607734807,3.86956923748,0.24
5136,171.2,143.2,136.684714833,4.3,1.60237388724,-1.10497237569,2.39859370297,-0.06
5137,174.6,144.8,138.648217105,4.3,3.62017804154,0,3.86956923748,-0.06
5138,174.6,145.8,128.393411802,4.39,3.62017804154,0.690607734807,-3.81291115555,0.03
5139,192.4,144.5,124.919575439,4.35,14.1839762611,-0.207182320442,-6.4153671714,-0.01
5140,170.2,143.9,137.824842105,4.29,1.00890207715,-0.621546961326,3.25273038909,-0.07
5141,161.7,144.5,124.919575439,4.39,-4.03560830861,-0.207182320442,-6.4153671714,0.03
5142,164.5,144.9,158.476199458,4.21,-2.37388724036,0.0690607734807,18.7238820361,-0.15
5143,146.7,142.6,135.295494737,4.34,-12.9376854599,-1.51933701657,1.35784686952,-0.02
5144,175.7,144.5,144.551595951,4.32,4.27299703264,-0.207182320442,8.29213903749,-0.04
5145,177.5,148,125.070398149,4.41,5.3412462908,2.20994475138,-6.30237696994,0.05
5146,170.2,144.7,137.824842105,4.27,1.00890207715,-0.0690607734807,3.25273038909,-0.09
5147,160.6,143.3,138.648217105,4.21,-4.6884272997,-1.03591160221,3.86956923748,-0.15
5148,162.6,144.5,138.648217105,4.47,-3.50148367953,-0.207182320442,3.86956923748,0.11
5149,173,144.9,122.121664327,4.21,2.6706231454,0.0690607734807,-8.51144765439,-0.15
5150,198.1,143.6,138.648217105,4.32,17.5667655786,-0.828729281768,3.86956923748,-0.04
5151,199.6,144.4,128.393411802,4.42,18.4569732938,-0.276243093923,-3.81291115555,0.06
5152,175.7,146.3,122.121664327,4.24,4.27299703264,1.03591160221,-8.51144765439,-0.12
5153,165.7,144.2,137.824842105,4.29,-1.66172106825,-0.414364640884,3.25273038909,-0.07
5154,170.2,143.7,122.121664327,4.47,1.00890207715,-0.759668508287,-8.51144765439,0.11
5155,164.8,144.2,136.684714833,4.35,-2.19584569733,-0.414364640884,2.39859370297,-0.01
5156,172.4,143.5,137.824842105,4.29,2.31454005935,-0.897790055249,3.25273038909,-0.07
5157,170.8,143.3,136.684714833,4.36,1.3649851632,-1.03591160221,2.39859370297,0
5158,166.4,144.4,124.919575439,4.46,-1.24629080119,-0.276243093923,-6.4153671714,0.1
5159,176.2,144,135.295494737,4.44,4.56973293769,-0.552486187845,1.35784686952,0.08
5160,171.8,144.8,135.295494737,4.41,1.95845697329,0,1.35784686952,0.05
5161,158.9,144.8,128.393411802,4.39,-5.69732937685,0,-3.81291115555,0.03
5162,174.1,145.2,122.121664327,4.47,3.3234421365,0.276243093923,-8.51144765439,0.11
5163,161.6,144.6,138.648217105,4.36,-4.09495548961,-0.138121546961,3.86956923748,0
5164,199.9,143.6,144.551595951,4.3,18.6350148368,-0.828729281768,8.29213903749,-0.06
5165,168.4,143.9,138.648217105,4.6,-0.0593471810089,-0.621546961326,3.86956923748,0.24
5166,166.9,143.6,158.476199458,4.45,-0.949554896142,-0.828729281768,18.7238820361,0.09
5167,173.3,146.9,158.476199458,4.32,2.84866468843,1.45027624309,18.7238820361,-0.04
5168,171.8,143.9,122.121664327,4.32,1.95845697329,-0.621546961326,-8.51144765439,-0.04
5169,159.8,143.3,125.070398149,4.6,-5.16320474777,-1.03591160221,-6.30237696994,0.24
5170,171.8,144.2,125.070398149,4.32,1.95845697329,-0.414364640884,-6.30237696994,-0.04
5171,168.6,143.9,144.551595951,4.27,0.0593471810089,-0.621546961326,8.29213903749,-0.09
5172,164.5,144.9,138.648217105,4.36,-2.37388724036,0.0690607734807,3.86956923748,0
5173,165,146.1,136.684714833,4.3,-2.07715133531,0.897790055249,2.39859370297,-0.06
5174,170.1,140.4,135.295494737,4.31,0.949554896142,-3.03867403315,1.35784686952,-0.05
5175,169.8,144.3,136.684714833,4.36,0.771513353116,-0.345303867403,2.39859370297,0
5176,166.4,145.5,158.476199458,4.21,-1.24629080119,0.483425414365,18.7238820361,-0.15
5177,146.7,147.1,135.295494737,4.6,-12.9376854599,1.58839779006,1.35784686952,0.24
5178,158.9,143.8,135.295494737,4.41,-5.69732937685,-0.690607734807,1.35784686952,0.05
5179,175.7,142.8,144.551595951,4.21,4.27299703264,-1.38121546961,8.29213903749,-0.15
5180,168.2,146.9,136.684714833,4.41,-0.178041543027,1.45027624309,2.39859370297,0.05
5181,162.2,144,124.919575439,4.3,-3.73887240356,-0.552486187845,-6.4153671714,-0.06
5182,167.5,144.3,137.824842105,4.46,-0.593471810089,-0.345303867403,3.25273038909,0.1
5183,161.3,144.2,128.393411802,4.27,-4.27299703264,-0.414364640884,-3.81291115555,-0.09
5184,165,145.2,128.393411802,4.35,-2.07715133531,0.276243093923,-3.81291115555,-0.01
5185,162.2,144.2,136.684714833,4.45,-3.73887240356,-0.414364640884,2.39859370297,0.09
5186,164.5,144.4,135.295494737,4.3,-2.37388724036,-0.276243093923,1.35784686952,-0.06
5187,164.5,144.8,138.648217105,4.3,-2.37388724036,0,3.86956923748,-0.06
5188,166.9,144.9,122.121664327,4.3,-0.949554896142,0.0690607734807,-8.51144765439,-0.06
5189,167.5,144.4,137.824842105,4.3,-0.593471810089,-0.276243093923,3.25273038909,-0.06
5190,163.3,144,122.121664327,4.35,-3.08605341246,-0.552486187845,-8.51144765439,-0.01
5191,167.5,144.5,136.684714833,4.32,-0.593471810089,-0.207182320442,2.39859370297,-0.04
5192,158.9,143.9,128.393411802,4.32,-5.69732937685,-0.621546961326,-3.81291115555,-0.04
5193,163.7,147.5,122.121664327,4.24,-2.84866468843,1.86464088398,-8.51144765439,-0.12
5194,165.4,144.5,135.295494737,4.41,-1.83976261128,-0.207182320442,1.35784686952,0.05
5195,174.4,144.5,135.295494737,4.42,3.50148367953,-0.207182320442,1.35784686952,0.06
5196,169.2,145.1,125.070398149,4.29,0.415430267062,0.207182320442,-6.30237696994,-0.07
5197,165,144.8,122.121664327,4.45,-2.07715133531,0,-8.51144765439,0.09
5198,173,142.8,122.121664327,4.6,2.6706231454,-1.38121546961,-8.51144765439,0.24
5199,174.5,144.8,136.684714833,4.41,3.56083086053,0,2.39859370297,0.05
5200,176.6,144.2,125.070398149,4.47,4.80712166172,-0.414364640884,-6.30237696994,0.11
5201,164.8,144,158.476199458,4.45,-2.19584569733,-0.552486187845,18.7238820361,0.09
5202,164.8,144.5,124.919575439,4.32,-2.19584569733,-0.207182320442,-6.4153671714,-0.04
5203,163.3,145.1,124.919575439,4.29,-3.08605341246,0.207182320442,-6.4153671714,-0.07
5204,171,144.8,158.476199458,4.38,1.48367952522,0,18.7238820361,0.02
5205,170,145.2,122.121664327,4.44,0.890207715134,0.276243093923,-8.51144765439,0.08
5206,170.8,145.2,138.648217105,4.46,1.3649851632,0.276243093923,3.86956923748,0.1
5207,173,145.2,125.070398149,4.45,2.6706231454,0.276243093923,-6.30237696994,0.09
5208,163.7,144.2,135.295494737,4.31,-2.84866468843,-0.414364640884,1.35784686952,-0.05
5209,169.3,145.5,137.824842105,4.3,0.474777448071,0.483425414365,3.25273038909,-0.06
5210,198.1,144.6,125.070398149,4.31,17.5667655786,-0.138121546961,-6.30237696994,-0.05
5211,174.6,144,124.919575439,4.35,3.62017804154,-0.552486187845,-6.4153671714,-0.01
5212,174.6,145.2,122.121664327,4.46,3.62017804154,0.276243093923,-8.51144765439,0.1
5213,173.3,146.1,158.476199458,4.55,2.84866468843,0.897790055249,18.7238820361,0.19
5214,169.4,144.8,125.070398149,4.32,0.53412462908,0,-6.30237696994,-0.04
5215,167.6,144.5,128.393411802,4.34,-0.53412462908,-0.207182320442,-3.81291115555,-0.02
5216,162.2,144.9,128.393411802,4.31,-3.73887240356,0.0690607734807,-3.81291115555,-0.05
5217,174.4,144.4,125.070398149,4.36,3.50148367953,-0.276243093923,-6.30237696994,0
5218,164.8,144.5,128.393411802,4.32,-2.19584569733,-0.207182320442,-3.81291115555,-0.04
5219,169.2,144.4,124.919575439,4.41,0.415430267062,-0.276243093923,-6.4153671714,0.05
5220,165.7,140.4,136.684714833,4.47,-1.66172106825,-3.03867403315,2.39859370297,0.11
5221,163.3,146.9,138.648217105,4.55,-3.08605341246,1.45027624309,3.86956923748,0.19
5222,174.4,143.9,135.295494737,4.3,3.50148367953,-0.621546961326,1.35784686952,-0.06
5223,169.8,143.7,128.393411802,4.44,0.771513353116,-0.759668508287,-3.81291115555,0.08
5224,167.5,143.7,128.393411802,4.3,-0.593471810089,-0.759668508287,-3.81291115555,-0.06
5225,167.3,144.8,135.295494737,4.27,-0.712166172107,0,1.35784686952,-0.09
5226,164.6,143.5,125.070398149,4.24,-2.31454005935,-0.897790055249,-6.30237696994,-0.12
5227,190.9,144.8,135.295494737,4.44,13.293768546,0,1.35784686952,0.08
5228,164.5,144.2,135.295494737,4.3,-2.37388724036,-0.414364640884,1.35784686952,-0.06
5229,174.5,143.2,128.393411802,4.3,3.56083086053,-1.10497237569,-3.81291115555,-0.06
5230,165,145.2,125.070398149,4.29,-2.07715133531,0.276243093923,-6.30237696994,-0.07
5231,176,145.1,144.551595951,4.3,4.45103857567,0.207182320442,8.29213903749,-0.06
5232,165.4,147.1,128.393411802,4.47,-1.83976261128,1.58839779006,-3.81291115555,0.11
5233,146.7,144.4,124.919575439,4.42,-12.9376854599,-0.276243093923,-6.4153671714,0.06
5234,162.9,141,135.295494737,4.38,-3.3234421365,-2.62430939227,1.35784686952,0.02
5235,167.4,147.1,137.824842105,4.6,-0.652818991098,1.58839779006,3.25273038909,0.24
5236,166.1,144.2,128.393411802,4.44,-1.42433234421,-0.414364640884,-3.81291115555,0.08
5237,167.1,144.8,122.121664327,4.3,-0.830860534125,0,-8.51144765439,-0.06
5238,173.3,144.5,136.684714833,4.6,2.84866468843,-0.207182320442,2.39859370297,0.24
5239,168.6,144.6,125.070398149,4.47,0.0593471810089,-0.138121546961,-6.30237696994,0.11
5240,161.3,144.8,124.919575439,4.3,-4.27299703264,0,-6.4153671714,-0.06
5241,174.6,144.5,136.684714833,4.21,3.62017804154,-0.207182320442,2.39859370297,-0.15
5242,161.6,144.5,122.121664327,4.24,-4.09495548961,-0.207182320442,-8.51144765439,-0.12
5243,169.4,144.5,125.070398149,4.46,0.53412462908,-0.207182320442,-6.30237696994,0.1
5244,174.3,142.8,144.551595951,4.31,3.44213649852,-1.38121546961,8.29213903749,-0.05
5245,158.9,144.8,144.551595951,4.55,-5.69732937685,0,8.29213903749,0.19
5246,168.2,147.5,125.070398149,4.47,-0.178041543027,1.86464088398,-6.30237696994,0.11
5247,146.7,141,124.919575439,4.24,-12.9376854599,-2.62430939227,-6.4153671714,-0.12
5248,174.5,144.8,158.476199458,4.21,3.56083086053,0,18.7238820361,-0.15
5249,168.6,144.5,138.648217105,4.24,0.0593471810089,-0.207182320442,3.86956923748,-0.12
5250,173.2,142.8,136.684714833,4.55,2.78931750742,-1.38121546961,2.39859370297,0.19
5251,164.5,144.2,136.684714833,4.29,-2.37388724036,-0.414364640884,2.39859370297,-0.07
5252,174.6,146.3,138.648217105,4.41,3.62017804154,1.03591160221,3.86956923748,0.05
5253,198.1,140.4,136.684714833,4.31,17.5667655786,-3.03867403315,2.39859370297,-0.05
5254,168.4,144.3,128.393411802,4.42,-0.0593471810089,-0.345303867403,-3.81291115555,0.06
5255,176.6,143.5,125.070398149,4.35,4.80712166172,-0.897790055249,-6.30237696994,-0.01
5256,170.2,145.8,158.476199458,4.23,1.00890207715,0.690607734807,18.7238820361,-0.13
5257,168.4,143.4,124.919575439,4.31,-0.0593471810089,-0.966850828729,-6.4153671714,-0.05
5258,163.7,143.4,158.476199458,4.6,-2.84866468843,-0.966850828729,18.7238820361,0.24
5259,160.6,145.2,128.393411802,4.3,-4.6884272997,0.276243093923,-3.81291115555,-0.06
5260,164.5,146.3,128.393411802,4.24,-2.37388724036,1.03591160221,-3.81291115555,-0.12
5261,173.2,144.2,125.070398149,4.35,2.78931750742,-0.414364640884,-6.30237696994,-0.01
5262,174.3,144.2,128.393411802,4.35,3.44213649852,-0.414364640884,-3.81291115555,-0.01
5263,164.5,145.2,124.919575439,4.53,-2.37388724036,0.276243093923,-6.4153671714,0.17
5264,165.5,143.6,138.648217105,4.23,-1.78041543027,-0.828729281768,3.86956923748,-0.13
5265,167.1,143.5,136.684714833,4.35,-0.830860534125,-0.897790055249,2.39859370297,-0.01
5266,170,144.3,158.476199458,4.44,0.890207715134,-0.345303867403,18.7238820361,0.08
5267,159.8,144.2,138.648217105,4.24,-5.16320474777,-0.414364640884,3.86956923748,-0.12
5268,164.8,145.2,122.121664327,4.3,-2.19584569733,0.276243093923,-8.51144765439,-0.06
5269,146.7,142.6,137.824842105,4.24,-12.9376854599,-1.51933701657,3.25273038909,-0.12
5270,171,144.8,137.824842105,4.24,1.48367952522,0,3.25273038909,-0.12
5271,167.5,144,144.551595951,4.3,-0.593471810089,-0.552486187845,8.29213903749,-0.06
5272,158.9,143.9,138.648217105,4.34,-5.69732937685,-0.621546961326,3.86956923748,-0.02
5273,165,144.2,144.551595951,4.3,-2.07715133531,-0.414364640884,8.29213903749,-0.06
5274,165.5,145.8,124.919575439,4.21,-1.78041543027,0.690607734807,-6.4153671714,-0.15
5275,167.1,144.2,135.295494737,4.6,-0.830860534125,-0.414364640884,1.35784686952,0.24
5276,161.6,144.2,135.295494737,4.34,-4.09495548961,-0.414364640884,1.35784686952,-0.02
5277,161.7,144.8,136.684714833,4.24,-4.03560830861,0,2.39859370297,-0.12
5278,166.4,144.5,128.393411802,4.29,-1.24629080119,-0.207182320442,-3.81291115555,-0.07
5279,171.2,144.9,122.121664327,4.45,1.60237388724,0.0690607734807,-8.51144765439,0.09
5280,170.8,143.6,128.393411802,4.46,1.3649851632,-0.828729281768,-3.81291115555,0.1
5281,168.4,147.3,128.393411802,4.47,-0.0593471810089,1.72651933702,-3.81291115555,0.11
5282,170.1,145.8,158.476199458,4.32,0.949554896142,0.690607734807,18.7238820361,-0.04
5283,167.3,143.3,135.295494737,4.35,-0.712166172107,-1.03591160221,1.35784686952,-0.01
5284,174.5,144.8,138.648217105,4.3,3.56083086053,0,3.86956923748,-0.06
5285,170.2,143.6,124.919575439,4.44,1.00890207715,-0.828729281768,-6.4153671714,0.08
5286,168.4,144,122.121664327,4.35,-0.0593471810089,-0.552486187845,-8.51144765439,-0.01
5287,169.8,144.2,137.824842105,4.24,0.771513353116,-0.414364640884,3.25273038909,-0.12
5288,165.4,144.3,137.824842105,4.29,-1.83976261128,-0.345303867403,3.25273038909,-0.07
5289,164.5,144.4,144.551595951,4.39,-2.37388724036,-0.276243093923,8.29213903749,0.03
5290,169.2,143.7,122.121664327,4.44,0.415430267062,-0.759668508287,-8.51144765439,0.08
5291,168.6,146.3,125.070398149,4.53,0.0593471810089,1.03591160221,-6.30237696994,0.17
5292,163.7,145.5,144.551595951,4.36,-2.84866468843,0.483425414365,8.29213903749,0
5293,167.1,144.2,124.919575439,4.6,-0.830860534125,-0.414364640884,-6.4153671714,0.24
5294,159.8,143.7,124.919575439,4.29,-5.16320474777,-0.759668508287,-6.4153671714,-0.07
5295,164.5,143.7,136.684714833,4.44,-2.37388724036,-0.759668508287,2.39859370297,0.08
5296,164.8,144.2,138.648217105,4.47,-2.19584569733,-0.414364640884,3.86956923748,0.11
5297,176.6,144.6,137.824842105,4.46,4.80712166172,-0.138121546961,3.25273038909,0.1
5298,166.2,144.2,135.295494737,4.31,-1.3649851632,-0.414364640884,1.35784686952,-0.05
5299,176.6,140.4,124.919575439,4.45,4.80712166172,-3.03867403315,-6.4153671714,0.09
5300,168.2,144.2,135.295494737,4.46,-0.178041543027,-0.414364640884,1.35784686952,0.1
5301,163.7,144.8,144.551595951,4.35,-2.84866468843,0,8.29213903749,-0.01
5302,158.9,143.9,158.476199458,4.6,-5.69732937685,-0.621546961326,18.7238820361,0.24
5303,170.8,143.9,122.121664327,4.46,1.3649851632,-0.621546961326,-8.51144765439,0.1
5304,169.3,143.6,122.121664327,4.32,0.474777448071,-0.828729281768,-8.51144765439,-0.04
5305,174.5,145.5,124.919575439,4.27,3.56083086053,0.483425414365,-6.4153671714,-0.09
5306,168.7,146.9,138.648217105,4.46,0.118694362018,1.45027624309,3.86956923748,0.1
5307,165.7,143.4,144.551595951,4.42,-1.66172106825,-0.966850828729,8.29213903749,0.06
5308,171,144.9,135.295494737,4.32,1.48367952522,0.0690607734807,1.35784686952,-0.04
5309,168.4,142.6,137.824842105,4.35,-0.0593471810089,-1.51933701657,3.25273038909,-0.01
5310,170.1,144.1,137.824842105,4.31,0.949554896142,-0.483425414365,3.25273038909,-0.05
5311,156.1,147.5,136.684714833,4.21,-7.3590504451,1.86464088398,2.39859370297,-0.15
5312,171,145.1,136.684714833,4.31,1.48367952522,0.207182320442,2.39859370297,-0.05
5313,174.1,147.5,144.551595951,4.41,3.3234421365,1.86464088398,8.29213903749,0.05
5314,164.5,144.7,144.551595951,4.29,-2.37388724036,-0.0690607734807,8.29213903749,-0.07
5315,168.4,144.8,138.648217105,4.3,-0.0593471810089,0,3.86956923748,-0.06
5316,170.1,145.8,128.393411802,4.3,0.949554896142,0.690607734807,-3.81291115555,-0.06
5317,164.3,144.3,137.824842105,4.38,-2.49258160237,-0.345303867403,3.25273038909,0.02
5318,177.5,145.2,138.648217105,4.34,5.3412462908,0.276243093923,3.86956923748,-0.02
5319,167.6,143.6,122.121664327,4.36,-0.53412462908,-0.828729281768,-8.51144765439,0
5320,165,144.8,135.295494737,4.29,-2.07715133531,0,1.35784686952,-0.07
5321,156.1,143.8,122.121664327,4.35,-7.3590504451,-0.690607734807,-8.51144765439,-0.01
5322,162.9,143.9,138.648217105,4.3,-3.3234421365,-0.621546961326,3.86956923748,-0.06
5323,174.5,143.4,124.919575439,4.34,3.56083086053,-0.966850828729,-6.4153671714,-0.02
5324,169.3,144.5,124.919575439,4.31,0.474777448071,-0.207182320442,-6.4153671714,-0.05
5325,169.4,144.8,144.551595951,4.6,0.53412462908,0,8.29213903749,0.24
5326,167.6,145.7,135.295494737,4.53,-0.53412462908,0.621546961326,1.35784686952,0.17
5327,167.6,144.8,137.824842105,4.29,-0.53412462908,0,3.25273038909,-0.07
5328,165,144.9,124.919575439,4.46,-2.07715133531,0.0690607734807,-6.4153671714,0.1
5329,166.4,145.1,125.070398149,4.32,-1.24629080119,0.207182320442,-6.30237696994,-0.04
5330,174.5,145.5,128.393411802,4.32,3.56083086053,0.483425414365,-3.81291115555,-0.04
5331,160.6,144.4,128.393411802,4.38,-4.6884272997,-0.276243093923,-3.81291115555,0.02
5332,165.4,145.1,125.070398149,4.41,-1.83976261128,0.207182320442,-6.30237696994,0.05
5333,199.6,146.9,125.070398149,4.45,18.4569732938,1.45027624309,-6.30237696994,0.09
5334,164.5,144.8,137.824842105,4.32,-2.37388724036,0,3.25273038909,-0.04
5335,192.4,147.1,128.393411802,4.21,14.1839762611,1.58839779006,-3.81291115555,-0.15
5336,163.3,144,144.551595951,4.47,-3.08605341246,-0.552486187845,8.29213903749,0.11
5337,168.2,144,124.919575439,4.42,-0.178041543027,-0.552486187845,-6.4153671714,0.06
5338,174.6,141,135.295494737,4.29,3.62017804154,-2.62430939227,1.35784686952,-0.07
5339,165.7,143.5,138.648217105,4.47,-1.66172106825,-0.897790055249,3.86956923748,0.11
5340,169.2,141.4,125.070398149,4.45,0.415430267062,-2.34806629834,-6.30237696994,0.09
5341,162.9,148,124.919575439,4.44,-3.3234421365,2.20994475138,-6.4153671714,0.08
5342,168.6,144.2,122.121664327,4.32,0.0593471810089,-0.414364640884,-8.51144765439,-0.04
5343,167.9,147.9,136.684714833,4.41,-0.356083086053,2.1408839779,2.39859370297,0.05
5344,168.7,144,158.476199458,4.41,0.118694362018,-0.552486187845,18.7238820361,0.05
5345,169.4,145.1,125.070398149,4.47,0.53412462908,0.207182320442,-6.30237696994,0.11
5346,174.5,144.8,144.551595951,4.47,3.56083086053,0,8.29213903749,0.11
5347,158.9,144,138.648217105,4.47,-5.69732937685,-0.552486187845,3.86956923748,0.11
5348,167.8,144.2,122.121664327,4.34,-0.415430267062,-0.414364640884,-8.51144765439,-0.02
5349,198.1,145.1,135.295494737,4.32,17.5667655786,0.207182320442,1.35784686952,-0.04
5350,173.2,144.2,136.684714833,4.41,2.78931750742,-0.414364640884,2.39859370297,0.05
5351,170.2,145.8,122.121664327,4.47,1.00890207715,0.690607734807,-8.51144765439,0.11
5352,168.4,143.9,144.551595951,4.45,-0.0593471810089,-0.621546961326,8.29213903749,0.09
5353,177.5,145.8,122.121664327,4.46,5.3412462908,0.690607734807,-8.51144765439,0.1
5354,170.2,144.8,158.476199458,4.46,1.00890207715,0,18.7238820361,0.1
5355,167.4,144.5,158.476199458,4.31,-0.652818991098,-0.207182320442,18.7238820361,-0.05
5356,176.6,146.1,138.648217105,4.34,4.80712166172,0.897790055249,3.86956923748,-0.02
5357,170,141,136.684714833,4.44,0.890207715134,-2.62430939227,2.39859370297,0.08
5358,160.6,143.7,137.824842105,4.3,-4.6884272997,-0.759668508287,3.25273038909,-0.06
5359,190.9,144.2,158.476199458,4.38,13.293768546,-0.414364640884,18.7238820361,0.02
5360,170.3,144.8,144.551595951,4.34,1.06824925816,0,8.29213903749,-0.02
5361,170.2,145.2,124.919575439,4.35,1.00890207715,0.276243093923,-6.4153671714,-0.01
5362,173.3,143.4,125.070398149,4.3,2.84866468843,-0.966850828729,-6.30237696994,-0.06
5363,190.9,144.9,138.648217105,4.31,13.293768546,0.0690607734807,3.86956923748,-0.05
5364,162.6,143.7,137.824842105,4.6,-3.50148367953,-0.759668508287,3.25273038909,0.24
5365,171.8,144.2,135.295494737,4.47,1.95845697329,-0.414364640884,1.35784686952,0.11
5366,171,145.1,128.393411802,4.34,1.48367952522,0.207182320442,-3.81291115555,-0.02
5367,146.7,144.6,135.295494737,4.42,-12.9376854599,-0.138121546961,1.35784686952,0.06
5368,164.5,143.7,125.070398149,4.6,-2.37388724036,-0.759668508287,-6.30237696994,0.24
5369,173.3,144.9,122.121664327,4.55,2.84866468843,0.0690607734807,-8.51144765439,0.19
5370,173.3,146.9,125.070398149,4.6,2.84866468843,1.45027624309,-6.30237696994,0.24
5371,166.2,148.6,136.684714833,4.35,-1.3649851632,2.62430939227,2.39859370297,-0.01
5372,165,144.4,158.476199458,4.3,-2.07715133531,-0.276243093923,18.7238820361,-0.06
5373,161.6,143.4,136.684714833,4.23,-4.09495548961,-0.966850828729,2.39859370297,-0.13
5374,174.3,144.1,158.476199458,4.6,3.44213649852,-0.483425414365,18.7238820361,0.24
5375,174.1,144,136.684714833,4.3,3.3234421365,-0.552486187845,2.39859370297,-0.06
5376,164.5,148.6,158.476199458,4.53,-2.37388724036,2.62430939227,18.7238820361,0.17
5377,198.1,148.6,144.551595951,4.31,17.5667655786,2.62430939227,8.29213903749,-0.05
5378,164.3,143.7,122.121664327,4.6,-2.49258160237,-0.759668508287,-8.51144765439,0.24
5379,198.1,144,144.551595951,4.27,17.5667655786,-0.552486187845,8.29213903749,-0.09
5380,167.5,142.6,137.824842105,4.6,-0.593471810089,-1.51933701657,3.25273038909,0.24
5381,169.3,143.2,122.121664327,4.44,0.474777448071,-1.10497237569,-8.51144765439,0.08
5382,176,144.8,136.684714833,4.36,4.45103857567,0,2.39859370297,0
5383,167.1,148,138.648217105,4.35,-0.830860534125,2.20994475138,3.86956923748,-0.01
5384,174.5,143.5,135.295494737,4.44,3.56083086053,-0.897790055249,1.35784686952,0.08
5385,161.6,143.2,138.648217105,4.38,-4.09495548961,-1.10497237569,3.86956923748,0.02
5386,161.7,144.8,137.824842105,4.41,-4.03560830861,0,3.25273038909,0.05
5387,168.4,144.5,144.551595951,4.6,-0.0593471810089,-0.207182320442,8.29213903749,0.24
5388,199.9,144.2,135.295494737,4.35,18.6350148368,-0.414364640884,1.35784686952,-0.01
5389,169.2,143.4,135.295494737,4.41,0.415430267062,-0.966850828729,1.35784686952,0.05
5390,170.2,142.6,136.684714833,4.38,1.00890207715,-1.51933701657,2.39859370297,0.02
5391,164.5,145.1,125.070398149,4.35,-2.37388724036,0.207182320442,-6.30237696994,-0.01
5392,166.1,144.8,158.476199458,4.24,-1.42433234421,0,18.7238820361,-0.12
5393,173.2,144.5,158.476199458,4.32,2.78931750742,-0.207182320442,18.7238820361,-0.04
5394,156.1,144.9,137.824842105,4.6,-7.3590504451,0.0690607734807,3.25273038909,0.24
5395,174.5,140.4,144.551595951,4.47,3.56083086053,-3.03867403315,8.29213903749,0.11
5396,170.2,141,135.295494737,4.3,1.00890207715,-2.62430939227,1.35784686952,-0.06
5397,158.9,144.2,137.824842105,4.47,-5.69732937685,-0.414364640884,3.25273038909,0.11
5398,171,144.5,158.476199458,4.46,1.48367952522,-0.207182320442,18.7238820361,0.1
5399,159.8,144.5,135.295494737,4.36,-5.16320474777,-0.207182320442,1.35784686952,0
5400,156.1,144.5,144.551595951,4.41,-7.3590504451,-0.207182320442,8.29213903749,0.05
5401,170.8,144.8,158.476199458,4.47,1.3649851632,0,18.7238820361,0.11
5402,175.7,147.5,128.393411802,4.35,4.27299703264,1.86464088398,-3.81291115555,-0.01
5403,174.5,145.2,124.919575439,4.44,3.56083086053,0.276243093923,-6.4153671714,0.08
5404,166.2,144,122.121664327,4.44,-1.3649851632,-0.552486187845,-8.51144765439,0.08
5405,164.6,143.4,136.684714833,4.47,-2.31454005935,-0.966850828729,2.39859370297,0.11
5406,174.3,145.1,136.684714833,4.27,3.44213649852,0.207182320442,2.39859370297,-0.09
5407,175.7,144.6,136.684714833,4.36,4.27299703264,-0.138121546961,2.39859370297,0
5408,174.6,144.8,128.393411802,4.3,3.62017804154,0,-3.81291115555,-0.06
5409,170.2,144.6,124.919575439,4.38,1.00890207715,-0.138121546961,-6.4153671714,0.02
5410,169.2,144.5,144.551595951,4.47,0.415430267062,-0.207182320442,8.29213903749,0.11
5411,164.5,144,125.070398149,4.27,-2.37388724036,-0.552486187845,-6.30237696994,-0.09
5412,167.1,144,122.121664327,4.46,-0.830860534125,-0.552486187845,-8.51144765439,0.1
5413,167.5,145.7,135.295494737,4.35,-0.593471810089,0.621546961326,1.35784686952,-0.01
5414,158.9,144.8,138.648217105,4.35,-5.69732937685,0,3.86956923748,-0.01
5415,167.5,144.3,128.393411802,4.44,-0.593471810089,-0.345303867403,-3.81291115555,0.08
5416,173,144.2,158.476199458,4.6,2.6706231454,-0.414364640884,18.7238820361,0.24
5417,176.2,144,125.070398149,4.6,4.56973293769,-0.552486187845,-6.30237696994,0.24
5418,192.4,144.2,124.919575439,4.47,14.1839762611,-0.414364640884,-6.4153671714,0.11
5419,167.3,143.2,138.648217105,4.44,-0.712166172107,-1.10497237569,3.86956923748,0.08
5420,177.5,146.3,122.121664327,4.35,5.3412462908,1.03591160221,-8.51144765439,-0.01
5421,174.6,146.9,128.393411802,4.6,3.62017804154,1.45027624309,-3.81291115555,0.24
5422,158.9,141,137.824842105,4.21,-5.69732937685,-2.62430939227,3.25273038909,-0.15
5423,176.6,143.7,122.121664327,4.32,4.80712166172,-0.759668508287,-8.51144765439,-0.04
5424,166.1,144.5,128.393411802,4.27,-1.42433234421,-0.207182320442,-3.81291115555,-0.09
5425,168.2,144.9,135.295494737,4.32,-0.178041543027,0.0690607734807,1.35784686952,-0.04
5426,185.7,144.7,128.393411802,4.27,10.2077151335,-0.0690607734807,-3.81291115555,-0.09
5427,169.9,148.6,125.070398149,4.35,0.830860534125,2.62430939227,-6.30237696994,-0.01
5428,158.9,147.1,158.476199458,4.31,-5.69732937685,1.58839779006,18.7238820361,-0.05
5429,167.3,144.9,136.684714833,4.36,-0.712166172107,0.0690607734807,2.39859370297,0
5430,171,144.8,158.476199458,4.36,1.48367952522,0,18.7238820361,0
5431,169.9,144.2,124.919575439,4.29,0.830860534125,-0.414364640884,-6.4153671714,-0.07
5432,167.5,145.2,122.121664327,4.35,-0.593471810089,0.276243093923,-8.51144765439,-0.01
5433,170.2,144.9,158.476199458,4.23,1.00890207715,0.0690607734807,18.7238820361,-0.13
5434,163.3,140.4,124.919575439,4.29,-3.08605341246,-3.03867403315,-6.4153671714,-0.07
5435,176,144.5,124.919575439,4.44,4.45103857567,-0.207182320442,-6.4153671714,0.08
5436,167.8,146.9,122.121664327,4.27,-0.415430267062,1.45027624309,-8.51144765439,-0.09
5437,158.9,144.5,122.121664327,4.3,-5.69732937685,-0.207182320442,-8.51144765439,-0.06
5438,162.2,143.9,135.295494737,4.35,-3.73887240356,-0.621546961326,1.35784686952,-0.01
5439,166.4,143.7,144.551595951,4.29,-1.24629080119,-0.759668508287,8.29213903749,-0.07
5440,174.4,144.5,135.295494737,4.46,3.50148367953,-0.207182320442,1.35784686952,0.1
5441,164.8,144.4,137.824842105,4.34,-2.19584569733,-0.276243093923,3.25273038909,-0.02
5442,176,144.9,122.121664327,4.53,4.45103857567,0.0690607734807,-8.51144765439,0.17
5443,170.2,144.2,128.393411802,4.46,1.00890207715,-0.414364640884,-3.81291115555,0.1
5444,161.7,146.1,125.070398149,4.31,-4.03560830861,0.897790055249,-6.30237696994,-0.05
5445,164.8,143.9,138.648217105,4.39,-2.19584569733,-0.621546961326,3.86956923748,0.03
5446,162.2,144.4,124.919575439,4.29,-3.73887240356,-0.276243093923,-6.4153671714,-0.07
5447,164.5,144.3,128.393411802,4.42,-2.37388724036,-0.345303867403,-3.81291115555,0.06
5448,168.6,144.9,124.919575439,4.6,0.0593471810089,0.0690607734807,-6.4153671714,0.24
5449,164.6,144.2,158.476199458,4.44,-2.31454005935,-0.414364640884,18.7238820361,0.08
5450,162.6,145.7,138.648217105,4.35,-3.50148367953,0.621546961326,3.86956923748,-0.01
5451,164.8,144.2,128.393411802,4.35,-2.19584569733,-0.414364640884,-3.81291115555,-0.01
5452,176,143.4,158.476199458,4.27,4.45103857567,-0.966850828729,18.7238820361,-0.09
5453,162.9,143.7,135.295494737,4.32,-3.3234421365,-0.759668508287,1.35784686952,-0.04
5454,158.9,144.8,122.121664327,4.45,-5.69732937685,0,-8.51144765439,0.09
5455,185.7,144.2,144.551595951,4.36,10.2077151335,-0.414364640884,8.29213903749,0
5456,174.3,143.6,122.121664327,4.32,3.44213649852,-0.828729281768,-8.51144765439,-0.04
5457,176,143.9,124.919575439,4.44,4.45103857567,-0.621546961326,-6.4153671714,0.08
5458,174.5,147.1,135.295494737,4.6,3.56083086053,1.58839779006,1.35784686952,0.24
5459,161.3,144.5,137.824842105,4.6,-4.27299703264,-0.207182320442,3.25273038909,0.24
5460,199.6,140.4,122.121664327,4.39,18.4569732938,-3.03867403315,-8.51144765439,0.03
5461,167.5,143.9,122.121664327,4.47,-0.593471810089,-0.621546961326,-8.51144765439,0.11
5462,170.8,147.5,128.393411802,4.47,1.3649851632,1.86464088398,-3.81291115555,0.11
5463,165.4,144.2,136.684714833,4.44,-1.83976261128,-0.414364640884,2.39859370297,0.08
5464,166.2,144.3,158.476199458,4.47,-1.3649851632,-0.345303867403,18.7238820361,0.11
5465,185.7,143.5,136.684714833,4.27,10.2077151335,-0.897790055249,2.39859370297,-0.09
5466,167.5,147.9,144.551595951,4.55,-0.593471810089,2.1408839779,8.29213903749,0.19
5467,173.2,144,137.824842105,4.32,2.78931750742,-0.552486187845,3.25273038909,-0.04
5468,192.4,147.9,125.070398149,4.44,14.1839762611,2.1408839779,-6.30237696994,0.08
5469,174.1,143.9,136.684714833,4.32,3.3234421365,-0.621546961326,2.39859370297,-0.04
5470,199.6,144.8,122.121664327,4.32,18.4569732938,0,-8.51144765439,-0.04
5471,146.7,144.2,122.121664327,4.35,-12.9376854599,-0.414364640884,-8.51144765439,-0.01
5472,146.7,143.7,137.824842105,4.41,-12.9376854599,-0.759668508287,3.25273038909,0.05
5473,158.9,144.8,158.476199458,4.41,-5.69732937685,0,18.7238820361,0.05
5474,167.8,147.9,138.648217105,4.55,-0.415430267062,2.1408839779,3.86956923748,0.19
5475,192.4,144.8,122.121664327,4.3,14.1839762611,0,-8.51144765439,-0.06
5476,176,143.9,158.476199458,4.6,4.45103857567,-0.621546961326,18.7238820361,0.24
5477,198.1,144.2,125.070398149,4.21,17.5667655786,-0.414364640884,-6.30237696994,-0.15
5478,170.1,144.2,135.295494737,4.29,0.949554896142,-0.414364640884,1.35784686952,-0.07
5479,174.5,144.9,135.295494737,4.3,3.56083086053,0.0690607734807,1.35784686952,-0.06
5480,173,144.5,125.070398149,4.42,2.6706231454,-0.207182320442,-6.30237696994,0.06
5481,176,144.4,124.919575439,4.24,4.45103857567,-0.276243093923,-6.4153671714,-0.12
5482,167.5,141.4,135.295494737,4.3,-0.593471810089,-2.34806629834,1.35784686952,-0.06
5483,174.1,144,128.393411802,4.46,3.3234421365,-0.552486187845,-3.81291115555,0.1
5484,199.9,143.6,158.476199458,4.3,18.6350148368,-0.828729281768,18.7238820361,-0.06
5485,170,144.8,124.919575439,4.29,0.890207715134,0,-6.4153671714,-0.07
5486,167.3,143.9,128.393411802,4.29,-0.712166172107,-0.621546961326,-3.81291115555,-0.07
5487,153.9,143.4,135.295494737,4.39,-8.6646884273,-0.966850828729,1.35784686952,0.03
5488,168.2,144.4,137.824842105,4.6,-0.178041543027,-0.276243093923,3.25273038909,0.24
5489,173.2,141,158.476199458,4.47,2.78931750742,-2.62430939227,18.7238820361,0.11
5490,169.4,145.8,122.121664327,4.6,0.53412462908,0.690607734807,-8.51144765439,0.24
5491,176,144.9,122.121664327,4.23,4.45103857567,0.0690607734807,-8.51144765439,-0.13
5492,192.4,144.8,158.476199458,4.23,14.1839762611,0,18.7238820361,-0.13
5493,169.2,147.5,136.684714833,4.44,0.415430267062,1.86464088398,2.39859370297,0.08
5494,174.6,140.4,125.070398149,4.47,3.62017804154,-3.03867403315,-6.30237696994,0.11
5495,171.8,141,124.919575439,4.44,1.95845697329,-2.62430939227,-6.4153671714,0.08
5496,199.9,143.8,128.393411802,4.46,18.6350148368,-0.690607734807,-3.81291115555,0.1
5497,165.4,143.2,136.684714833,4.47,-1.83976261128,-1.10497237569,2.39859370297,0.11
5498,173.2,143.2,122.121664327,4.55,2.78931750742,-1.10497237569,-8.51144765439,0.19
5499,164.5,144.4,135.295494737,4.24,-2.37388724036,-0.276243093923,1.35784686952,-0.12
5500,170.2,145.7,124.919575439,4.55,1.00890207715,0.621546961326,-6.4153671714,0.19
5501,173,144.2,135.295494737,4.41,2.6706231454,-0.414364640884,1.35784686952,0.05
5502,169.2,144.4,124.919575439,4.3,0.415430267062,-0.276243093923,-6.4153671714,-0.06
5503,169.9,144.8,135.295494737,4.6,0.830860534125,0,1.35784686952,0.24
5504,170.2,144.6,122.121664327,4.24,1.00890207715,-0.138121546961,-8.51144765439,-0.12
5505,174.1,144,128.393411802,4.46,3.3234421365,-0.552486187845,-3.81291115555,0.1
5506,170.1,144.9,125.070398149,4.42,0.949554896142,0.0690607734807,-6.30237696994,0.06
5507,199.6,144,135.295494737,4.46,18.4569732938,-0.552486187845,1.35784686952,0.1
5508,158.9,145.8,125.070398149,4.53,-5.69732937685,0.690607734807,-6.30237696994,0.17
5509,168.4,144,136.684714833,4.53,-0.0593471810089,-0.552486187845,2.39859370297,0.17
5510,166.1,143.4,137.824842105,4.46,-1.42433234421,-0.966850828729,3.25273038909,0.1
5511,170,141,138.648217105,4.41,0.890207715134,-2.62430939227,3.86956923748,0.05
5512,198.1,143.7,124.919575439,4.27,17.5667655786,-0.759668508287,-6.4153671714,-0.09
5513,162.9,144.2,124.919575439,4.47,-3.3234421365,-0.414364640884,-6.4153671714,0.11
5514,165.5,145.1,124.919575439,4.24,-1.78041543027,0.207182320442,-6.4153671714,-0.12
5515,161.3,142.8,138.648217105,4.46,-4.27299703264,-1.38121546961,3.86956923748,0.1
5516,173.3,144.2,158.476199458,4.35,2.84866468843,-0.414364640884,18.7238820361,-0.01
5517,170.1,144,125.070398149,4.47,0.949554896142,-0.552486187845,-6.30237696994,0.11
5518,165,143.6,125.070398149,4.6,-2.07715133531,-0.828729281768,-6.30237696994,0.24
5519,153.9,146.1,122.121664327,4.47,-8.6646884273,0.897790055249,-8.51144765439,0.11
5520,185.7,147.1,144.551595951,4.35,10.2077151335,1.58839779006,8.29213903749,-0.01
5521,173.3,144.2,125.070398149,4.6,2.84866468843,-0.414364640884,-6.30237696994,0.24
5522,164.5,143.3,128.393411802,4.32,-2.37388724036,-1.03591160221,-3.81291115555,-0.04
5523,176,144.2,128.393411802,4.32,4.45103857567,-0.414364640884,-3.81291115555,-0.04
5524,170.1,144,158.476199458,4.53,0.949554896142,-0.552486187845,18.7238820361,0.17
5525,161.3,144.2,125.070398149,4.32,-4.27299703264,-0.414364640884,-6.30237696994,-0.04
5526,171,143.4,122.121664327,4.41,1.48367952522,-0.966850828729,-8.51144765439,0.05
5527,167.8,143.5,158.476199458,4.23,-0.415430267062,-0.897790055249,18.7238820361,-0.13
5528,164.5,143.3,122.121664327,4.23,-2.37388724036,-1.03591160221,-8.51144765439,-0.13
5529,170.8,144.2,158.476199458,4.46,1.3649851632,-0.414364640884,18.7238820361,0.1
5530,174.5,144.9,135.295494737,4.46,3.56083086053,0.0690607734807,1.35784686952,0.1
5531,190.9,145.1,122.121664327,4.31,13.293768546,0.207182320442,-8.51144765439,-0.05
5532,160.6,148,138.648217105,4.46,-4.6884272997,2.20994475138,3.86956923748,0.1
5533,153.9,143.5,128.393411802,4.55,-8.6646884273,-0.897790055249,-3.81291115555,0.19
5534,162.9,146.3,136.684714833,4.24,-3.3234421365,1.03591160221,2.39859370297,-0.12
5535,171.2,143.6,137.824842105,4.32,1.60237388724,-0.828729281768,3.25273038909,-0.04
5536,170.2,144.5,128.393411802,4.45,1.00890207715,-0.207182320442,-3.81291115555,0.09
5537,176,143.7,124.919575439,4.32,4.45103857567,-0.759668508287,-6.4153671714,-0.04
5538,174.5,144.9,128.393411802,4.3,3.56083086053,0.0690607734807,-3.81291115555,-0.06
5539,164.3,143.7,135.295494737,4.6,-2.49258160237,-0.759668508287,1.35784686952,0.24
5540,167.5,143.3,137.824842105,4.6,-0.593471810089,-1.03591160221,3.25273038909,0.24
5541,199.6,148.6,136.684714833,4.6,18.4569732938,2.62430939227,2.39859370297,0.24
5542,174.4,144.6,136.684714833,4.23,3.50148367953,-0.138121546961,2.39859370297,-0.13
5543,199.6,144.7,138.648217105,4.46,18.4569732938,-0.0690607734807,3.86956923748,0.1
5544,164.8,145.2,137.824842105,4.41,-2.19584569733,0.276243093923,3.25273038909,0.05
5545,198.1,144.5,124.919575439,4.6,17.5667655786,-0.207182320442,-6.4153671714,0.24
5546,170.8,141,124.919575439,4.35,1.3649851632,-2.62430939227,-6.4153671714,-0.01
5547,176,143.8,158.476199458,4.55,4.45103857567,-0.690607734807,18.7238820361,0.19
5548,153.9,144.4,128.393411802,4.53,-8.6646884273,-0.276243093923,-3.81291115555,0.17
5549,146.7,144.3,138.648217105,4.46,-12.9376854599,-0.345303867403,3.86956923748,0.1
5550,171.2,144.6,122.121664327,4.6,1.60237388724,-0.138121546961,-8.51144765439,0.24
5551,165.4,144.8,122.121664327,4.36,-1.83976261128,0,-8.51144765439,0
5552,162.9,148.6,135.295494737,4.6,-3.3234421365,2.62430939227,1.35784686952,0.24
5553,169.9,144.6,144.551595951,4.35,0.830860534125,-0.138121546961,8.29213903749,-0.01
5554,173,144.8,125.070398149,4.35,2.6706231454,0,-6.30237696994,-0.01
5555,166.9,142.8,138.648217105,4.36,-0.949554896142,-1.38121546961,3.86956923748,0
5556,199.9,143.8,137.824842105,4.44,18.6350148368,-0.690607734807,3.25273038909,0.08
5557,174.6,144.5,135.295494737,4.6,3.62017804154,-0.207182320442,1.35784686952,0.24
5558,159.8,144.9,138.648217105,4.23,-5.16320474777,0.0690607734807,3.86956923748,-0.13
5559,165.5,143.9,137.824842105,4.34,-1.78041543027,-0.621546961326,3.25273038909,-0.02
5560,166.9,143.5,158.476199458,4.44,-0.949554896142,-0.897790055249,18.7238820361,0.08
5561,175.7,140.4,138.648217105,4.3,4.27299703264,-3.03867403315,3.86956923748,-0.06
5562,168.2,145.2,158.476199458,4.55,-0.178041543027,0.276243093923,18.7238820361,0.19
5563,167.8,143.9,158.476199458,4.24,-0.415430267062,-0.621546961326,18.7238820361,-0.12
5564,199.9,144.5,138.648217105,4.45,18.6350148368,-0.207182320442,3.86956923748,0.09
5565,174.5,144.6,138.648217105,4.32,3.56083086053,-0.138121546961,3.86956923748,-0.04
5566,171.2,143.4,125.070398149,4.29,1.60237388724,-0.966850828729,-6.30237696994,-0.07
5567,164.5,144.5,136.684714833,4.44,-2.37388724036,-0.207182320442,2.39859370297,0.08
5568,168.2,148,135.295494737,4.6,-0.178041543027,2.20994475138,1.35784686952,0.24
5569,173,143.9,128.393411802,4.45,2.6706231454,-0.621546961326,-3.81291115555,0.09
5570,168.3,144.5,128.393411802,4.47,-0.118694362018,-0.207182320442,-3.81291115555,0.11
5571,199.6,144.8,138.648217105,4.3,18.4569732938,0,3.86956923748,-0.06
5572,165,148,125.070398149,4.47,-2.07715133531,2.20994475138,-6.30237696994,0.11
5573,160.6,144.2,128.393411802,4.44,-4.6884272997,-0.414364640884,-3.81291115555,0.08
5574,167.4,143.4,122.121664327,4.53,-0.652818991098,-0.966850828729,-8.51144765439,0.17
5575,165.4,142.8,136.684714833,4.32,-1.83976261128,-1.38121546961,2.39859370297,-0.04
5576,172.4,144,137.824842105,4.39,2.31454005935,-0.552486187845,3.25273038909,0.03
5577,168.7,144.6,125.070398149,4.29,0.118694362018,-0.138121546961,-6.30237696994,-0.07
5578,169.3,147.5,158.476199458,4.47,0.474777448071,1.86464088398,18.7238820361,0.11
5579,165,146.1,122.121664327,4.42,-2.07715133531,0.897790055249,-8.51144765439,0.06
5580,162.9,144.4,137.824842105,4.41,-3.3234421365,-0.276243093923,3.25273038909,0.05
5581,166.1,140.4,128.393411802,4.39,-1.42433234421,-3.03867403315,-3.81291115555,0.03
5582,165,144,158.476199458,4.38,-2.07715133531,-0.552486187845,18.7238820361,0.02
5583,199.6,144.8,125.070398149,4.35,18.4569732938,0,-6.30237696994,-0.01
5584,173,144.8,125.070398149,4.55,2.6706231454,0,-6.30237696994,0.19
5585,168.6,143.9,136.684714833,4.46,0.0593471810089,-0.621546961326,2.39859370297,0.1
5586,174.4,145.7,137.824842105,4.3,3.50148367953,0.621546961326,3.25273038909,-0.06
5587,153.9,143.8,125.070398149,4.29,-8.6646884273,-0.690607734807,-6.30237696994,-0.07
5588,170.1,144.5,122.121664327,4.53,0.949554896142,-0.207182320442,-8.51144765439,0.17
5589,169.8,143.4,135.295494737,4.39,0.771513353116,-0.966850828729,1.35784686952,0.03
5590,166.4,143.2,125.070398149,4.44,-1.24629080119,-1.10497237569,-6.30237696994,0.08
5591,165.5,144.9,128.393411802,4.39,-1.78041543027,0.0690607734807,-3.81291115555,0.03
5592,165.5,143.4,137.824842105,4.6,-1.78041543027,-0.966850828729,3.25273038909,0.24
5593,176.2,147.9,122.121664327,4.46,4.56973293769,2.1408839779,-8.51144765439,0.1
5594,162.2,147.3,138.648217105,4.34,-3.73887240356,1.72651933702,3.86956923748,-0.02
5595,161.3,143.5,136.684714833,4.45,-4.27299703264,-0.897790055249,2.39859370297,0.09
5596,166.2,144.8,138.648217105,4.45,-1.3649851632,0,3.86956923748,0.09
5597,146.7,147.3,137.824842105,4.35,-12.9376854599,1.72651933702,3.25273038909,-0.01
5598,165.4,146.3,124.919575439,4.27,-1.83976261128,1.03591160221,-6.4153671714,-0.09
5599,174.4,143.5,138.648217105,4.42,3.50148367953,-0.897790055249,3.86956923748,0.06
5600,161.7,144.5,158.476199458,4.42,-4.03560830861,-0.207182320442,18.7238820361,0.06
5601,164.5,143.8,135.295494737,4.45,-2.37388724036,-0.690607734807,1.35784686952,0.09
5602,163.7,146.3,136.684714833,4.21,-2.84866468843,1.03591160221,2.39859370297,-0.15
5603,174.4,144.9,128.393411802,4.35,3.50148367953,0.0690607734807,-3.81291115555,-0.01
5604,173.2,143.9,137.824842105,4.3,2.78931750742,-0.621546961326,3.25273038909,-0.06
5605,160.6,143.9,137.824842105,4.46,-4.6884272997,-0.621546961326,3.25273038909,0.1
5606,161.3,144.8,124.919575439,4.46,-4.27299703264,0,-6.4153671714,0.1
5607,168.4,143.3,144.551595951,4.44,-0.0593471810089,-1.03591160221,8.29213903749,0.08
5608,167.8,144.4,136.684714833,4.6,-0.415430267062,-0.276243093923,2.39859370297,0.24
5609,165.5,145.2,138.648217105,4.42,-1.78041543027,0.276243093923,3.86956923748,0.06
5610,185.7,144.2,136.684714833,4.6,10.2077151335,-0.414364640884,2.39859370297,0.24
5611,168.2,143.7,122.121664327,4.3,-0.178041543027,-0.759668508287,-8.51144765439,-0.06
5612,160.6,144.3,144.551595951,4.32,-4.6884272997,-0.345303867403,8.29213903749,-0.04
5613,162.6,143.5,124.919575439,4.36,-3.50148367953,-0.897790055249,-6.4153671714,0
5614,169.4,144.9,144.551595951,4.29,0.53412462908,0.0690607734807,8.29213903749,-0.07
5615,174.6,143.2,144.551595951,4.44,3.62017804154,-1.10497237569,8.29213903749,0.08
5616,166.2,144.4,137.824842105,4.47,-1.3649851632,-0.276243093923,3.25273038909,0.11
5617,172.4,145.1,124.919575439,4.47,2.31454005935,0.207182320442,-6.4153671714,0.11
5618,170.2,143.7,122.121664327,4.47,1.00890207715,-0.759668508287,-8.51144765439,0.11
5619,185.7,144.8,135.295494737,4.32,10.2077151335,0,1.35784686952,-0.04
5620,167.9,146.3,128.393411802,4.53,-0.356083086053,1.03591160221,-3.81291115555,0.17
5621,164.3,144,137.824842105,4.3,-2.49258160237,-0.552486187845,3.25273038909,-0.06
5622,164.3,148.6,125.070398149,4.31,-2.49258160237,2.62430939227,-6.30237696994,-0.05
5623,169.9,144.8,125.070398149,4.32,0.830860534125,0,-6.30237696994,-0.04
5624,170.2,143.8,135.295494737,4.38,1.00890207715,-0.690607734807,1.35784686952,0.02
5625,164.3,148.6,138.648217105,4.35,-2.49258160237,2.62430939227,3.86956923748,-0.01
5626,164.5,144,158.476199458,4.46,-2.37388724036,-0.552486187845,18.7238820361,0.1
5627,160.6,146.9,122.121664327,4.29,-4.6884272997,1.45027624309,-8.51144765439,-0.07
5628,163.7,143.6,122.121664327,4.38,-2.84866468843,-0.828729281768,-8.51144765439,0.02
5629,174.6,143.8,124.919575439,4.41,3.62017804154,-0.690607734807,-6.4153671714,0.05
5630,199.9,144.8,124.919575439,4.45,18.6350148368,0,-6.4153671714,0.09
5631,161.3,143.9,124.919575439,4.44,-4.27299703264,-0.621546961326,-6.4153671714,0.08
5632,153.9,144.8,128.393411802,4.47,-8.6646884273,0,-3.81291115555,0.11
5633,161.3,144.8,124.919575439,4.3,-4.27299703264,0,-6.4153671714,-0.06
5634,164.5,144.8,122.121664327,4.32,-2.37388724036,0,-8.51144765439,-0.04
5635,167.4,143.5,128.393411802,4.55,-0.652818991098,-0.897790055249,-3.81291115555,0.19
5636,167.6,143.3,137.824842105,4.44,-0.53412462908,-1.03591160221,3.25273038909,0.08
5637,174.4,144.1,138.648217105,4.46,3.50148367953,-0.483425414365,3.86956923748,0.1
5638,165.4,144.6,138.648217105,4.46,-1.83976261128,-0.138121546961,3.86956923748,0.1
5639,167.8,141.6,124.919575439,4.41,-0.415430267062,-2.20994475138,-6.4153671714,0.05
5640,164.8,145.1,137.824842105,4.44,-2.19584569733,0.207182320442,3.25273038909,0.08
5641,173.2,144,122.121664327,4.3,2.78931750742,-0.552486187845,-8.51144765439,-0.06
5642,168.2,146.9,144.551595951,4.35,-0.178041543027,1.45027624309,8.29213903749,-0.01
5643,166.4,144.2,144.551595951,4.35,-1.24629080119,-0.414364640884,8.29213903749,-0.01
5644,168.4,143.6,136.684714833,4.53,-0.0593471810089,-0.828729281768,2.39859370297,0.17
5645,161.7,141,137.824842105,4.46,-4.03560830861,-2.62430939227,3.25273038909,0.1
5646,170.3,143.3,124.919575439,4.3,1.06824925816,-1.03591160221,-6.4153671714,-0.06
5647,163.7,145.8,144.551595951,4.42,-2.84866468843,0.690607734807,8.29213903749,0.06
5648,169.3,144.8,135.295494737,4.23,0.474777448071,0,1.35784686952,-0.13
5649,169.8,143.7,136.684714833,4.3,0.771513353116,-0.759668508287,2.39859370297,-0.06
5650,185.7,144.5,128.393411802,4.6,10.2077151335,-0.207182320442,-3.81291115555,0.24
5651,169.2,147.9,124.919575439,4.21,0.415430267062,2.1408839779,-6.4153671714,-0.15
5652,177.5,144.1,128.393411802,4.21,5.3412462908,-0.483425414365,-3.81291115555,-0.15
5653,170.6,141.6,137.824842105,4.55,1.24629080119,-2.20994475138,3.25273038909,0.19
5654,168.6,148,136.684714833,4.27,0.0593471810089,2.20994475138,2.39859370297,-0.09
5655,167.6,144,138.648217105,4.32,-0.53412462908,-0.552486187845,3.86956923748,-0.04
5656,158.9,144.6,135.295494737,4.41,-5.69732937685,-0.138121546961,1.35784686952,0.05
5657,198.1,144.8,125.070398149,4.45,17.5667655786,0,-6.30237696994,0.09
5658,176,144.7,158.476199458,4.32,4.45103857567,-0.0690607734807,18.7238820361,-0.04
5659,168.2,143.2,122.121664327,4.36,-0.178041543027,-1.10497237569,-8.51144765439,0
5660,167.6,146.9,125.070398149,4.39,-0.53412462908,1.45027624309,-6.30237696994,0.03
5661,199.6,143.2,135.295494737,4.35,18.4569732938,-1.10497237569,1.35784686952,-0.01
5662,185.7,141.6,135.295494737,4.44,10.2077151335,-2.20994475138,1.35784686952,0.08
5663,158.9,144,125.070398149,4.47,-5.69732937685,-0.552486187845,-6.30237696994,0.11
5664,164.6,144.2,122.121664327,4.29,-2.31454005935,-0.414364640884,-8.51144765439,-0.07
5665,153.9,145.2,136.684714833,4.46,-8.6646884273,0.276243093923,2.39859370297,0.1
5666,168.3,144,122.121664327,4.46,-0.118694362018,-0.552486187845,-8.51144765439,0.1
5667,174.1,144.8,135.295494737,4.6,3.3234421365,0,1.35784686952,0.24
5668,161.3,146.3,122.121664327,4.24,-4.27299703264,1.03591160221,-8.51144765439,-0.12
5669,176.2,144,137.824842105,4.23,4.56973293769,-0.552486187845,3.25273038909,-0.13
5670,174.4,144.5,138.648217105,4.44,3.50148367953,-0.207182320442,3.86956923748,0.08
5671,161.7,148,125.070398149,4.35,-4.03560830861,2.20994475138,-6.30237696994,-0.01
5672,172.4,143.5,136.684714833,4.6,2.31454005935,-0.897790055249,2.39859370297,0.24
5673,163.7,145.2,158.476199458,4.3,-2.84866468843,0.276243093923,18.7238820361,-0.06
5674,161.3,144.8,135.295494737,4.27,-4.27299703264,0,1.35784686952,-0.09
5675,170.1,144.4,158.476199458,4.3,0.949554896142,-0.276243093923,18.7238820361,-0.06
5676,167.5,144.9,122.121664327,4.41,-0.593471810089,0.0690607734807,-8.51144765439,0.05
5677,160.6,143.9,136.684714833,4.39,-4.6884272997,-0.621546961326,2.39859370297,0.03
5678,164.6,148.6,138.648217105,4.41,-2.31454005935,2.62430939227,3.86956923748,0.05
5679,176.6,145.2,136.684714833,4.35,4.80712166172,0.276243093923,2.39859370297,-0.01
5680,176,144.5,135.295494737,4.39,4.45103857567,-0.207182320442,1.35784686952,0.03
5681,169.4,143.7,144.551595951,4.27,0.53412462908,-0.759668508287,8.29213903749,-0.09
5682,159.8,146.1,128.393411802,4.45,-5.16320474777,0.897790055249,-3.81291115555,0.09
5683,163.7,144.8,122.121664327,4.32,-2.84866468843,0,-8.51144765439,-0.04
5684,170.2,144,136.684714833,4.46,1.00890207715,-0.552486187845,2.39859370297,0.1
5685,165,144.2,135.295494737,4.53,-2.07715133531,-0.414364640884,1.35784686952,0.17
5686,168.7,144.5,122.121664327,4.47,0.118694362018,-0.207182320442,-8.51144765439,0.11
5687,163.3,141,135.295494737,4.29,-3.08605341246,-2.62430939227,1.35784686952,-0.07
5688,169.2,145.8,158.476199458,4.47,0.415430267062,0.690607734807,18.7238820361,0.11
5689,164.5,144.4,135.295494737,4.23,-2.37388724036,-0.276243093923,1.35784686952,-0.13
5690,165.4,144.6,138.648217105,4.46,-1.83976261128,-0.138121546961,3.86956923748,0.1
5691,168.6,147.9,136.684714833,4.24,0.0593471810089,2.1408839779,2.39859370297,-0.12
5692,168.2,145.1,137.824842105,4.3,-0.178041543027,0.207182320442,3.25273038909,-0.06
5693,162.9,144.3,122.121664327,4.47,-3.3234421365,-0.345303867403,-8.51144765439,0.11
5694,163.7,143.2,158.476199458,4.42,-2.84866468843,-1.10497237569,18.7238820361,0.06
5695,169.8,143.4,136.684714833,4.23,0.771513353116,-0.966850828729,2.39859370297,-0.13
5696,164.8,144.5,135.295494737,4.34,-2.19584569733,-0.207182320442,1.35784686952,-0.02
5697,169.9,144,144.551595951,4.24,0.830860534125,-0.552486187845,8.29213903749,-0.12
5698,185.7,144.2,137.824842105,4.55,10.2077151335,-0.414364640884,3.25273038909,0.19
5699,168.6,144.6,144.551595951,4.34,0.0593471810089,-0.138121546961,8.29213903749,-0.02
5700,162.6,140.4,136.684714833,4.53,-3.50148367953,-3.03867403315,2.39859370297,0.17
5701,162.6,144.4,137.824842105,4.53,-3.50148367953,-0.276243093923,3.25273038909,0.17
5702,176.6,144.7,122.121664327,4.32,4.80712166172,-0.0690607734807,-8.51144765439,-0.04
5703,167.8,140.4,136.684714833,4.41,-0.415430267062,-3.03867403315,2.39859370297,0.05
5704,169.4,144.8,122.121664327,4.3,0.53412462908,0,-8.51144765439,-0.06
5705,168.3,144,158.476199458,4.34,-0.118694362018,-0.552486187845,18.7238820361,-0.02
5706,160.6,143.2,144.551595951,4.46,-4.6884272997,-1.10497237569,8.29213903749,0.1
5707,164.5,147.3,136.684714833,4.21,-2.37388724036,1.72651933702,2.39859370297,-0.15
5708,175.7,143.9,122.121664327,4.39,4.27299703264,-0.621546961326,-8.51144765439,0.03
5709,174.1,143.3,137.824842105,4.36,3.3234421365,-1.03591160221,3.25273038909,0
5710,164.5,145.7,136.684714833,4.35,-2.37388724036,0.621546961326,2.39859370297,-0.01
5711,163.7,143.4,136.684714833,4.55,-2.84866468843,-0.966850828729,2.39859370297,0.19
5712,170.3,144.9,138.648217105,4.55,1.06824925816,0.0690607734807,3.86956923748,0.19
5713,162.2,143.7,122.121664327,4.3,-3.73887240356,-0.759668508287,-8.51144765439,-0.06
5714,169.2,144.4,144.551595951,4.3,0.415430267062,-0.276243093923,8.29213903749,-0.06
5715,170.2,143.6,136.684714833,4.32,1.00890207715,-0.828729281768,2.39859370297,-0.04
5716,174.1,143.8,125.070398149,4.34,3.3234421365,-0.690607734807,-6.30237696994,-0.02
5717,174.5,144.3,138.648217105,4.39,3.56083086053,-0.345303867403,3.86956923748,0.03
5718,166.1,143.7,144.551595951,4.38,-1.42433234421,-0.759668508287,8.29213903749,0.02
5719,173.2,143.8,158.476199458,4.46,2.78931750742,-0.690607734807,18.7238820361,0.1
5720,163.7,143.7,144.551595951,4.24,-2.84866468843,-0.759668508287,8.29213903749,-0.12
5721,168.2,143.3,136.684714833,4.55,-0.178041543027,-1.03591160221,2.39859370297,0.19
5722,164.8,143.6,137.824842105,4.29,-2.19584569733,-0.828729281768,3.25273038909,-0.07
5723,166.9,144.2,124.919575439,4.32,-0.949554896142,-0.414364640884,-6.4153671714,-0.04
5724,161.7,143.9,128.393411802,4.3,-4.03560830861,-0.621546961326,-3.81291115555,-0.06
5725,156.1,146.1,125.070398149,4.38,-7.3590504451,0.897790055249,-6.30237696994,0.02
5726,176,148,124.919575439,4.47,4.45103857567,2.20994475138,-6.4153671714,0.11
5727,192.4,143.9,128.393411802,4.6,14.1839762611,-0.621546961326,-3.81291115555,0.24
5728,162.6,143.7,125.070398149,4.47,-3.50148367953,-0.759668508287,-6.30237696994,0.11
5729,173.2,144.2,125.070398149,4.3,2.78931750742,-0.414364640884,-6.30237696994,-0.06
5730,174.1,145.1,137.824842105,4.32,3.3234421365,0.207182320442,3.25273038909,-0.04
5731,161.7,144.5,136.684714833,4.55,-4.03560830861,-0.207182320442,2.39859370297,0.19
5732,170,143.3,144.551595951,4.32,0.890207715134,-1.03591160221,8.29213903749,-0.04
5733,167.9,143.5,138.648217105,4.3,-0.356083086053,-0.897790055249,3.86956923748,-0.06
5734,170.8,144.7,125.070398149,4.3,1.3649851632,-0.0690607734807,-6.30237696994,-0.06
5735,168.6,140.4,122.121664327,4.3,0.0593471810089,-3.03867403315,-8.51144765439,-0.06
5736,169.2,145.5,125.070398149,4.35,0.415430267062,0.483425414365,-6.30237696994,-0.01
5737,192.4,145.2,122.121664327,4.42,14.1839762611,0.276243093923,-8.51144765439,0.06
5738,176,144,138.648217105,4.23,4.45103857567,-0.552486187845,3.86956923748,-0.13
5739,199.9,147.9,122.121664327,4.27,18.6350148368,2.1408839779,-8.51144765439,-0.09
5740,174.1,145.1,124.919575439,4.3,3.3234421365,0.207182320442,-6.4153671714,-0.06
5741,158.9,143.9,144.551595951,4.24,-5.69732937685,-0.621546961326,8.29213903749,-0.12
5742,169.8,144,122.121664327,4.44,0.771513353116,-0.552486187845,-8.51144765439,0.08
5743,167.6,144.5,128.393411802,4.42,-0.53412462908,-0.207182320442,-3.81291115555,0.06
5744,168.6,144,158.476199458,4.46,0.0593471810089,-0.552486187845,18.7238820361,0.1
5745,173.3,141,135.295494737,4.47,2.84866468843,-2.62430939227,1.35784686952,0.11
5746,164.3,144.5,135.295494737,4.35,-2.49258160237,-0.207182320442,1.35784686952,-0.01
5747,167.3,144.1,124.919575439,4.36,-0.712166172107,-0.483425414365,-6.4153671714,0
5748,170.1,144.5,137.824842105,4.34,0.949554896142,-0.207182320442,3.25273038909,-0.02
5749,170.6,144.5,128.393411802,4.46,1.24629080119,-0.207182320442,-3.81291115555,0.1
5750,173.3,144.1,128.393411802,4.35,2.84866468843,-0.483425414365,-3.81291115555,-0.01
5751,167.4,144.8,135.295494737,4.41,-0.652818991098,0,1.35784686952,0.05
5752,166.9,143.2,135.295494737,4.3,-0.949554896142,-1.10497237569,1.35784686952,-0.06
5753,165.4,146.3,144.551595951,4.45,-1.83976261128,1.03591160221,8.29213903749,0.09
5754,171.2,144.2,125.070398149,4.46,1.60237388724,-0.414364640884,-6.30237696994,0.1
5755,169.2,147.3,135.295494737,4.44,0.415430267062,1.72651933702,1.35784686952,0.08
5756,165,144.6,137.824842105,4.29,-2.07715133531,-0.138121546961,3.25273038909,-0.07
5757,171,143.6,125.070398149,4.46,1.48367952522,-0.828729281768,-6.30237696994,0.1
5758,185.7,145.1,158.476199458,4.35,10.2077151335,0.207182320442,18.7238820361,-0.01
5759,146.7,143.4,158.476199458,4.32,-12.9376854599,-0.966850828729,18.7238820361,-0.04
5760,173,143.3,122.121664327,4.27,2.6706231454,-1.03591160221,-8.51144765439,-0.09
5761,167.5,142.8,135.295494737,4.46,-0.593471810089,-1.38121546961,1.35784686952,0.1
5762,176,144.8,135.295494737,4.3,4.45103857567,0,1.35784686952,-0.06
5763,185.7,143.7,135.295494737,4.3,10.2077151335,-0.759668508287,1.35784686952,-0.06
5764,164.5,146.1,136.684714833,4.32,-2.37388724036,0.897790055249,2.39859370297,-0.04
5765,176,147.9,136.684714833,4.23,4.45103857567,2.1408839779,2.39859370297,-0.13
5766,168.3,143.2,138.648217105,4.35,-0.118694362018,-1.10497237569,3.86956923748,-0.01
5767,171,145.1,144.551595951,4.41,1.48367952522,0.207182320442,8.29213903749,0.05
5768,165,145.1,137.824842105,4.46,-2.07715133531,0.207182320442,3.25273038909,0.1
5769,174.1,144.6,135.295494737,4.41,3.3234421365,-0.138121546961,1.35784686952,0.05
5770,164.3,145.1,124.919575439,4.3,-2.49258160237,0.207182320442,-6.4153671714,-0.06
5771,175.7,144.2,144.551595951,4.47,4.27299703264,-0.414364640884,8.29213903749,0.11
5772,162.2,143.9,128.393411802,4.45,-3.73887240356,-0.621546961326,-3.81291115555,0.09
5773,170.6,144.6,158.476199458,4.41,1.24629080119,-0.138121546961,18.7238820361,0.05
5774,173.3,144.6,128.393411802,4.44,2.84866468843,-0.138121546961,-3.81291115555,0.08
5775,167.6,144,144.551595951,4.36,-0.53412462908,-0.552486187845,8.29213903749,0
5776,170.2,144,136.684714833,4.38,1.00890207715,-0.552486187845,2.39859370297,0.02
5777,169.4,143.4,124.919575439,4.3,0.53412462908,-0.966850828729,-6.4153671714,-0.06
5778,173,144.5,136.684714833,4.53,2.6706231454,-0.207182320442,2.39859370297,0.17
5779,164.5,146.9,128.393411802,4.41,-2.37388724036,1.45027624309,-3.81291115555,0.05
5780,168.6,143.8,144.551595951,4.6,0.0593471810089,-0.690607734807,8.29213903749,0.24
5781,166.2,143.6,137.824842105,4.44,-1.3649851632,-0.828729281768,3.25273038909,0.08
5782,160.6,144.5,128.393411802,4.24,-4.6884272997,-0.207182320442,-3.81291115555,-0.12
5783,166.2,144.7,135.295494737,4.41,-1.3649851632,-0.0690607734807,1.35784686952,0.05
5784,161.3,146.1,128.393411802,4.41,-4.27299703264,0.897790055249,-3.81291115555,0.05
5785,163.3,144.4,158.476199458,4.38,-3.08605341246,-0.276243093923,18.7238820361,0.02
5786,168.4,145.1,125.070398149,4.32,-0.0593471810089,0.207182320442,-6.30237696994,-0.04
5787,165.5,144.2,138.648217105,4.6,-1.78041543027,-0.414364640884,3.86956923748,0.24
5788,160.6,145.1,128.393411802,4.32,-4.6884272997,0.207182320442,-3.81291115555,-0.04
5789,168.6,144,128.393411802,4.24,0.0593471810089,-0.552486187845,-3.81291115555,-0.12
5790,162.2,144.1,158.476199458,4.29,-3.73887240356,-0.483425414365,18.7238820361,-0.07
5791,164.5,143.6,122.121664327,4.46,-2.37388724036,-0.828729281768,-8.51144765439,0.1
5792,163.3,144.6,137.824842105,4.53,-3.08605341246,-0.138121546961,3.25273038909,0.17
5793,166.9,140.4,144.551595951,4.36,-0.949554896142,-3.03867403315,8.29213903749,0
5794,170.2,141,144.551595951,4.32,1.00890207715,-2.62430939227,8.29213903749,-0.04
5795,167.6,147.3,124.919575439,4.39,-0.53412462908,1.72651933702,-6.4153671714,0.03
5796,162.9,144.6,124.919575439,4.38,-3.3234421365,-0.138121546961,-6.4153671714,0.02
5797,174.6,145.1,144.551595951,4.23,3.62017804154,0.207182320442,8.29213903749,-0.13
5798,165.4,144.8,125.070398149,4.24,-1.83976261128,0,-6.30237696994,-0.12
5799,170.2,144.2,158.476199458,4.47,1.00890207715,-0.414364640884,18.7238820361,0.11
5800,153.9,144.2,138.648217105,4.38,-8.6646884273,-0.414364640884,3.86956923748,0.02
5801,163.7,144.2,138.648217105,4.47,-2.84866468843,-0.414364640884,3.86956923748,0.11
5802,168.2,143.7,138.648217105,4.34,-0.178041543027,-0.759668508287,3.86956923748,-0.02
5803,174.3,140.4,135.295494737,4.27,3.44213649852,-3.03867403315,1.35784686952,-0.09
5804,176,147.9,144.551595951,4.36,4.45103857567,2.1408839779,8.29213903749,0
5805,170.3,143.4,128.393411802,4.29,1.06824925816,-0.966850828729,-3.81291115555,-0.07
5806,162.2,143.5,124.919575439,4.44,-3.73887240356,-0.897790055249,-6.4153671714,0.08
5807,170.2,144.9,135.295494737,4.24,1.00890207715,0.0690607734807,1.35784686952,-0.12
5808,199.9,144.8,124.919575439,4.42,18.6350148368,0,-6.4153671714,0.06
5809,168.7,143.7,158.476199458,4.39,0.118694362018,-0.759668508287,18.7238820361,0.03
5810,169.4,143.8,124.919575439,4.6,0.53412462908,-0.690607734807,-6.4153671714,0.24
5811,165.4,144.2,135.295494737,4.47,-1.83976261128,-0.414364640884,1.35784686952,0.11
5812,176.6,144.1,128.393411802,4.47,4.80712166172,-0.483425414365,-3.81291115555,0.11
5813,167.8,144.4,124.919575439,4.6,-0.415430267062,-0.276243093923,-6.4153671714,0.24
5814,164.5,145.1,128.393411802,4.27,-2.37388724036,0.207182320442,-3.81291115555,-0.09
5815,169.8,144,137.824842105,4.27,0.771513353116,-0.552486187845,3.25273038909,-0.09
5816,153.9,144.8,144.551595951,4.27,-8.6646884273,0,8.29213903749,-0.09
5817,172.4,143.8,137.824842105,4.27,2.31454005935,-0.690607734807,3.25273038909,-0.09
5818,166.9,143.5,125.070398149,4.32,-0.949554896142,-0.897790055249,-6.30237696994,-0.04
5819,177.5,144,122.121664327,4.41,5.3412462908,-0.552486187845,-8.51144765439,0.05
5820,168.7,144.7,137.824842105,4.39,0.118694362018,-0.0690607734807,3.25273038909,0.03
5821,167.3,145.2,136.684714833,4.6,-0.712166172107,0.276243093923,2.39859370297,0.24
5822,176.6,145.5,135.295494737,4.34,4.80712166172,0.483425414365,1.35784686952,-0.02
5823,165.7,143.8,122.121664327,4.31,-1.66172106825,-0.690607734807,-8.51144765439,-0.05
5824,172.4,143.9,135.295494737,4.47,2.31454005935,-0.621546961326,1.35784686952,0.11
5825,168.6,144.4,122.121664327,4.32,0.0593471810089,-0.276243093923,-8.51144765439,-0.04
5826,198.1,144.3,138.648217105,4.45,17.5667655786,-0.345303867403,3.86956923748,0.09
5827,174.3,144.6,136.684714833,4.38,3.44213649852,-0.138121546961,2.39859370297,0.02
5828,161.6,143.7,128.393411802,4.55,-4.09495548961,-0.759668508287,-3.81291115555,0.19
5829,167.3,146.1,136.684714833,4.24,-0.712166172107,0.897790055249,2.39859370297,-0.12
5830,167.5,145.2,135.295494737,4.23,-0.593471810089,0.276243093923,1.35784686952,-0.13
5831,174.5,144.5,124.919575439,4.24,3.56083086053,-0.207182320442,-6.4153671714,-0.12
5832,165.4,144.8,122.121664327,4.6,-1.83976261128,0,-8.51144765439,0.24
5833,172.4,144.5,124.919575439,4.34,2.31454005935,-0.207182320442,-6.4153671714,-0.02
5834,171.2,144.3,124.919575439,4.32,1.60237388724,-0.345303867403,-6.4153671714,-0.04
5835,164.3,144.7,135.295494737,4.27,-2.49258160237,-0.0690607734807,1.35784686952,-0.09
5836,176.6,148,158.476199458,4.6,4.80712166172,2.20994475138,18.7238820361,0.24
5837,176.6,144.9,158.476199458,4.29,4.80712166172,0.0690607734807,18.7238820361,-0.07
5838,176.2,140.4,122.121664327,4.34,4.56973293769,-3.03867403315,-8.51144765439,-0.02
5839,170.2,144.2,137.824842105,4.46,1.00890207715,-0.414364640884,3.25273038909,0.1
5840,169.3,143.4,136.684714833,4.27,0.474777448071,-0.966850828729,2.39859370297,-0.09
5841,164.5,145.7,144.551595951,4.46,-2.37388724036,0.621546961326,8.29213903749,0.1
5842,169.3,142.6,124.919575439,4.3,0.474777448071,-1.51933701657,-6.4153671714,-0.06
5843,166.4,145.8,125.070398149,4.27,-1.24629080119,0.690607734807,-6.30237696994,-0.09
5844,171,143.9,138.648217105,4.47,1.48367952522,-0.621546961326,3.86956923748,0.11
5845,162.2,144,128.393411802,4.24,-3.73887240356,-0.552486187845,-3.81291115555,-0.12
5846,168.6,144.8,144.551595951,4.44,0.0593471810089,0,8.29213903749,0.08
5847,176,141,135.295494737,4.46,4.45103857567,-2.62430939227,1.35784686952,0.1
5848,170.1,147.1,138.648217105,4.3,0.949554896142,1.58839779006,3.86956923748,-0.06
5849,165,144.4,138.648217105,4.45,-2.07715133531,-0.276243093923,3.86956923748,0.09
5850,164.5,144.2,137.824842105,4.6,-2.37388724036,-0.414364640884,3.25273038909,0.24
5851,176,144.8,128.393411802,4.29,4.45103857567,0,-3.81291115555,-0.07
5852,165.4,146.1,124.919575439,4.6,-1.83976261128,0.897790055249,-6.4153671714,0.24
5853,167.9,144.8,136.684714833,4.3,-0.356083086053,0,2.39859370297,-0.06
5854,164.3,145.1,158.476199458,4.46,-2.49258160237,0.207182320442,18.7238820361,0.1
5855,164.3,141,144.551595951,4.39,-2.49258160237,-2.62430939227,8.29213903749,0.03
5856,176.6,143.5,136.684714833,4.46,4.80712166172,-0.897790055249,2.39859370297,0.1
5857,168.3,143.6,124.919575439,4.46,-0.118694362018,-0.828729281768,-6.4153671714,0.1
5858,165,141,138.648217105,4.23,-2.07715133531,-2.62430939227,3.86956923748,-0.13
5859,170.2,143.4,138.648217105,4.3,1.00890207715,-0.966850828729,3.86956923748,-0.06
5860,165.4,144.5,124.919575439,4.41,-1.83976261128,-0.207182320442,-6.4153671714,0.05
5861,172.4,143.7,144.551595951,4.29,2.31454005935,-0.759668508287,8.29213903749,-0.07
5862,167.4,144.2,122.121664327,4.53,-0.652818991098,-0.414364640884,-8.51144765439,0.17
5863,176,148,125.070398149,4.38,4.45103857567,2.20994475138,-6.30237696994,0.02
5864,174.3,144.9,124.919575439,4.29,3.44213649852,0.0690607734807,-6.4153671714,-0.07
5865,168.4,144.5,125.070398149,4.44,-0.0593471810089,-0.207182320442,-6.30237696994,0.08
5866,168.6,144.5,125.070398149,4.24,0.0593471810089,-0.207182320442,-6.30237696994,-0.12
5867,175.7,143.6,128.393411802,4.34,4.27299703264,-0.828729281768,-3.81291115555,-0.02
5868,175.7,145.1,144.551595951,4.6,4.27299703264,0.207182320442,8.29213903749,0.24
5869,168.6,140.4,128.393411802,4.32,0.0593471810089,-3.03867403315,-3.81291115555,-0.04
5870,168.4,144.5,144.551595951,4.46,-0.0593471810089,-0.207182320442,8.29213903749,0.1
5871,198.1,143.7,124.919575439,4.31,17.5667655786,-0.759668508287,-6.4153671714,-0.05
5872,167.8,144.3,128.393411802,4.35,-0.415430267062,-0.345303867403,-3.81291115555,-0.01
5873,168.2,144,125.070398149,4.29,-0.178041543027,-0.552486187845,-6.30237696994,-0.07
5874,164.8,148.6,135.295494737,4.6,-2.19584569733,2.62430939227,1.35784686952,0.24
5875,167.5,144.4,136.684714833,4.34,-0.593471810089,-0.276243093923,2.39859370297,-0.02
5876,171,143.3,122.121664327,4.29,1.48367952522,-1.03591160221,-8.51144765439,-0.07
5877,170,145.8,135.295494737,4.3,0.890207715134,0.690607734807,1.35784686952,-0.06
5878,174.6,145.2,135.295494737,4.47,3.62017804154,0.276243093923,1.35784686952,0.11
5879,169.2,141,125.070398149,4.55,0.415430267062,-2.62430939227,-6.30237696994,0.19
5880,170,144.4,158.476199458,4.55,0.890207715134,-0.276243093923,18.7238820361,0.19
5881,175.7,146.1,137.824842105,4.35,4.27299703264,0.897790055249,3.25273038909,-0.01
5882,164.6,143.4,124.919575439,4.29,-2.31454005935,-0.966850828729,-6.4153671714,-0.07
5883,171.2,144.9,137.824842105,4.6,1.60237388724,0.0690607734807,3.25273038909,0.24
5884,168.3,144.6,125.070398149,4.47,-0.118694362018,-0.138121546961,-6.30237696994,0.11
5885,166.2,144,124.919575439,4.35,-1.3649851632,-0.552486187845,-6.4153671714,-0.01
5886,164.5,147.1,125.070398149,4.47,-2.37388724036,1.58839779006,-6.30237696994,0.11
5887,146.7,144,135.295494737,4.3,-12.9376854599,-0.552486187845,1.35784686952,-0.06
5888,161.6,144.5,138.648217105,4.36,-4.09495548961,-0.207182320442,3.86956923748,0
5889,167.1,144.2,128.393411802,4.3,-0.830860534125,-0.414364640884,-3.81291115555,-0.06
5890,158.9,144.6,128.393411802,4.38,-5.69732937685,-0.138121546961,-3.81291115555,0.02
5891,158.9,144,136.684714833,4.29,-5.69732937685,-0.552486187845,2.39859370297,-0.07
5892,156.1,144.5,137.824842105,4.53,-7.3590504451,-0.207182320442,3.25273038909,0.17
5893,164.8,142.8,122.121664327,4.39,-2.19584569733,-1.38121546961,-8.51144765439,0.03
5894,166.9,147.5,158.476199458,4.6,-0.949554896142,1.86464088398,18.7238820361,0.24
5895,170.8,143.9,158.476199458,4.27,1.3649851632,-0.621546961326,18.7238820361,-0.09
5896,168.3,143.7,158.476199458,4.24,-0.118694362018,-0.759668508287,18.7238820361,-0.12
5897,167.6,140.4,138.648217105,4.6,-0.53412462908,-3.03867403315,3.86956923748,0.24
5898,190.9,141.4,137.824842105,4.36,13.293768546,-2.34806629834,3.25273038909,0
5899,174.6,147.3,136.684714833,4.3,3.62017804154,1.72651933702,2.39859370297,-0.06
5900,173,144.8,124.919575439,4.45,2.6706231454,0,-6.4153671714,0.09
5901,171,143.3,136.684714833,4.29,1.48367952522,-1.03591160221,2.39859370297,-0.07
5902,146.7,147.5,122.121664327,4.44,-12.9376854599,1.86464088398,-8.51144765439,0.08
5903,173.3,143.8,138.648217105,4.42,2.84866468843,-0.690607734807,3.86956923748,0.06
5904,170.2,143.2,128.393411802,4.47,1.00890207715,-1.10497237569,-3.81291115555,0.11
5905,159.8,143.3,137.824842105,4.55,-5.16320474777,-1.03591160221,3.25273038909,0.19
5906,161.3,143.8,138.648217105,4.6,-4.27299703264,-0.690607734807,3.86956923748,0.24
5907,169.9,144.8,137.824842105,4.55,0.830860534125,0,3.25273038909,0.19
5908,167.3,146.1,128.393411802,4.53,-0.712166172107,0.897790055249,-3.81291115555,0.17
5909,175.7,143.2,122.121664327,4.36,4.27299703264,-1.10497237569,-8.51144765439,0
5910,164.5,144.7,128.393411802,4.29,-2.37388724036,-0.0690607734807,-3.81291115555,-0.07
5911,167.5,143.9,136.684714833,4.44,-0.593471810089,-0.621546961326,2.39859370297,0.08
5912,167.3,144.8,135.295494737,4.34,-0.712166172107,0,1.35784686952,-0.02
5913,169.8,146.3,124.919575439,4.34,0.771513353116,1.03591160221,-6.4153671714,-0.02
5914,170,143.3,144.551595951,4.29,0.890207715134,-1.03591160221,8.29213903749,-0.07
5915,164.5,145.7,138.648217105,4.3,-2.37388724036,0.621546961326,3.86956923748,-0.06
5916,163.3,144.3,137.824842105,4.3,-3.08605341246,-0.345303867403,3.25273038909,-0.06
5917,169.3,147.1,137.824842105,4.3,0.474777448071,1.58839779006,3.25273038909,-0.06
5918,168.3,144.5,128.393411802,4.46,-0.118694362018,-0.207182320442,-3.81291115555,0.1
5919,171.2,145.5,158.476199458,4.46,1.60237388724,0.483425414365,18.7238820361,0.1
5920,171.8,144.5,128.393411802,4.47,1.95845697329,-0.207182320442,-3.81291115555,0.11
5921,198.1,144.2,128.393411802,4.45,17.5667655786,-0.414364640884,-3.81291115555,0.09
5922,170,144.5,125.070398149,4.29,0.890207715134,-0.207182320442,-6.30237696994,-0.07
5923,153.9,143.3,136.684714833,4.35,-8.6646884273,-1.03591160221,2.39859370297,-0.01
5924,176,144.8,138.648217105,4.41,4.45103857567,0,3.86956923748,0.05
5925,164.5,144.5,124.919575439,4.55,-2.37388724036,-0.207182320442,-6.4153671714,0.19
5926,172.4,142.8,124.919575439,4.6,2.31454005935,-1.38121546961,-6.4153671714,0.24
5927,171,141.6,138.648217105,4.41,1.48367952522,-2.20994475138,3.86956923748,0.05
5928,192.4,143.3,136.684714833,4.3,14.1839762611,-1.03591160221,2.39859370297,-0.06
5929,177.5,143.9,128.393411802,4.35,5.3412462908,-0.621546961326,-3.81291115555,-0.01
5930,199.9,144.3,136.684714833,4.44,18.6350148368,-0.345303867403,2.39859370297,0.08
5931,153.9,144.8,125.070398149,4.27,-8.6646884273,0,-6.30237696994,-0.09
5932,156.1,144.8,122.121664327,4.35,-7.3590504451,0,-8.51144765439,-0.01
5933,169.3,144.9,137.824842105,4.6,0.474777448071,0.0690607734807,3.25273038909,0.24
5934,176.6,144.6,124.919575439,4.24,4.80712166172,-0.138121546961,-6.4153671714,-0.12
5935,167.3,144.6,128.393411802,4.27,-0.712166172107,-0.138121546961,-3.81291115555,-0.09
5936,158.9,143.2,137.824842105,4.53,-5.69732937685,-1.10497237569,3.25273038909,0.17
5937,167.8,145.1,158.476199458,4.6,-0.415430267062,0.207182320442,18.7238820361,0.24
5938,177.5,147.3,125.070398149,4.3,5.3412462908,1.72651933702,-6.30237696994,-0.06
5939,167.6,145.2,136.684714833,4.3,-0.53412462908,0.276243093923,2.39859370297,-0.06
5940,146.7,142.8,136.684714833,4.47,-12.9376854599,-1.38121546961,2.39859370297,0.11
5941,163.3,143.8,128.393411802,4.35,-3.08605341246,-0.690607734807,-3.81291115555,-0.01
5942,162.2,144.5,124.919575439,4.47,-3.73887240356,-0.207182320442,-6.4153671714,0.11
5943,170.3,143.5,122.121664327,4.39,1.06824925816,-0.897790055249,-8.51144765439,0.03
5944,173,143.9,136.684714833,4.32,2.6706231454,-0.621546961326,2.39859370297,-0.04
5945,162.6,144.4,135.295494737,4.32,-3.50148367953,-0.276243093923,1.35784686952,-0.04
5946,153.9,144.8,144.551595951,4.24,-8.6646884273,0,8.29213903749,-0.12
5947,161.3,147.5,128.393411802,4.41,-4.27299703264,1.86464088398,-3.81291115555,0.05
5948,176.2,148.6,144.551595951,4.29,4.56973293769,2.62430939227,8.29213903749,-0.07
5949,165.4,144.6,124.919575439,4.29,-1.83976261128,-0.138121546961,-6.4153671714,-0.07
5950,171.8,144.5,136.684714833,4.35,1.95845697329,-0.207182320442,2.39859370297,-0.01
5951,146.7,144.4,136.684714833,4.44,-12.9376854599,-0.276243093923,2.39859370297,0.08
5952,153.9,146.1,136.684714833,4.35,-8.6646884273,0.897790055249,2.39859370297,-0.01
5953,169.4,144.8,124.919575439,4.32,0.53412462908,0,-6.4153671714,-0.04
5954,153.9,146.9,135.295494737,4.24,-8.6646884273,1.45027624309,1.35784686952,-0.12
5955,163.7,144.6,125.070398149,4.38,-2.84866468843,-0.138121546961,-6.30237696994,0.02
5956,168.2,143.8,136.684714833,4.35,-0.178041543027,-0.690607734807,2.39859370297,-0.01
5957,168.6,143.7,128.393411802,4.39,0.0593471810089,-0.759668508287,-3.81291115555,0.03
5958,166.9,144,135.295494737,4.39,-0.949554896142,-0.552486187845,1.35784686952,0.03
5959,170,143.3,136.684714833,4.34,0.890207715134,-1.03591160221,2.39859370297,-0.02
5960,170.3,147.1,135.295494737,4.47,1.06824925816,1.58839779006,1.35784686952,0.11
5961,166.9,144.4,128.393411802,4.34,-0.949554896142,-0.276243093923,-3.81291115555,-0.02
5962,168.6,143.4,136.684714833,4.27,0.0593471810089,-0.966850828729,2.39859370297,-0.09
5963,162.2,145.2,125.070398149,4.46,-3.73887240356,0.276243093923,-6.30237696994,0.1
5964,170.3,144,137.824842105,4.53,1.06824925816,-0.552486187845,3.25273038909,0.17
5965,168.2,144.4,144.551595951,4.32,-0.178041543027,-0.276243093923,8.29213903749,-0.04
5966,168.4,144,125.070398149,4.35,-0.0593471810089,-0.552486187845,-6.30237696994,-0.01
5967,167.9,145.8,137.824842105,4.29,-0.356083086053,0.690607734807,3.25273038909,-0.07
5968,164.5,144.6,124.919575439,4.6,-2.37388724036,-0.138121546961,-6.4153671714,0.24
5969,167.5,146.1,124.919575439,4.47,-0.593471810089,0.897790055249,-6.4153671714,0.11
5970,176.2,143.4,138.648217105,4.6,4.56973293769,-0.966850828729,3.86956923748,0.24
5971,198.1,143.7,128.393411802,4.27,17.5667655786,-0.759668508287,-3.81291115555,-0.09
5972,167.8,143.4,125.070398149,4.53,-0.415430267062,-0.966850828729,-6.30237696994,0.17
5973,174.5,144.8,136.684714833,4.47,3.56083086053,0,2.39859370297,0.11
5974,161.3,144.4,136.684714833,4.38,-4.27299703264,-0.276243093923,2.39859370297,0.02
5975,162.9,143.2,144.551595951,4.47,-3.3234421365,-1.10497237569,8.29213903749,0.11
5976,164.5,143.9,122.121664327,4.46,-2.37388724036,-0.621546961326,-8.51144765439,0.1
5977,146.7,141.4,137.824842105,4.3,-12.9376854599,-2.34806629834,3.25273038909,-0.06
5978,169.2,144.2,122.121664327,4.55,0.415430267062,-0.414364640884,-8.51144765439,0.19
5979,175.7,144.2,137.824842105,4.41,4.27299703264,-0.414364640884,3.25273038909,0.05
5980,169.3,143.3,122.121664327,4.31,0.474777448071,-1.03591160221,-8.51144765439,-0.05
5981,170.6,143.5,158.476199458,4.35,1.24629080119,-0.897790055249,18.7238820361,-0.01
5982,190.9,144.9,124.919575439,4.46,13.293768546,0.0690607734807,-6.4153671714,0.1
5983,170.2,144.9,138.648217105,4.31,1.00890207715,0.0690607734807,3.86956923748,-0.05
5984,168.6,144.8,135.295494737,4.3,0.0593471810089,0,1.35784686952,-0.06
5985,164.5,143.2,137.824842105,4.53,-2.37388724036,-1.10497237569,3.25273038909,0.17
5986,171.2,144.8,144.551595951,4.23,1.60237388724,0,8.29213903749,-0.13
5987,199.9,141,144.551595951,4.36,18.6350148368,-2.62430939227,8.29213903749,0
5988,169.3,144.5,138.648217105,4.35,0.474777448071,-0.207182320442,3.86956923748,-0.01
5989,170.1,144.2,135.295494737,4.44,0.949554896142,-0.414364640884,1.35784686952,0.08
5990,166.2,148.6,122.121664327,4.35,-1.3649851632,2.62430939227,-8.51144765439,-0.01
5991,172.4,140.4,122.121664327,4.53,2.31454005935,-3.03867403315,-8.51144765439,0.17
5992,167.4,144.8,158.476199458,4.45,-0.652818991098,0,18.7238820361,0.09
5993,164.6,144.2,128.393411802,4.32,-2.31454005935,-0.414364640884,-3.81291115555,-0.04
5994,146.7,144,144.551595951,4.32,-12.9376854599,-0.552486187845,8.29213903749,-0.04
5995,176,148,122.121664327,4.46,4.45103857567,2.20994475138,-8.51144765439,0.1
5996,199.9,143.5,138.648217105,4.34,18.6350148368,-0.897790055249,3.86956923748,-0.02
5997,165.4,143.7,144.551595951,4.27,-1.83976261128,-0.759668508287,8.29213903749,-0.09
5998,162.9,144.8,122.121664327,4.29,-3.3234421365,0,-8.51144765439,-0.07
5999,171.2,143.3,136.684714833,4.31,1.60237388724,-1.03591160221,2.39859370297,-0.05
6000,166.1,144.4,158.476199458,4.23,-1.42433234421,-0.276243093923,18.7238820361,-0.13
6001,161.3,143.2,124.919575439,4.21,-4.27299703264,-1.10497237569,-6.4153671714,-0.15
6002,169.2,144.5,136.684714833,4.6,0.415430267062,-0.207182320442,2.39859370297,0.24
6003,199.6,144.6,122.121664327,4.41,18.4569732938,-0.138121546961,-8.51144765439,0.05
6004,146.7,142.6,124.919575439,4.41,-12.9376854599,-1.51933701657,-6.4153671714,0.05
6005,165.4,144.5,144.551595951,4.31,-1.83976261128,-0.207182320442,8.29213903749,-0.05
6006,167.9,144.2,144.551595951,4.36,-0.356083086053,-0.414364640884,8.29213903749,0
6007,170.1,144.6,138.648217105,4.36,0.949554896142,-0.138121546961,3.86956923748,0
6008,174.5,143.6,135.295494737,4.39,3.56083086053,-0.828729281768,1.35784686952,0.03
6009,167.5,145.1,135.295494737,4.47,-0.593471810089,0.207182320442,1.35784686952,0.11
6010,165.5,145.7,138.648217105,4.47,-1.78041543027,0.621546961326,3.86956923748,0.11
6011,168.2,145.2,158.476199458,4.6,-0.178041543027,0.276243093923,18.7238820361,0.24
6012,192.4,144.1,136.684714833,4.45,14.1839762611,-0.483425414365,2.39859370297,0.09
6013,171.2,141,144.551595951,4.35,1.60237388724,-2.62430939227,8.29213903749,-0.01
6014,172.4,143.5,144.551595951,4.21,2.31454005935,-0.897790055249,8.29213903749,-0.15
6015,167.9,143.3,125.070398149,4.35,-0.356083086053,-1.03591160221,-6.30237696994,-0.01
6016,160.6,144.9,158.476199458,4.6,-4.6884272997,0.0690607734807,18.7238820361,0.24
6017,177.5,143.4,122.121664327,4.32,5.3412462908,-0.966850828729,-8.51144765439,-0.04
6018,163.7,144.3,138.648217105,4.31,-2.84866468843,-0.345303867403,3.86956923748,-0.05
6019,174.5,145.2,138.648217105,4.36,3.56083086053,0.276243093923,3.86956923748,0
6020,169.4,144.5,124.919575439,4.23,0.53412462908,-0.207182320442,-6.4153671714,-0.13
6021,185.7,144.8,138.648217105,4.36,10.2077151335,0,3.86956923748,0
6022,169.2,144.2,122.121664327,4.3,0.415430267062,-0.414364640884,-8.51144765439,-0.06
6023,168.6,144.2,136.684714833,4.23,0.0593471810089,-0.414364640884,2.39859370297,-0.13
6024,176.2,141,128.393411802,4.44,4.56973293769,-2.62430939227,-3.81291115555,0.08
6025,146.7,143.9,138.648217105,4.27,-12.9376854599,-0.621546961326,3.86956923748,-0.09
6026,168.4,144.7,125.070398149,4.39,-0.0593471810089,-0.0690607734807,-6.30237696994,0.03
6027,167.4,144,137.824842105,4.46,-0.652818991098,-0.552486187845,3.25273038909,0.1
6028,198.1,143.4,136.684714833,4.6,17.5667655786,-0.966850828729,2.39859370297,0.24
6029,168.3,145.2,125.070398149,4.31,-0.118694362018,0.276243093923,-6.30237696994,-0.05
6030,167.4,144.2,137.824842105,4.21,-0.652818991098,-0.414364640884,3.25273038909,-0.15
6031,168.4,143.8,124.919575439,4.55,-0.0593471810089,-0.690607734807,-6.4153671714,0.19
6032,175.7,144.8,158.476199458,4.46,4.27299703264,0,18.7238820361,0.1
6033,190.9,146.9,135.295494737,4.3,13.293768546,1.45027624309,1.35784686952,-0.06
6034,167.1,143.2,136.684714833,4.21,-0.830860534125,-1.10497237569,2.39859370297,-0.15
6035,167.6,142.6,144.551595951,4.3,-0.53412462908,-1.51933701657,8.29213903749,-0.06
6036,174.3,144.4,135.295494737,4.42,3.44213649852,-0.276243093923,1.35784686952,0.06
6037,174.4,144.7,125.070398149,4.45,3.50148367953,-0.0690607734807,-6.30237696994,0.09
6038,167.8,144.9,144.551595951,4.31,-0.415430267062,0.0690607734807,8.29213903749,-0.05
6039,167.6,144.5,137.824842105,4.23,-0.53412462908,-0.207182320442,3.25273038909,-0.13
6040,170.6,145.7,144.551595951,4.31,1.24629080119,0.621546961326,8.29213903749,-0.05
6041,163.3,144.5,158.476199458,4.32,-3.08605341246,-0.207182320442,18.7238820361,-0.04
6042,174.3,144.2,125.070398149,4.44,3.44213649852,-0.414364640884,-6.30237696994,0.08
6043,161.6,142.6,136.684714833,4.41,-4.09495548961,-1.51933701657,2.39859370297,0.05
6044,163.7,144.1,158.476199458,4.46,-2.84866468843,-0.483425414365,18.7238820361,0.1
6045,166.4,143.7,138.648217105,4.3,-1.24629080119,-0.759668508287,3.86956923748,-0.06
6046,162.6,143.5,122.121664327,4.29,-3.50148367953,-0.897790055249,-8.51144765439,-0.07
6047,166.1,144.2,136.684714833,4.31,-1.42433234421,-0.414364640884,2.39859370297,-0.05
6048,169.9,143.3,158.476199458,4.41,0.830860534125,-1.03591160221,18.7238820361,0.05
6049,174.5,144.9,125.070398149,4.36,3.56083086053,0.0690607734807,-6.30237696994,0
6050,177.5,144.5,125.070398149,4.32,5.3412462908,-0.207182320442,-6.30237696994,-0.04
6051,170.2,144.9,136.684714833,4.21,1.00890207715,0.0690607734807,2.39859370297,-0.15
6052,170.2,143.2,128.393411802,4.42,1.00890207715,-1.10497237569,-3.81291115555,0.06
6053,162.6,144.9,144.551595951,4.47,-3.50148367953,0.0690607734807,8.29213903749,0.11
6054,168.3,144.2,136.684714833,4.44,-0.118694362018,-0.414364640884,2.39859370297,0.08
6055,163.7,144.8,144.551595951,4.32,-2.84866468843,0,8.29213903749,-0.04
6056,164.3,144.9,136.684714833,4.6,-2.49258160237,0.0690607734807,2.39859370297,0.24
6057,165.5,143.8,144.551595951,4.3,-1.78041543027,-0.690607734807,8.29213903749,-0.06
6058,176,145.2,128.393411802,4.44,4.45103857567,0.276243093923,-3.81291115555,0.08
6059,174.4,144.8,135.295494737,4.3,3.50148367953,0,1.35784686952,-0.06
6060,174.5,144.7,124.919575439,4.21,3.56083086053,-0.0690607734807,-6.4153671714,-0.15
6061,172.4,144.4,128.393411802,4.44,2.31454005935,-0.276243093923,-3.81291115555,0.08
6062,159.8,148,138.648217105,4.41,-5.16320474777,2.20994475138,3.86956923748,0.05
6063,185.7,147.5,136.684714833,4.41,10.2077151335,1.86464088398,2.39859370297,0.05
6064,166.9,144.2,158.476199458,4.3,-0.949554896142,-0.414364640884,18.7238820361,-0.06
6065,166.9,144.8,128.393411802,4.41,-0.949554896142,0,-3.81291115555,0.05
6066,169.2,144.5,124.919575439,4.29,0.415430267062,-0.207182320442,-6.4153671714,-0.07
6067,161.6,143.2,137.824842105,4.35,-4.09495548961,-1.10497237569,3.25273038909,-0.01
6068,166.9,144,136.684714833,4.23,-0.949554896142,-0.552486187845,2.39859370297,-0.13
6069,163.7,143.5,138.648217105,4.3,-2.84866468843,-0.897790055249,3.86956923748,-0.06
6070,171,143.8,137.824842105,4.42,1.48367952522,-0.690607734807,3.25273038909,0.06
6071,163.7,144.6,135.295494737,4.6,-2.84866468843,-0.138121546961,1.35784686952,0.24
6072,169.9,145.2,122.121664327,4.44,0.830860534125,0.276243093923,-8.51144765439,0.08
6073,176,143.6,128.393411802,4.27,4.45103857567,-0.828729281768,-3.81291115555,-0.09
6074,167.8,144.6,137.824842105,4.21,-0.415430267062,-0.138121546961,3.25273038909,-0.15
6075,176,144.5,144.551595951,4.21,4.45103857567,-0.207182320442,8.29213903749,-0.15
6076,168.2,144.3,137.824842105,4.3,-0.178041543027,-0.345303867403,3.25273038909,-0.06
6077,165.5,143.8,136.684714833,4.3,-1.78041543027,-0.690607734807,2.39859370297,-0.06
6078,171,145.2,158.476199458,4.55,1.48367952522,0.276243093923,18.7238820361,0.19
6079,174.6,144.7,144.551595951,4.32,3.62017804154,-0.0690607734807,8.29213903749,-0.04
6080,169.2,144,124.919575439,4.34,0.415430267062,-0.552486187845,-6.4153671714,-0.02
6081,167.9,140.4,144.551595951,4.55,-0.356083086053,-3.03867403315,8.29213903749,0.19
6082,174.3,146.1,124.919575439,4.44,3.44213649852,0.897790055249,-6.4153671714,0.08
6083,174.3,145.2,138.648217105,4.46,3.44213649852,0.276243093923,3.86956923748,0.1
6084,169.8,145.2,138.648217105,4.32,0.771513353116,0.276243093923,3.86956923748,-0.04
6085,169.4,144.5,144.551595951,4.46,0.53412462908,-0.207182320442,8.29213903749,0.1
6086,160.6,145.7,122.121664327,4.38,-4.6884272997,0.621546961326,-8.51144765439,0.02
6087,199.6,147.5,135.295494737,4.38,18.4569732938,1.86464088398,1.35784686952,0.02
6088,153.9,145.7,137.824842105,4.46,-8.6646884273,0.621546961326,3.25273038909,0.1
6089,171.8,143.6,125.070398149,4.3,1.95845697329,-0.828729281768,-6.30237696994,-0.06
6090,176.2,145.2,158.476199458,4.6,4.56973293769,0.276243093923,18.7238820361,0.24
6091,167.8,143.4,138.648217105,4.41,-0.415430267062,-0.966850828729,3.86956923748,0.05
6092,176,144.3,122.121664327,4.34,4.45103857567,-0.345303867403,-8.51144765439,-0.02
6093,168.4,141.4,125.070398149,4.31,-0.0593471810089,-2.34806629834,-6.30237696994,-0.05
6094,173,141.6,128.393411802,4.21,2.6706231454,-2.20994475138,-3.81291115555,-0.15
6095,174.5,144,144.551595951,4.34,3.56083086053,-0.552486187845,8.29213903749,-0.02
6096,175.7,143.2,122.121664327,4.35,4.27299703264,-1.10497237569,-8.51144765439,-0.01
6097,146.7,141.4,136.684714833,4.27,-12.9376854599,-2.34806629834,2.39859370297,-0.09
6098,161.6,146.3,124.919575439,4.23,-4.09495548961,1.03591160221,-6.4153671714,-0.13
6099,167.8,144.4,144.551595951,4.41,-0.415430267062,-0.276243093923,8.29213903749,0.05
6100,164.6,144.2,125.070398149,4.53,-2.31454005935,-0.414364640884,-6.30237696994,0.17
6101,170.8,140.4,128.393411802,4.35,1.3649851632,-3.03867403315,-3.81291115555,-0.01
6102,170.1,141.4,124.919575439,4.38,0.949554896142,-2.34806629834,-6.4153671714,0.02
6103,163.7,143.4,122.121664327,4.29,-2.84866468843,-0.966850828729,-8.51144765439,-0.07
6104,199.9,145.2,144.551595951,4.23,18.6350148368,0.276243093923,8.29213903749,-0.13
6105,167.5,144.4,135.295494737,4.6,-0.593471810089,-0.276243093923,1.35784686952,0.24
6106,175.7,144,135.295494737,4.3,4.27299703264,-0.552486187845,1.35784686952,-0.06
6107,173.2,144.1,128.393411802,4.47,2.78931750742,-0.483425414365,-3.81291115555,0.11
6108,166.2,144,138.648217105,4.29,-1.3649851632,-0.552486187845,3.86956923748,-0.07
6109,167.5,144.2,122.121664327,4.44,-0.593471810089,-0.414364640884,-8.51144765439,0.08
6110,162.2,148,135.295494737,4.53,-3.73887240356,2.20994475138,1.35784686952,0.17
6111,174.4,143.6,125.070398149,4.35,3.50148367953,-0.828729281768,-6.30237696994,-0.01
6112,162.6,148.6,135.295494737,4.24,-3.50148367953,2.62430939227,1.35784686952,-0.12
6113,167.5,146.9,125.070398149,4.35,-0.593471810089,1.45027624309,-6.30237696994,-0.01
6114,163.3,144,158.476199458,4.44,-3.08605341246,-0.552486187845,18.7238820361,0.08
6115,171.8,143.6,137.824842105,4.31,1.95845697329,-0.828729281768,3.25273038909,-0.05
6116,168.2,140.4,136.684714833,4.31,-0.178041543027,-3.03867403315,2.39859370297,-0.05
6117,170.1,146.1,136.684714833,4.31,0.949554896142,0.897790055249,2.39859370297,-0.05
6118,168.3,144.6,158.476199458,4.3,-0.118694362018,-0.138121546961,18.7238820361,-0.06
6119,176,144.9,138.648217105,4.32,4.45103857567,0.0690607734807,3.86956923748,-0.04
6120,168.6,145.2,125.070398149,4.32,0.0593471810089,0.276243093923,-6.30237696994,-0.04
6121,165.4,144,137.824842105,4.44,-1.83976261128,-0.552486187845,3.25273038909,0.08
6122,167.8,143.3,144.551595951,4.44,-0.415430267062,-1.03591160221,8.29213903749,0.08
6123,166.4,143.4,158.476199458,4.46,-1.24629080119,-0.966850828729,18.7238820361,0.1
6124,171.2,143.3,135.295494737,4.44,1.60237388724,-1.03591160221,1.35784686952,0.08
6125,164.3,144.8,135.295494737,4.32,-2.49258160237,0,1.35784686952,-0.04
6126,171.8,145.8,135.295494737,4.38,1.95845697329,0.690607734807,1.35784686952,0.02
6127,173.2,148,136.684714833,4.34,2.78931750742,2.20994475138,2.39859370297,-0.02
6128,169.2,143.7,138.648217105,4.47,0.415430267062,-0.759668508287,3.86956923748,0.11
6129,174.5,141,144.551595951,4.3,3.56083086053,-2.62430939227,8.29213903749,-0.06
6130,173,143.8,137.824842105,4.39,2.6706231454,-0.690607734807,3.25273038909,0.03
6131,170.2,144.5,135.295494737,4.3,1.00890207715,-0.207182320442,1.35784686952,-0.06
6132,167.5,143.9,125.070398149,4.47,-0.593471810089,-0.621546961326,-6.30237696994,0.11
6133,175.7,144,135.295494737,4.55,4.27299703264,-0.552486187845,1.35784686952,0.19
6134,174.3,144.8,122.121664327,4.27,3.44213649852,0,-8.51144765439,-0.09
6135,176,144.6,138.648217105,4.47,4.45103857567,-0.138121546961,3.86956923748,0.11
6136,156.1,143.2,136.684714833,4.21,-7.3590504451,-1.10497237569,2.39859370297,-0.15
6137,168.4,143.5,124.919575439,4.32,-0.0593471810089,-0.897790055249,-6.4153671714,-0.04
6138,198.1,143.8,158.476199458,4.41,17.5667655786,-0.690607734807,18.7238820361,0.05
6139,167.9,144.6,144.551595951,4.44,-0.356083086053,-0.138121546961,8.29213903749,0.08
6140,163.3,145.2,128.393411802,4.6,-3.08605341246,0.276243093923,-3.81291115555,0.24
6141,163.7,144.2,138.648217105,4.6,-2.84866468843,-0.414364640884,3.86956923748,0.24
6142,185.7,144.8,158.476199458,4.35,10.2077151335,0,18.7238820361,-0.01
6143,170.2,143.8,138.648217105,4.21,1.00890207715,-0.690607734807,3.86956923748,-0.15
6144,160.6,145.8,136.684714833,4.44,-4.6884272997,0.690607734807,2.39859370297,0.08
6145,174.4,141.4,125.070398149,4.6,3.50148367953,-2.34806629834,-6.30237696994,0.24
6146,160.6,144.4,125.070398149,4.31,-4.6884272997,-0.276243093923,-6.30237696994,-0.05
6147,165.7,144.5,144.551595951,4.38,-1.66172106825,-0.207182320442,8.29213903749,0.02
6148,169.9,144.9,125.070398149,4.39,0.830860534125,0.0690607734807,-6.30237696994,0.03
6149,185.7,142.8,158.476199458,4.21,10.2077151335,-1.38121546961,18.7238820361,-0.15
6150,163.3,145.2,144.551595951,4.41,-3.08605341246,0.276243093923,8.29213903749,0.05
6151,192.4,144.8,124.919575439,4.6,14.1839762611,0,-6.4153671714,0.24
6152,167.5,144,158.476199458,4.36,-0.593471810089,-0.552486187845,18.7238820361,0
6153,166.9,144.2,144.551595951,4.3,-0.949554896142,-0.414364640884,8.29213903749,-0.06
6154,174.4,144.2,122.121664327,4.29,3.50148367953,-0.414364640884,-8.51144765439,-0.07
6155,185.7,148,137.824842105,4.46,10.2077151335,2.20994475138,3.25273038909,0.1
6156,167.5,144.9,125.070398149,4.29,-0.593471810089,0.0690607734807,-6.30237696994,-0.07
6157,165,144.5,124.919575439,4.44,-2.07715133531,-0.207182320442,-6.4153671714,0.08
6158,167.3,144,122.121664327,4.35,-0.712166172107,-0.552486187845,-8.51144765439,-0.01
6159,169.4,147.9,124.919575439,4.46,0.53412462908,2.1408839779,-6.4153671714,0.1
6160,176,142.8,144.551595951,4.3,4.45103857567,-1.38121546961,8.29213903749,-0.06
6161,168.4,144.8,125.070398149,4.34,-0.0593471810089,0,-6.30237696994,-0.02
6162,176,144.2,144.551595951,4.6,4.45103857567,-0.414364640884,8.29213903749,0.24
6163,170.2,145.5,135.295494737,4.29,1.00890207715,0.483425414365,1.35784686952,-0.07
6164,174.4,144.2,128.393411802,4.6,3.50148367953,-0.414364640884,-3.81291115555,0.24
6165,169.2,145.5,138.648217105,4.32,0.415430267062,0.483425414365,3.86956923748,-0.04
6166,170.8,144.2,158.476199458,4.55,1.3649851632,-0.414364640884,18.7238820361,0.19
6167,170,145.2,136.684714833,4.47,0.890207715134,0.276243093923,2.39859370297,0.11
6168,161.3,142.6,136.684714833,4.35,-4.27299703264,-1.51933701657,2.39859370297,-0.01
6169,176,146.3,136.684714833,4.46,4.45103857567,1.03591160221,2.39859370297,0.1
6170,175.7,144.4,137.824842105,4.36,4.27299703264,-0.276243093923,3.25273038909,0
6171,161.6,144,137.824842105,4.47,-4.09495548961,-0.552486187845,3.25273038909,0.11
6172,146.7,144.9,138.648217105,4.42,-12.9376854599,0.0690607734807,3.86956923748,0.06
6173,162.2,144.8,125.070398149,4.41,-3.73887240356,0,-6.30237696994,0.05
6174,169.4,143.9,138.648217105,4.38,0.53412462908,-0.621546961326,3.86956923748,0.02
6175,162.9,144.2,137.824842105,4.3,-3.3234421365,-0.414364640884,3.25273038909,-0.06
6176,199.6,144.5,125.070398149,4.45,18.4569732938,-0.207182320442,-6.30237696994,0.09
6177,168.4,146.1,158.476199458,4.32,-0.0593471810089,0.897790055249,18.7238820361,-0.04
6178,169.2,141,138.648217105,4.6,0.415430267062,-2.62430939227,3.86956923748,0.24
6179,165.4,143.9,128.393411802,4.35,-1.83976261128,-0.621546961326,-3.81291115555,-0.01
6180,164.3,143.8,138.648217105,4.29,-2.49258160237,-0.690607734807,3.86956923748,-0.07
6181,164.8,144.2,136.684714833,4.44,-2.19584569733,-0.414364640884,2.39859370297,0.08
6182,185.7,146.9,136.684714833,4.46,10.2077151335,1.45027624309,2.39859370297,0.1
6183,170.1,143.8,158.476199458,4.35,0.949554896142,-0.690607734807,18.7238820361,-0.01
6184,174.6,143.8,136.684714833,4.24,3.62017804154,-0.690607734807,2.39859370297,-0.12
6185,167.4,141.4,124.919575439,4.35,-0.652818991098,-2.34806629834,-6.4153671714,-0.01
6186,174.5,144.2,124.919575439,4.55,3.56083086053,-0.414364640884,-6.4153671714,0.19
6187,169.2,144,144.551595951,4.44,0.415430267062,-0.552486187845,8.29213903749,0.08
6188,167.8,144.6,138.648217105,4.27,-0.415430267062,-0.138121546961,3.86956923748,-0.09
6189,166.2,144.8,124.919575439,4.42,-1.3649851632,0,-6.4153671714,0.06
6190,165.4,143.9,125.070398149,4.41,-1.83976261128,-0.621546961326,-6.30237696994,0.05
6191,169.8,144.5,125.070398149,4.23,0.771513353116,-0.207182320442,-6.30237696994,-0.13
6192,162.2,145.1,122.121664327,4.29,-3.73887240356,0.207182320442,-8.51144765439,-0.07
6193,170.2,144.5,136.684714833,4.44,1.00890207715,-0.207182320442,2.39859370297,0.08
6194,176,144.2,138.648217105,4.42,4.45103857567,-0.414364640884,3.86956923748,0.06
6195,165.7,148.6,125.070398149,4.41,-1.66172106825,2.62430939227,-6.30237696994,0.05
6196,171.8,148,135.295494737,4.31,1.95845697329,2.20994475138,1.35784686952,-0.05
6197,174.6,143.2,124.919575439,4.35,3.62017804154,-1.10497237569,-6.4153671714,-0.01
6198,161.3,144.5,128.393411802,4.42,-4.27299703264,-0.207182320442,-3.81291115555,0.06
6199,164.5,144.2,144.551595951,4.39,-2.37388724036,-0.414364640884,8.29213903749,0.03
6200,199.9,144.9,125.070398149,4.23,18.6350148368,0.0690607734807,-6.30237696994,-0.13
6201,166.2,143.6,136.684714833,4.46,-1.3649851632,-0.828729281768,2.39859370297,0.1
6202,171,143.9,137.824842105,4.53,1.48367952522,-0.621546961326,3.25273038909,0.17
6203,174.5,145.2,138.648217105,4.38,3.56083086053,0.276243093923,3.86956923748,0.02
6204,170.3,147.3,158.476199458,4.3,1.06824925816,1.72651933702,18.7238820361,-0.06
6205,171.2,144,135.295494737,4.36,1.60237388724,-0.552486187845,1.35784686952,0
6206,164.5,147.5,135.295494737,4.6,-2.37388724036,1.86464088398,1.35784686952,0.24
6207,168.6,144.6,138.648217105,4.3,0.0593471810089,-0.138121546961,3.86956923748,-0.06
6208,170,144.4,137.824842105,4.36,0.890207715134,-0.276243093923,3.25273038909,0
6209,174.5,144,128.393411802,4.45,3.56083086053,-0.552486187845,-3.81291115555,0.09
6210,166.2,144.2,137.824842105,4.41,-1.3649851632,-0.414364640884,3.25273038909,0.05
6211,167.4,145.7,128.393411802,4.3,-0.652818991098,0.621546961326,-3.81291115555,-0.06
6212,174.3,144.6,137.824842105,4.29,3.44213649852,-0.138121546961,3.25273038909,-0.07
6213,198.1,141.6,125.070398149,4.6,17.5667655786,-2.20994475138,-6.30237696994,0.24
6214,168.3,143.4,124.919575439,4.6,-0.118694362018,-0.966850828729,-6.4153671714,0.24
6215,167.5,145.2,135.295494737,4.21,-0.593471810089,0.276243093923,1.35784686952,-0.15
6216,166.2,144.8,122.121664327,4.6,-1.3649851632,0,-8.51144765439,0.24
6217,167.6,147.1,144.551595951,4.41,-0.53412462908,1.58839779006,8.29213903749,0.05
6218,174.6,144.2,158.476199458,4.41,3.62017804154,-0.414364640884,18.7238820361,0.05
6219,166.2,144.8,158.476199458,4.29,-1.3649851632,0,18.7238820361,-0.07
6220,165.4,143.4,124.919575439,4.38,-1.83976261128,-0.966850828729,-6.4153671714,0.02
6221,168.2,144.9,125.070398149,4.41,-0.178041543027,0.0690607734807,-6.30237696994,0.05
6222,174.3,144.5,138.648217105,4.27,3.44213649852,-0.207182320442,3.86956923748,-0.09
6223,169.9,144.3,124.919575439,4.36,0.830860534125,-0.345303867403,-6.4153671714,0
6224,163.7,144.6,128.393411802,4.41,-2.84866468843,-0.138121546961,-3.81291115555,0.05
6225,170.2,143.4,138.648217105,4.3,1.00890207715,-0.966850828729,3.86956923748,-0.06
6226,168.4,143.9,144.551595951,4.42,-0.0593471810089,-0.621546961326,8.29213903749,0.06
6227,168.4,144.7,122.121664327,4.38,-0.0593471810089,-0.0690607734807,-8.51144765439,0.02
6228,168.7,144.8,128.393411802,4.36,0.118694362018,0,-3.81291115555,0
6229,170.6,144.5,137.824842105,4.27,1.24629080119,-0.207182320442,3.25273038909,-0.09
6230,164.3,143.2,136.684714833,4.3,-2.49258160237,-1.10497237569,2.39859370297,-0.06
6231,170.6,148.6,137.824842105,4.3,1.24629080119,2.62430939227,3.25273038909,-0.06
6232,171.2,143.3,125.070398149,4.34,1.60237388724,-1.03591160221,-6.30237696994,-0.02
6233,170.8,145.8,136.684714833,4.35,1.3649851632,0.690607734807,2.39859370297,-0.01
6234,164.5,145.2,138.648217105,4.47,-2.37388724036,0.276243093923,3.86956923748,0.11
6235,170.1,144.2,144.551595951,4.55,0.949554896142,-0.414364640884,8.29213903749,0.19
6236,198.1,144.1,138.648217105,4.3,17.5667655786,-0.483425414365,3.86956923748,-0.06
6237,171.2,145.1,124.919575439,4.42,1.60237388724,0.207182320442,-6.4153671714,0.06
6238,168.7,143.5,125.070398149,4.42,0.118694362018,-0.897790055249,-6.30237696994,0.06
6239,162.9,147.9,158.476199458,4.47,-3.3234421365,2.1408839779,18.7238820361,0.11
6240,170.1,144.2,122.121664327,4.53,0.949554896142,-0.414364640884,-8.51144765439,0.17
6241,170.3,144.5,124.919575439,4.31,1.06824925816,-0.207182320442,-6.4153671714,-0.05
6242,169.4,144.5,125.070398149,4.27,0.53412462908,-0.207182320442,-6.30237696994,-0.09
6243,169.2,147.3,124.919575439,4.39,0.415430267062,1.72651933702,-6.4153671714,0.03
6244,164.5,144.8,144.551595951,4.35,-2.37388724036,0,8.29213903749,-0.01
6245,167.5,143.9,122.121664327,4.55,-0.593471810089,-0.621546961326,-8.51144765439,0.19
6246,164.8,145.2,144.551595951,4.32,-2.19584569733,0.276243093923,8.29213903749,-0.04
6247,171.8,143.7,138.648217105,4.39,1.95845697329,-0.759668508287,3.86956923748,0.03
6248,170,144,158.476199458,4.47,0.890207715134,-0.552486187845,18.7238820361,0.11
6249,199.6,143.9,122.121664327,4.46,18.4569732938,-0.621546961326,-8.51144765439,0.1
6250,165.4,144.8,125.070398149,4.41,-1.83976261128,0,-6.30237696994,0.05
6251,174.3,147.9,122.121664327,4.45,3.44213649852,2.1408839779,-8.51144765439,0.09
6252,164.5,144.5,124.919575439,4.44,-2.37388724036,-0.207182320442,-6.4153671714,0.08
6253,160.6,143.6,136.684714833,4.21,-4.6884272997,-0.828729281768,2.39859370297,-0.15
6254,169.2,144.8,158.476199458,4.46,0.415430267062,0,18.7238820361,0.1
6255,168.6,144.5,136.684714833,4.29,0.0593471810089,-0.207182320442,2.39859370297,-0.07
6256,166.4,144.9,136.684714833,4.41,-1.24629080119,0.0690607734807,2.39859370297,0.05
6257,166.2,143.2,124.919575439,4.24,-1.3649851632,-1.10497237569,-6.4153671714,-0.12
6258,168.4,144,128.393411802,4.27,-0.0593471810089,-0.552486187845,-3.81291115555,-0.09
6259,169.4,143.7,125.070398149,4.46,0.53412462908,-0.759668508287,-6.30237696994,0.1
6260,174.1,144.5,144.551595951,4.34,3.3234421365,-0.207182320442,8.29213903749,-0.02
6261,164.3,145.5,122.121664327,4.21,-2.49258160237,0.483425414365,-8.51144765439,-0.15
6262,172.4,147.3,136.684714833,4.29,2.31454005935,1.72651933702,2.39859370297,-0.07
6263,166.1,143.6,124.919575439,4.53,-1.42433234421,-0.828729281768,-6.4153671714,0.17
6264,170.6,144.5,125.070398149,4.3,1.24629080119,-0.207182320442,-6.30237696994,-0.06
6265,161.6,144.8,136.684714833,4.23,-4.09495548961,0,2.39859370297,-0.13
6266,198.1,144.9,144.551595951,4.46,17.5667655786,0.0690607734807,8.29213903749,0.1
6267,166.2,145.2,125.070398149,4.42,-1.3649851632,0.276243093923,-6.30237696994,0.06
6268,161.6,143.8,122.121664327,4.41,-4.09495548961,-0.690607734807,-8.51144765439,0.05
6269,168.6,141,144.551595951,4.35,0.0593471810089,-2.62430939227,8.29213903749,-0.01
6270,174.3,144.6,158.476199458,4.38,3.44213649852,-0.138121546961,18.7238820361,0.02
6271,168.4,143.2,122.121664327,4.41,-0.0593471810089,-1.10497237569,-8.51144765439,0.05
6272,169.4,144.8,158.476199458,4.32,0.53412462908,0,18.7238820361,-0.04
6273,160.6,147.5,136.684714833,4.27,-4.6884272997,1.86464088398,2.39859370297,-0.09
6274,167.3,144.7,122.121664327,4.6,-0.712166172107,-0.0690607734807,-8.51144765439,0.24
6275,162.2,141,136.684714833,4.39,-3.73887240356,-2.62430939227,2.39859370297,0.03
6276,172.4,144.6,138.648217105,4.44,2.31454005935,-0.138121546961,3.86956923748,0.08
6277,164.5,146.3,135.295494737,4.38,-2.37388724036,1.03591160221,1.35784686952,0.02
6278,169.2,144.6,137.824842105,4.3,0.415430267062,-0.138121546961,3.25273038909,-0.06
6279,158.9,146.1,124.919575439,4.46,-5.69732937685,0.897790055249,-6.4153671714,0.1
6280,167.5,144.8,137.824842105,4.47,-0.593471810089,0,3.25273038909,0.11
6281,161.3,145.2,158.476199458,4.42,-4.27299703264,0.276243093923,18.7238820361,0.06
6282,199.6,143.5,122.121664327,4.53,18.4569732938,-0.897790055249,-8.51144765439,0.17
6283,170.2,141,135.295494737,4.27,1.00890207715,-2.62430939227,1.35784686952,-0.09
6284,170,146.1,124.919575439,4.27,0.890207715134,0.897790055249,-6.4153671714,-0.09
6285,160.6,144.8,125.070398149,4.47,-4.6884272997,0,-6.30237696994,0.11
6286,164.6,147.5,144.551595951,4.32,-2.31454005935,1.86464088398,8.29213903749,-0.04
6287,168.4,143.4,158.476199458,4.41,-0.0593471810089,-0.966850828729,18.7238820361,0.05
6288,176,143.5,137.824842105,4.31,4.45103857567,-0.897790055249,3.25273038909,-0.05
6289,199.6,144.8,158.476199458,4.32,18.4569732938,0,18.7238820361,-0.04
6290,170.2,143.4,128.393411802,4.47,1.00890207715,-0.966850828729,-3.81291115555,0.11
6291,169.2,143.5,122.121664327,4.23,0.415430267062,-0.897790055249,-8.51144765439,-0.13
6292,164.6,143.7,158.476199458,4.3,-2.31454005935,-0.759668508287,18.7238820361,-0.06
6293,192.4,144.3,124.919575439,4.6,14.1839762611,-0.345303867403,-6.4153671714,0.24
6294,160.6,144.8,122.121664327,4.35,-4.6884272997,0,-8.51144765439,-0.01
6295,169.2,144.3,125.070398149,4.35,0.415430267062,-0.345303867403,-6.30237696994,-0.01
6296,175.7,145.8,136.684714833,4.41,4.27299703264,0.690607734807,2.39859370297,0.05
6297,174.4,146.1,125.070398149,4.47,3.50148367953,0.897790055249,-6.30237696994,0.11
6298,167.8,144.5,136.684714833,4.47,-0.415430267062,-0.207182320442,2.39859370297,0.11
6299,174.5,144.3,125.070398149,4.55,3.56083086053,-0.345303867403,-6.30237696994,0.19
6300,168.2,145.2,124.919575439,4.27,-0.178041543027,0.276243093923,-6.4153671714,-0.09
6301,161.3,144.8,158.476199458,4.38,-4.27299703264,0,18.7238820361,0.02
6302,176.6,144.5,136.684714833,4.38,4.80712166172,-0.207182320442,2.39859370297,0.02
6303,170.2,144.6,136.684714833,4.6,1.00890207715,-0.138121546961,2.39859370297,0.24
6304,168.7,142.6,124.919575439,4.32,0.118694362018,-1.51933701657,-6.4153671714,-0.04
6305,158.9,145.5,128.393411802,4.32,-5.69732937685,0.483425414365,-3.81291115555,-0.04
6306,199.9,141,136.684714833,4.3,18.6350148368,-2.62430939227,2.39859370297,-0.06
6307,169.9,143.3,136.684714833,4.24,0.830860534125,-1.03591160221,2.39859370297,-0.12
6308,172.4,144.8,138.648217105,4.34,2.31454005935,0,3.86956923748,-0.02
6309,176.2,144.9,122.121664327,4.6,4.56973293769,0.0690607734807,-8.51144765439,0.24
6310,167.5,143.9,138.648217105,4.24,-0.593471810089,-0.621546961326,3.86956923748,-0.12
6311,159.8,145.5,125.070398149,4.6,-5.16320474777,0.483425414365,-6.30237696994,0.24
6312,165.4,148.6,128.393411802,4.53,-1.83976261128,2.62430939227,-3.81291115555,0.17
6313,164.5,144.2,144.551595951,4.34,-2.37388724036,-0.414364640884,8.29213903749,-0.02
6314,169.9,144.3,138.648217105,4.53,0.830860534125,-0.345303867403,3.86956923748,0.17
6315,176,144.9,128.393411802,4.23,4.45103857567,0.0690607734807,-3.81291115555,-0.13
6316,174.1,144.2,136.684714833,4.41,3.3234421365,-0.414364640884,2.39859370297,0.05
6317,172.4,146.3,136.684714833,4.41,2.31454005935,1.03591160221,2.39859370297,0.05
6318,174.4,144.9,122.121664327,4.23,3.50148367953,0.0690607734807,-8.51144765439,-0.13
6319,168.4,144.2,136.684714833,4.31,-0.0593471810089,-0.414364640884,2.39859370297,-0.05
6320,158.9,143.9,124.919575439,4.53,-5.69732937685,-0.621546961326,-6.4153671714,0.17
6321,174.3,144.8,124.919575439,4.6,3.44213649852,0,-6.4153671714,0.24
6322,168.2,144.8,136.684714833,4.44,-0.178041543027,0,2.39859370297,0.08
6323,171.2,144.5,136.684714833,4.29,1.60237388724,-0.207182320442,2.39859370297,-0.07
6324,164.3,144.6,135.295494737,4.3,-2.49258160237,-0.138121546961,1.35784686952,-0.06
6325,153.9,144.8,124.919575439,4.31,-8.6646884273,0,-6.4153671714,-0.05
6326,177.5,145.2,135.295494737,4.3,5.3412462908,0.276243093923,1.35784686952,-0.06
6327,175.7,141.6,136.684714833,4.3,4.27299703264,-2.20994475138,2.39859370297,-0.06
6328,156.1,146.9,135.295494737,4.29,-7.3590504451,1.45027624309,1.35784686952,-0.07
6329,170.1,143.7,135.295494737,4.3,0.949554896142,-0.759668508287,1.35784686952,-0.06
6330,162.2,144.5,144.551595951,4.44,-3.73887240356,-0.207182320442,8.29213903749,0.08
6331,164.3,146.1,122.121664327,4.42,-2.49258160237,0.897790055249,-8.51144765439,0.06
6332,166.1,144.8,137.824842105,4.21,-1.42433234421,0,3.25273038909,-0.15
6333,170.8,144,124.919575439,4.21,1.3649851632,-0.552486187845,-6.4153671714,-0.15
6334,168.4,147.1,144.551595951,4.41,-0.0593471810089,1.58839779006,8.29213903749,0.05
6335,168.2,143.7,135.295494737,4.29,-0.178041543027,-0.759668508287,1.35784686952,-0.07
6336,174.5,144.8,135.295494737,4.46,3.56083086053,0,1.35784686952,0.1
6337,168.4,145.5,144.551595951,4.34,-0.0593471810089,0.483425414365,8.29213903749,-0.02
6338,167.3,143.7,125.070398149,4.41,-0.712166172107,-0.759668508287,-6.30237696994,0.05
6339,192.4,143.9,135.295494737,4.53,14.1839762611,-0.621546961326,1.35784686952,0.17
6340,192.4,144.4,124.919575439,4.27,14.1839762611,-0.276243093923,-6.4153671714,-0.09
6341,160.6,144.8,158.476199458,4.46,-4.6884272997,0,18.7238820361,0.1
6342,167.1,142.6,128.393411802,4.39,-0.830860534125,-1.51933701657,-3.81291115555,0.03
6343,167.9,147.1,122.121664327,4.35,-0.356083086053,1.58839779006,-8.51144765439,-0.01
6344,161.6,144.5,124.919575439,4.34,-4.09495548961,-0.207182320442,-6.4153671714,-0.02
6345,163.3,145.1,158.476199458,4.47,-3.08605341246,0.207182320442,18.7238820361,0.11
6346,174.3,144.8,124.919575439,4.45,3.44213649852,0,-6.4153671714,0.09
6347,167.1,145.1,125.070398149,4.36,-0.830860534125,0.207182320442,-6.30237696994,0
6348,161.3,144.2,135.295494737,4.6,-4.27299703264,-0.414364640884,1.35784686952,0.24
6349,173,143.9,138.648217105,4.41,2.6706231454,-0.621546961326,3.86956923748,0.05
6350,167.6,144,138.648217105,4.3,-0.53412462908,-0.552486187845,3.86956923748,-0.06
6351,167.4,144.8,122.121664327,4.36,-0.652818991098,0,-8.51144765439,0
6352,174.3,144.5,158.476199458,4.55,3.44213649852,-0.207182320442,18.7238820361,0.19
6353,167.9,143.7,158.476199458,4.38,-0.356083086053,-0.759668508287,18.7238820361,0.02
6354,169.2,144.1,137.824842105,4.23,0.415430267062,-0.483425414365,3.25273038909,-0.13
6355,161.6,144.8,144.551595951,4.41,-4.09495548961,0,8.29213903749,0.05
6356,170.8,144.9,137.824842105,4.47,1.3649851632,0.0690607734807,3.25273038909,0.11
6357,172.4,145.7,136.684714833,4.21,2.31454005935,0.621546961326,2.39859370297,-0.15
6358,158.9,144.3,124.919575439,4.6,-5.69732937685,-0.345303867403,-6.4153671714,0.24
6359,171.8,144,122.121664327,4.55,1.95845697329,-0.552486187845,-8.51144765439,0.19
6360,163.7,144.6,137.824842105,4.21,-2.84866468843,-0.138121546961,3.25273038909,-0.15
6361,162.9,145.1,137.824842105,4.38,-3.3234421365,0.207182320442,3.25273038909,0.02
6362,164.3,144.2,136.684714833,4.34,-2.49258160237,-0.414364640884,2.39859370297,-0.02
6363,165.7,142.8,124.919575439,4.41,-1.66172106825,-1.38121546961,-6.4153671714,0.05
6364,161.7,144.6,138.648217105,4.3,-4.03560830861,-0.138121546961,3.86956923748,-0.06
6365,173,144.6,125.070398149,4.27,2.6706231454,-0.138121546961,-6.30237696994,-0.09
6366,170,144,136.684714833,4.31,0.890207715134,-0.552486187845,2.39859370297,-0.05
6367,174.5,144.6,124.919575439,4.21,3.56083086053,-0.138121546961,-6.4153671714,-0.15
6368,162.9,144.2,128.393411802,4.44,-3.3234421365,-0.414364640884,-3.81291115555,0.08
6369,169.2,144.8,125.070398149,4.46,0.415430267062,0,-6.30237696994,0.1
6370,170.8,143.3,125.070398149,4.32,1.3649851632,-1.03591160221,-6.30237696994,-0.04
6371,164.5,144.4,136.684714833,4.34,-2.37388724036,-0.276243093923,2.39859370297,-0.02
6372,166.4,143.5,122.121664327,4.31,-1.24629080119,-0.897790055249,-8.51144765439,-0.05
6373,168.2,147.9,135.295494737,4.29,-0.178041543027,2.1408839779,1.35784686952,-0.07
6374,165.5,144.6,138.648217105,4.36,-1.78041543027,-0.138121546961,3.86956923748,0
6375,158.9,143.3,122.121664327,4.55,-5.69732937685,-1.03591160221,-8.51144765439,0.19
6376,169.4,141.4,138.648217105,4.41,0.53412462908,-2.34806629834,3.86956923748,0.05
6377,156.1,144.2,124.919575439,4.45,-7.3590504451,-0.414364640884,-6.4153671714,0.09
6378,168.3,143.7,122.121664327,4.29,-0.118694362018,-0.759668508287,-8.51144765439,-0.07
6379,166.1,147.1,136.684714833,4.21,-1.42433234421,1.58839779006,2.39859370297,-0.15
6380,158.9,144.3,138.648217105,4.38,-5.69732937685,-0.345303867403,3.86956923748,0.02
6381,167.8,143.6,138.648217105,4.32,-0.415430267062,-0.828729281768,3.86956923748,-0.04
6382,176.6,145.1,136.684714833,4.23,4.80712166172,0.207182320442,2.39859370297,-0.13
6383,167.1,143.4,144.551595951,4.21,-0.830860534125,-0.966850828729,8.29213903749,-0.15
6384,175.7,147.3,135.295494737,4.46,4.27299703264,1.72651933702,1.35784686952,0.1
6385,170.1,143.9,158.476199458,4.27,0.949554896142,-0.621546961326,18.7238820361,-0.09
6386,170.3,143.3,138.648217105,4.34,1.06824925816,-1.03591160221,3.86956923748,-0.02
6387,168.6,144.9,138.648217105,4.6,0.0593471810089,0.0690607734807,3.86956923748,0.24
6388,168.2,141.4,144.551595951,4.27,-0.178041543027,-2.34806629834,8.29213903749,-0.09
6389,153.9,144.7,128.393411802,4.34,-8.6646884273,-0.0690607734807,-3.81291115555,-0.02
6390,169.2,143.4,137.824842105,4.38,0.415430267062,-0.966850828729,3.25273038909,0.02
6391,164.8,143.5,138.648217105,4.6,-2.19584569733,-0.897790055249,3.86956923748,0.24
6392,167.8,144.6,144.551595951,4.53,-0.415430267062,-0.138121546961,8.29213903749,0.17
6393,177.5,148.6,144.551595951,4.35,5.3412462908,2.62430939227,8.29213903749,-0.01
6394,169.2,144.8,128.393411802,4.45,0.415430267062,0,-3.81291115555,0.09
6395,153.9,141.4,122.121664327,4.23,-8.6646884273,-2.34806629834,-8.51144765439,-0.13
6396,174.5,145.8,122.121664327,4.32,3.56083086053,0.690607734807,-8.51144765439,-0.04
6397,168.6,143.2,137.824842105,4.24,0.0593471810089,-1.10497237569,3.25273038909,-0.12
6398,159.8,144.5,144.551595951,4.46,-5.16320474777,-0.207182320442,8.29213903749,0.1
6399,168.4,141,124.919575439,4.6,-0.0593471810089,-2.62430939227,-6.4153671714,0.24
6400,169.2,141,136.684714833,4.27,0.415430267062,-2.62430939227,2.39859370297,-0.09
6401,167.5,144.9,135.295494737,4.36,-0.593471810089,0.0690607734807,1.35784686952,0
6402,174.1,144.6,128.393411802,4.32,3.3234421365,-0.138121546961,-3.81291115555,-0.04
6403,170.8,143.3,158.476199458,4.38,1.3649851632,-1.03591160221,18.7238820361,0.02
6404,171.8,143.7,144.551595951,4.3,1.95845697329,-0.759668508287,8.29213903749,-0.06
6405,173.3,145.5,124.919575439,4.27,2.84866468843,0.483425414365,-6.4153671714,-0.09
6406,173.3,148,128.393411802,4.6,2.84866468843,2.20994475138,-3.81291115555,0.24
6407,170.2,143.7,144.551595951,4.55,1.00890207715,-0.759668508287,8.29213903749,0.19
6408,160.6,145.2,135.295494737,4.47,-4.6884272997,0.276243093923,1.35784686952,0.11
6409,173.3,143.9,137.824842105,4.32,2.84866468843,-0.621546961326,3.25273038909,-0.04
6410,170.8,144.5,136.684714833,4.34,1.3649851632,-0.207182320442,2.39859370297,-0.02
6411,170.8,144.5,128.393411802,4.46,1.3649851632,-0.207182320442,-3.81291115555,0.1
6412,175.7,144,136.684714833,4.41,4.27299703264,-0.552486187845,2.39859370297,0.05
6413,166.1,145.1,136.684714833,4.27,-1.42433234421,0.207182320442,2.39859370297,-0.09
6414,170.2,144.2,124.919575439,4.47,1.00890207715,-0.414364640884,-6.4153671714,0.11
6415,164.3,146.3,136.684714833,4.44,-2.49258160237,1.03591160221,2.39859370297,0.08
6416,168.2,143.2,125.070398149,4.55,-0.178041543027,-1.10497237569,-6.30237696994,0.19
6417,158.9,144.9,135.295494737,4.3,-5.69732937685,0.0690607734807,1.35784686952,-0.06
6418,169.9,143.8,128.393411802,4.39,0.830860534125,-0.690607734807,-3.81291115555,0.03
6419,165.7,143.2,128.393411802,4.35,-1.66172106825,-1.10497237569,-3.81291115555,-0.01
6420,168.4,142.8,122.121664327,4.44,-0.0593471810089,-1.38121546961,-8.51144765439,0.08
6421,167.5,146.3,122.121664327,4.32,-0.593471810089,1.03591160221,-8.51144765439,-0.04
6422,166.1,144.8,125.070398149,4.3,-1.42433234421,0,-6.30237696994,-0.06
6423,165.4,144.8,144.551595951,4.3,-1.83976261128,0,8.29213903749,-0.06
6424,162.6,144.8,122.121664327,4.35,-3.50148367953,0,-8.51144765439,-0.01
6425,161.3,144.8,137.824842105,4.3,-4.27299703264,0,3.25273038909,-0.06
6426,171.8,144.9,138.648217105,4.21,1.95845697329,0.0690607734807,3.86956923748,-0.15
6427,167.4,143.9,136.684714833,4.27,-0.652818991098,-0.621546961326,2.39859370297,-0.09
6428,169.2,147.5,135.295494737,4.38,0.415430267062,1.86464088398,1.35784686952,0.02
6429,169.8,146.3,136.684714833,4.3,0.771513353116,1.03591160221,2.39859370297,-0.06
6430,170.3,143.7,122.121664327,4.36,1.06824925816,-0.759668508287,-8.51144765439,0
6431,166.1,144.5,128.393411802,4.53,-1.42433234421,-0.207182320442,-3.81291115555,0.17
6432,174.5,145.1,136.684714833,4.6,3.56083086053,0.207182320442,2.39859370297,0.24
6433,176,146.3,138.648217105,4.39,4.45103857567,1.03591160221,3.86956923748,0.03
6434,165.4,144.8,136.684714833,4.35,-1.83976261128,0,2.39859370297,-0.01
6435,168.4,144.9,136.684714833,4.23,-0.0593471810089,0.0690607734807,2.39859370297,-0.13
6436,168.6,144.2,136.684714833,4.29,0.0593471810089,-0.414364640884,2.39859370297,-0.07
6437,165.5,144.6,158.476199458,4.45,-1.78041543027,-0.138121546961,18.7238820361,0.09
6438,170.2,147.9,158.476199458,4.3,1.00890207715,2.1408839779,18.7238820361,-0.06
6439,168.2,143.3,128.393411802,4.47,-0.178041543027,-1.03591160221,-3.81291115555,0.11
6440,167.8,144.4,122.121664327,4.35,-0.415430267062,-0.276243093923,-8.51144765439,-0.01
6441,167.5,143.8,122.121664327,4.44,-0.593471810089,-0.690607734807,-8.51144765439,0.08
6442,198.1,145.1,158.476199458,4.21,17.5667655786,0.207182320442,18.7238820361,-0.15
6443,161.3,144.8,144.551595951,4.41,-4.27299703264,0,8.29213903749,0.05
6444,170.6,143.7,124.919575439,4.21,1.24629080119,-0.759668508287,-6.4153671714,-0.15
6445,165.4,145.7,144.551595951,4.3,-1.83976261128,0.621546961326,8.29213903749,-0.06
6446,170.2,141,158.476199458,4.53,1.00890207715,-2.62430939227,18.7238820361,0.17
6447,171.2,140.4,128.393411802,4.46,1.60237388724,-3.03867403315,-3.81291115555,0.1
6448,161.7,143.9,158.476199458,4.3,-4.03560830861,-0.621546961326,18.7238820361,-0.06
6449,169.3,144.5,124.919575439,4.41,0.474777448071,-0.207182320442,-6.4153671714,0.05
6450,169.3,145.2,138.648217105,4.29,0.474777448071,0.276243093923,3.86956923748,-0.07
6451,169.8,143.4,128.393411802,4.24,0.771513353116,-0.966850828729,-3.81291115555,-0.12
6452,166.2,143.4,122.121664327,4.47,-1.3649851632,-0.966850828729,-8.51144765439,0.11
6453,192.4,144.8,135.295494737,4.45,14.1839762611,0,1.35784686952,0.09
6454,167.1,141,144.551595951,4.41,-0.830860534125,-2.62430939227,8.29213903749,0.05
6455,167.1,144.2,158.476199458,4.35,-0.830860534125,-0.414364640884,18.7238820361,-0.01
6456,168.3,144.5,144.551595951,4.35,-0.118694362018,-0.207182320442,8.29213903749,-0.01
6457,174.1,144.9,138.648217105,4.35,3.3234421365,0.0690607734807,3.86956923748,-0.01
6458,173.3,143.9,144.551595951,4.47,2.84866468843,-0.621546961326,8.29213903749,0.11
6459,170.2,144.2,136.684714833,4.41,1.00890207715,-0.414364640884,2.39859370297,0.05
6460,162.6,147.3,128.393411802,4.42,-3.50148367953,1.72651933702,-3.81291115555,0.06
6461,176.6,143.6,122.121664327,4.41,4.80712166172,-0.828729281768,-8.51144765439,0.05
6462,165,144.6,128.393411802,4.3,-2.07715133531,-0.138121546961,-3.81291115555,-0.06
6463,190.9,143.6,144.551595951,4.42,13.293768546,-0.828729281768,8.29213903749,0.06
6464,192.4,144,135.295494737,4.44,14.1839762611,-0.552486187845,1.35784686952,0.08
6465,185.7,144.8,137.824842105,4.42,10.2077151335,0,3.25273038909,0.06
6466,174.5,144,128.393411802,4.44,3.56083086053,-0.552486187845,-3.81291115555,0.08
6467,164.3,141.6,138.648217105,4.46,-2.49258160237,-2.20994475138,3.86956923748,0.1
6468,163.7,143.6,136.684714833,4.53,-2.84866468843,-0.828729281768,2.39859370297,0.17
6469,153.9,144.8,125.070398149,4.21,-8.6646884273,0,-6.30237696994,-0.15
6470,174.4,143.7,128.393411802,4.6,3.50148367953,-0.759668508287,-3.81291115555,0.24
6471,164.8,144.2,144.551595951,4.29,-2.19584569733,-0.414364640884,8.29213903749,-0.07
6472,168.6,144.9,136.684714833,4.42,0.0593471810089,0.0690607734807,2.39859370297,0.06
6473,169.2,147.3,135.295494737,4.32,0.415430267062,1.72651933702,1.35784686952,-0.04
6474,174.3,142.6,135.295494737,4.3,3.44213649852,-1.51933701657,1.35784686952,-0.06
6475,164.5,143.7,158.476199458,4.27,-2.37388724036,-0.759668508287,18.7238820361,-0.09
6476,174.5,144.8,128.393411802,4.32,3.56083086053,0,-3.81291115555,-0.04
6477,170.8,147.3,125.070398149,4.41,1.3649851632,1.72651933702,-6.30237696994,0.05
6478,173.2,144,124.919575439,4.35,2.78931750742,-0.552486187845,-6.4153671714,-0.01
6479,171.2,143.8,158.476199458,4.35,1.60237388724,-0.690607734807,18.7238820361,-0.01
6480,169.4,145.2,122.121664327,4.44,0.53412462908,0.276243093923,-8.51144765439,0.08
6481,163.3,146.1,138.648217105,4.42,-3.08605341246,0.897790055249,3.86956923748,0.06
6482,198.1,144.3,128.393411802,4.44,17.5667655786,-0.345303867403,-3.81291115555,0.08
6483,198.1,145.1,144.551595951,4.46,17.5667655786,0.207182320442,8.29213903749,0.1
6484,199.6,148,158.476199458,4.38,18.4569732938,2.20994475138,18.7238820361,0.02
6485,167.1,143.8,137.824842105,4.32,-0.830860534125,-0.690607734807,3.25273038909,-0.04
6486,174.1,143.7,124.919575439,4.24,3.3234421365,-0.759668508287,-6.4153671714,-0.12
6487,162.9,145.2,158.476199458,4.32,-3.3234421365,0.276243093923,18.7238820361,-0.04
6488,192.4,144.2,144.551595951,4.44,14.1839762611,-0.414364640884,8.29213903749,0.08
6489,162.2,143.7,136.684714833,4.29,-3.73887240356,-0.759668508287,2.39859370297,-0.07
6490,199.6,144.2,137.824842105,4.29,18.4569732938,-0.414364640884,3.25273038909,-0.07
6491,167.5,144.6,158.476199458,4.47,-0.593471810089,-0.138121546961,18.7238820361,0.11
6492,169.2,142.6,144.551595951,4.39,0.415430267062,-1.51933701657,8.29213903749,0.03
6493,161.6,144.5,125.070398149,4.42,-4.09495548961,-0.207182320442,-6.30237696994,0.06
6494,168.4,143.5,124.919575439,4.36,-0.0593471810089,-0.897790055249,-6.4153671714,0
6495,166.9,147.3,125.070398149,4.27,-0.949554896142,1.72651933702,-6.30237696994,-0.09
6496,170.6,144.3,128.393411802,4.3,1.24629080119,-0.345303867403,-3.81291115555,-0.06
6497,168.2,144.6,135.295494737,4.24,-0.178041543027,-0.138121546961,1.35784686952,-0.12
6498,199.6,141.6,124.919575439,4.41,18.4569732938,-2.20994475138,-6.4153671714,0.05
6499,153.9,143.7,158.476199458,4.42,-8.6646884273,-0.759668508287,18.7238820361,0.06
6500,167.9,144.9,158.476199458,4.24,-0.356083086053,0.0690607734807,18.7238820361,-0.12
6501,174.5,144.4,135.295494737,4.44,3.56083086053,-0.276243093923,1.35784686952,0.08
6502,162.2,148.6,125.070398149,4.53,-3.73887240356,2.62430939227,-6.30237696994,0.17
6503,165,143.3,137.824842105,4.34,-2.07715133531,-1.03591160221,3.25273038909,-0.02
6504,173.3,144.8,137.824842105,4.41,2.84866468843,0,3.25273038909,0.05
6505,164.5,143.7,128.393411802,4.27,-2.37388724036,-0.759668508287,-3.81291115555,-0.09
6506,174.1,144,144.551595951,4.36,3.3234421365,-0.552486187845,8.29213903749,0
6507,192.4,144.9,122.121664327,4.47,14.1839762611,0.0690607734807,-8.51144765439,0.11
6508,162.2,141.4,137.824842105,4.44,-3.73887240356,-2.34806629834,3.25273038909,0.08
6509,158.9,143.4,158.476199458,4.44,-5.69732937685,-0.966850828729,18.7238820361,0.08
6510,175.7,144,144.551595951,4.23,4.27299703264,-0.552486187845,8.29213903749,-0.13
6511,165,144.5,138.648217105,4.3,-2.07715133531,-0.207182320442,3.86956923748,-0.06
6512,168.3,146.3,137.824842105,4.36,-0.118694362018,1.03591160221,3.25273038909,0
6513,169.2,143.4,138.648217105,4.47,0.415430267062,-0.966850828729,3.86956923748,0.11
6514,171,144.8,137.824842105,4.6,1.48367952522,0,3.25273038909,0.24
6515,165.5,141,136.684714833,4.46,-1.78041543027,-2.62430939227,2.39859370297,0.1
6516,168.4,144.9,137.824842105,4.41,-0.0593471810089,0.0690607734807,3.25273038909,0.05
6517,167.1,145.5,137.824842105,4.36,-0.830860534125,0.483425414365,3.25273038909,0
6518,165.5,144.2,137.824842105,4.36,-1.78041543027,-0.414364640884,3.25273038909,0
6519,167.1,141.6,125.070398149,4.53,-0.830860534125,-2.20994475138,-6.30237696994,0.17
6520,174.5,143.4,122.121664327,4.36,3.56083086053,-0.966850828729,-8.51144765439,0
6521,199.6,144.8,138.648217105,4.35,18.4569732938,0,3.86956923748,-0.01
6522,169.8,147.3,137.824842105,4.36,0.771513353116,1.72651933702,3.25273038909,0
6523,159.8,143.4,144.551595951,4.32,-5.16320474777,-0.966850828729,8.29213903749,-0.04
6524,166.4,147.5,128.393411802,4.42,-1.24629080119,1.86464088398,-3.81291115555,0.06
6525,163.3,146.9,144.551595951,4.53,-3.08605341246,1.45027624309,8.29213903749,0.17
6526,168.4,143.5,122.121664327,4.53,-0.0593471810089,-0.897790055249,-8.51144765439,0.17
6527,168.2,148.6,122.121664327,4.44,-0.178041543027,2.62430939227,-8.51144765439,0.08
6528,167.3,146.3,135.295494737,4.53,-0.712166172107,1.03591160221,1.35784686952,0.17
6529,177.5,144.3,144.551595951,4.36,5.3412462908,-0.345303867403,8.29213903749,0
6530,176.2,144.6,136.684714833,4.29,4.56973293769,-0.138121546961,2.39859370297,-0.07
6531,170.8,144.4,138.648217105,4.41,1.3649851632,-0.276243093923,3.86956923748,0.05
6532,170.2,144.8,122.121664327,4.55,1.00890207715,0,-8.51144765439,0.19
6533,173.3,146.9,128.393411802,4.35,2.84866468843,1.45027624309,-3.81291115555,-0.01
6534,176,144.3,144.551595951,4.39,4.45103857567,-0.345303867403,8.29213903749,0.03
6535,168.6,145.8,144.551595951,4.29,0.0593471810089,0.690607734807,8.29213903749,-0.07
6536,165.5,144.3,144.551595951,4.32,-1.78041543027,-0.345303867403,8.29213903749,-0.04
6537,166.1,143.4,144.551595951,4.27,-1.42433234421,-0.966850828729,8.29213903749,-0.09
6538,162.6,144.4,128.393411802,4.6,-3.50148367953,-0.276243093923,-3.81291115555,0.24
6539,176,145.2,144.551595951,4.44,4.45103857567,0.276243093923,8.29213903749,0.08
6540,174.5,144.9,128.393411802,4.46,3.56083086053,0.0690607734807,-3.81291115555,0.1
6541,167.5,143.9,136.684714833,4.34,-0.593471810089,-0.621546961326,2.39859370297,-0.02
6542,146.7,144.9,136.684714833,4.42,-12.9376854599,0.0690607734807,2.39859370297,0.06
6543,176,144.5,135.295494737,4.47,4.45103857567,-0.207182320442,1.35784686952,0.11
6544,199.9,144.9,125.070398149,4.41,18.6350148368,0.0690607734807,-6.30237696994,0.05
6545,176,144.2,128.393411802,4.41,4.45103857567,-0.414364640884,-3.81291115555,0.05
6546,177.5,143.5,158.476199458,4.27,5.3412462908,-0.897790055249,18.7238820361,-0.09
6547,161.6,143.5,158.476199458,4.6,-4.09495548961,-0.897790055249,18.7238820361,0.24
6548,168.6,145.2,144.551595951,4.41,0.0593471810089,0.276243093923,8.29213903749,0.05
6549,169.4,143.7,138.648217105,4.27,0.53412462908,-0.759668508287,3.86956923748,-0.09
6550,170.2,145.2,128.393411802,4.29,1.00890207715,0.276243093923,-3.81291115555,-0.07
6551,170.2,144.6,124.919575439,4.46,1.00890207715,-0.138121546961,-6.4153671714,0.1
6552,170.2,144.8,138.648217105,4.32,1.00890207715,0,3.86956923748,-0.04
6553,174.5,143.2,128.393411802,4.27,3.56083086053,-1.10497237569,-3.81291115555,-0.09
6554,174.5,142.6,136.684714833,4.47,3.56083086053,-1.51933701657,2.39859370297,0.11
6555,168.2,144.8,137.824842105,4.44,-0.178041543027,0,3.25273038909,0.08
6556,170.1,143.4,125.070398149,4.29,0.949554896142,-0.966850828729,-6.30237696994,-0.07
6557,173.3,141,137.824842105,4.45,2.84866468843,-2.62430939227,3.25273038909,0.09
6558,168.3,144.5,158.476199458,4.6,-0.118694362018,-0.207182320442,18.7238820361,0.24
6559,160.6,144.8,136.684714833,4.32,-4.6884272997,0,2.39859370297,-0.04
6560,185.7,143.5,137.824842105,4.41,10.2077151335,-0.897790055249,3.25273038909,0.05
6561,167.6,144.4,135.295494737,4.47,-0.53412462908,-0.276243093923,1.35784686952,0.11
6562,162.9,144.2,136.684714833,4.46,-3.3234421365,-0.414364640884,2.39859370297,0.1
6563,162.6,148,158.476199458,4.35,-3.50148367953,2.20994475138,18.7238820361,-0.01
6564,171.8,143.9,135.295494737,4.31,1.95845697329,-0.621546961326,1.35784686952,-0.05
6565,169.3,143.7,136.684714833,4.6,0.474777448071,-0.759668508287,2.39859370297,0.24
6566,166.1,143.9,158.476199458,4.46,-1.42433234421,-0.621546961326,18.7238820361,0.1
6567,161.6,143.3,158.476199458,4.41,-4.09495548961,-1.03591160221,18.7238820361,0.05
6568,166.2,144.4,122.121664327,4.3,-1.3649851632,-0.276243093923,-8.51144765439,-0.06
6569,168.4,145.1,138.648217105,4.3,-0.0593471810089,0.207182320442,3.86956923748,-0.06
6570,172.4,144.5,135.295494737,4.24,2.31454005935,-0.207182320442,1.35784686952,-0.12
6571,146.7,147.9,135.295494737,4.41,-12.9376854599,2.1408839779,1.35784686952,0.05
6572,190.9,144.7,136.684714833,4.3,13.293768546,-0.0690607734807,2.39859370297,-0.06
6573,192.4,144.2,125.070398149,4.53,14.1839762611,-0.414364640884,-6.30237696994,0.17
6574,174.1,143.3,144.551595951,4.6,3.3234421365,-1.03591160221,8.29213903749,0.24
6575,174.5,145.5,138.648217105,4.41,3.56083086053,0.483425414365,3.86956923748,0.05
6576,167.5,145.7,137.824842105,4.34,-0.593471810089,0.621546961326,3.25273038909,-0.02
6577,170.8,144.9,128.393411802,4.46,1.3649851632,0.0690607734807,-3.81291115555,0.1
6578,169.4,144,158.476199458,4.24,0.53412462908,-0.552486187845,18.7238820361,-0.12
6579,174.3,144.5,158.476199458,4.6,3.44213649852,-0.207182320442,18.7238820361,0.24
6580,168.4,144.9,125.070398149,4.42,-0.0593471810089,0.0690607734807,-6.30237696994,0.06
6581,166.9,147.5,138.648217105,4.47,-0.949554896142,1.86464088398,3.86956923748,0.11
6582,173.3,144.8,128.393411802,4.35,2.84866468843,0,-3.81291115555,-0.01
6583,170.1,145.8,128.393411802,4.53,0.949554896142,0.690607734807,-3.81291115555,0.17
6584,164.5,145.5,138.648217105,4.46,-2.37388724036,0.483425414365,3.86956923748,0.1
6585,164.3,143.6,158.476199458,4.6,-2.49258160237,-0.828729281768,18.7238820361,0.24
6586,164.5,141.6,128.393411802,4.32,-2.37388724036,-2.20994475138,-3.81291115555,-0.04
6587,153.9,145.2,144.551595951,4.27,-8.6646884273,0.276243093923,8.29213903749,-0.09
6588,176,144.8,137.824842105,4.6,4.45103857567,0,3.25273038909,0.24
6589,199.9,144.5,125.070398149,4.6,18.6350148368,-0.207182320442,-6.30237696994,0.24
6590,153.9,144.8,138.648217105,4.55,-8.6646884273,0,3.86956923748,0.19
6591,174.1,144.5,135.295494737,4.23,3.3234421365,-0.207182320442,1.35784686952,-0.13
6592,174.6,144,128.393411802,4.3,3.62017804154,-0.552486187845,-3.81291115555,-0.06
6593,168.7,145.8,135.295494737,4.41,0.118694362018,0.690607734807,1.35784686952,0.05
6594,162.9,143.8,137.824842105,4.27,-3.3234421365,-0.690607734807,3.25273038909,-0.09
6595,174.3,146.3,137.824842105,4.41,3.44213649852,1.03591160221,3.25273038909,0.05
6596,169.2,144.8,125.070398149,4.3,0.415430267062,0,-6.30237696994,-0.06
6597,166.1,144.8,135.295494737,4.21,-1.42433234421,0,1.35784686952,-0.15
6598,158.9,146.1,144.551595951,4.34,-5.69732937685,0.897790055249,8.29213903749,-0.02
6599,176,144.9,136.684714833,4.45,4.45103857567,0.0690607734807,2.39859370297,0.09
6600,170.6,145.8,144.551595951,4.55,1.24629080119,0.690607734807,8.29213903749,0.19
6601,172.4,144.8,158.476199458,4.3,2.31454005935,0,18.7238820361,-0.06
6602,169.4,141,138.648217105,4.35,0.53412462908,-2.62430939227,3.86956923748,-0.01
6603,174.5,143.4,125.070398149,4.21,3.56083086053,-0.966850828729,-6.30237696994,-0.15
6604,164.8,143.7,128.393411802,4.42,-2.19584569733,-0.759668508287,-3.81291115555,0.06
6605,174.6,146.3,125.070398149,4.6,3.62017804154,1.03591160221,-6.30237696994,0.24
6606,172.4,144.7,124.919575439,4.24,2.31454005935,-0.0690607734807,-6.4153671714,-0.12
6607,161.6,144.9,144.551595951,4.55,-4.09495548961,0.0690607734807,8.29213903749,0.19
6608,172.4,143.4,137.824842105,4.27,2.31454005935,-0.966850828729,3.25273038909,-0.09
6609,164.5,144.4,144.551595951,4.34,-2.37388724036,-0.276243093923,8.29213903749,-0.02
6610,168.4,143.2,136.684714833,4.39,-0.0593471810089,-1.10497237569,2.39859370297,0.03
6611,167.6,144.9,136.684714833,4.41,-0.53412462908,0.0690607734807,2.39859370297,0.05
6612,168.2,144.3,138.648217105,4.3,-0.178041543027,-0.345303867403,3.86956923748,-0.06
6613,168.4,145.2,136.684714833,4.55,-0.0593471810089,0.276243093923,2.39859370297,0.19
6614,168.4,143.4,122.121664327,4.34,-0.0593471810089,-0.966850828729,-8.51144765439,-0.02
6615,170.1,144.2,135.295494737,4.46,0.949554896142,-0.414364640884,1.35784686952,0.1
6616,165,144,124.919575439,4.3,-2.07715133531,-0.552486187845,-6.4153671714,-0.06
6617,162.6,143.3,136.684714833,4.46,-3.50148367953,-1.03591160221,2.39859370297,0.1
6618,166.4,143.8,144.551595951,4.24,-1.24629080119,-0.690607734807,8.29213903749,-0.12
6619,169.9,144.5,124.919575439,4.36,0.830860534125,-0.207182320442,-6.4153671714,0
6620,171,147.1,122.121664327,4.45,1.48367952522,1.58839779006,-8.51144765439,0.09
6621,192.4,143.3,125.070398149,4.29,14.1839762611,-1.03591160221,-6.30237696994,-0.07
6622,170.1,144.3,158.476199458,4.3,0.949554896142,-0.345303867403,18.7238820361,-0.06
6623,166.9,144.6,144.551595951,4.35,-0.949554896142,-0.138121546961,8.29213903749,-0.01
6624,176,143.5,144.551595951,4.35,4.45103857567,-0.897790055249,8.29213903749,-0.01
6625,170.3,147.5,158.476199458,4.3,1.06824925816,1.86464088398,18.7238820361,-0.06
6626,174.1,144.5,135.295494737,4.47,3.3234421365,-0.207182320442,1.35784686952,0.11
6627,174.3,143.5,138.648217105,4.27,3.44213649852,-0.897790055249,3.86956923748,-0.09
6628,165.4,143.7,158.476199458,4.42,-1.83976261128,-0.759668508287,18.7238820361,0.06
6629,176,143.9,158.476199458,4.35,4.45103857567,-0.621546961326,18.7238820361,-0.01
6630,161.7,144.6,124.919575439,4.45,-4.03560830861,-0.138121546961,-6.4153671714,0.09
6631,170.1,148.6,137.824842105,4.32,0.949554896142,2.62430939227,3.25273038909,-0.04
6632,185.7,144.5,138.648217105,4.24,10.2077151335,-0.207182320442,3.86956923748,-0.12
6633,176,144.8,136.684714833,4.6,4.45103857567,0,2.39859370297,0.24
6634,170.2,144.5,138.648217105,4.41,1.00890207715,-0.207182320442,3.86956923748,0.05
6635,168.4,146.9,124.919575439,4.41,-0.0593471810089,1.45027624309,-6.4153671714,0.05
6636,165.4,144.5,158.476199458,4.27,-1.83976261128,-0.207182320442,18.7238820361,-0.09
6637,156.1,145.5,144.551595951,4.38,-7.3590504451,0.483425414365,8.29213903749,0.02
6638,163.3,148.6,137.824842105,4.47,-3.08605341246,2.62430939227,3.25273038909,0.11
6639,170.2,143.8,158.476199458,4.3,1.00890207715,-0.690607734807,18.7238820361,-0.06
6640,165,147.5,128.393411802,4.39,-2.07715133531,1.86464088398,-3.81291115555,0.03
6641,162.6,142.8,122.121664327,4.31,-3.50148367953,-1.38121546961,-8.51144765439,-0.05
6642,170.6,143.3,158.476199458,4.27,1.24629080119,-1.03591160221,18.7238820361,-0.09
6643,164.5,143.9,125.070398149,4.3,-2.37388724036,-0.621546961326,-6.30237696994,-0.06
6644,161.7,143.4,124.919575439,4.36,-4.03560830861,-0.966850828729,-6.4153671714,0
6645,185.7,144,158.476199458,4.3,10.2077151335,-0.552486187845,18.7238820361,-0.06
6646,158.9,144.5,144.551595951,4.35,-5.69732937685,-0.207182320442,8.29213903749,-0.01
6647,161.7,144,135.295494737,4.35,-4.03560830861,-0.552486187845,1.35784686952,-0.01
6648,167.3,144.5,124.919575439,4.29,-0.712166172107,-0.207182320442,-6.4153671714,-0.07
6649,176.2,144.5,125.070398149,4.53,4.56973293769,-0.207182320442,-6.30237696994,0.17
6650,162.2,140.4,136.684714833,4.31,-3.73887240356,-3.03867403315,2.39859370297,-0.05
6651,199.6,144.2,122.121664327,4.41,18.4569732938,-0.414364640884,-8.51144765439,0.05
6652,153.9,144.4,128.393411802,4.6,-8.6646884273,-0.276243093923,-3.81291115555,0.24
6653,162.6,143.4,137.824842105,4.46,-3.50148367953,-0.966850828729,3.25273038909,0.1
6654,168.2,143.3,125.070398149,4.44,-0.178041543027,-1.03591160221,-6.30237696994,0.08
6655,166.2,148.6,158.476199458,4.46,-1.3649851632,2.62430939227,18.7238820361,0.1
6656,168.7,144.5,136.684714833,4.41,0.118694362018,-0.207182320442,2.39859370297,0.05
6657,176,144,136.684714833,4.55,4.45103857567,-0.552486187845,2.39859370297,0.19
6658,170.1,144.3,128.393411802,4.6,0.949554896142,-0.345303867403,-3.81291115555,0.24
6659,156.1,143.8,138.648217105,4.31,-7.3590504451,-0.690607734807,3.86956923748,-0.05
6660,172.4,144.4,136.684714833,4.46,2.31454005935,-0.276243093923,2.39859370297,0.1
6661,167.4,146.3,124.919575439,4.39,-0.652818991098,1.03591160221,-6.4153671714,0.03
6662,170.8,143.2,137.824842105,4.39,1.3649851632,-1.10497237569,3.25273038909,0.03
6663,168.6,143.8,135.295494737,4.55,0.0593471810089,-0.690607734807,1.35784686952,0.19
6664,199.6,147.5,138.648217105,4.42,18.4569732938,1.86464088398,3.86956923748,0.06
6665,173,143.7,135.295494737,4.35,2.6706231454,-0.759668508287,1.35784686952,-0.01
6666,162.6,144.5,128.393411802,4.35,-3.50148367953,-0.207182320442,-3.81291115555,-0.01
6667,168.2,143.7,128.393411802,4.24,-0.178041543027,-0.759668508287,-3.81291115555,-0.12
6668,170.8,146.3,128.393411802,4.41,1.3649851632,1.03591160221,-3.81291115555,0.05
6669,174.3,144.5,124.919575439,4.32,3.44213649852,-0.207182320442,-6.4153671714,-0.04
6670,171.8,143.6,125.070398149,4.35,1.95845697329,-0.828729281768,-6.30237696994,-0.01
6671,173.2,144.2,138.648217105,4.46,2.78931750742,-0.414364640884,3.86956923748,0.1
6672,167.3,144.8,122.121664327,4.27,-0.712166172107,0,-8.51144765439,-0.09
6673,172.4,146.1,144.551595951,4.27,2.31454005935,0.897790055249,8.29213903749,-0.09
6674,170.2,144.4,122.121664327,4.47,1.00890207715,-0.276243093923,-8.51144765439,0.11
6675,171.2,143.7,136.684714833,4.42,1.60237388724,-0.759668508287,2.39859370297,0.06
6676,170.2,145.1,138.648217105,4.38,1.00890207715,0.207182320442,3.86956923748,0.02
6677,165,143.7,137.824842105,4.42,-2.07715133531,-0.759668508287,3.25273038909,0.06
6678,169.9,145.5,124.919575439,4.3,0.830860534125,0.483425414365,-6.4153671714,-0.06
6679,165.7,144.2,158.476199458,4.47,-1.66172106825,-0.414364640884,18.7238820361,0.11
6680,165.4,144.8,144.551595951,4.24,-1.83976261128,0,8.29213903749,-0.12
6681,168.7,144.2,124.919575439,4.53,0.118694362018,-0.414364640884,-6.4153671714,0.17
6682,161.7,143.5,135.295494737,4.41,-4.03560830861,-0.897790055249,1.35784686952,0.05
6683,173.3,148,137.824842105,4.42,2.84866468843,2.20994475138,3.25273038909,0.06
6684,169.2,144.4,136.684714833,4.3,0.415430267062,-0.276243093923,2.39859370297,-0.06
6685,176.2,142.8,136.684714833,4.35,4.56973293769,-1.38121546961,2.39859370297,-0.01
6686,165,144.9,138.648217105,4.31,-2.07715133531,0.0690607734807,3.86956923748,-0.05
6687,174.4,142.6,122.121664327,4.42,3.50148367953,-1.51933701657,-8.51144765439,0.06
6688,167.5,146.3,137.824842105,4.32,-0.593471810089,1.03591160221,3.25273038909,-0.04
6689,165.4,143.7,135.295494737,4.53,-1.83976261128,-0.759668508287,1.35784686952,0.17
6690,158.9,143.4,137.824842105,4.29,-5.69732937685,-0.966850828729,3.25273038909,-0.07
6691,175.7,144.6,138.648217105,4.35,4.27299703264,-0.138121546961,3.86956923748,-0.01
6692,170,143.7,125.070398149,4.21,0.890207715134,-0.759668508287,-6.30237696994,-0.15
6693,173,143.3,125.070398149,4.47,2.6706231454,-1.03591160221,-6.30237696994,0.11
6694,160.6,141,137.824842105,4.32,-4.6884272997,-2.62430939227,3.25273038909,-0.04
6695,162.6,141,124.919575439,4.46,-3.50148367953,-2.62430939227,-6.4153671714,0.1
6696,177.5,145.1,136.684714833,4.45,5.3412462908,0.207182320442,2.39859370297,0.09
6697,170.2,144.5,136.684714833,4.44,1.00890207715,-0.207182320442,2.39859370297,0.08
6698,169.2,144.5,137.824842105,4.38,0.415430267062,-0.207182320442,3.25273038909,0.02
6699,164.6,144.7,136.684714833,4.47,-2.31454005935,-0.0690607734807,2.39859370297,0.11
6700,165.4,144.3,128.393411802,4.46,-1.83976261128,-0.345303867403,-3.81291115555,0.1
6701,170.8,143.5,158.476199458,4.6,1.3649851632,-0.897790055249,18.7238820361,0.24
6702,169.8,143.4,128.393411802,4.42,0.771513353116,-0.966850828729,-3.81291115555,0.06
6703,168.6,144.8,136.684714833,4.35,0.0593471810089,0,2.39859370297,-0.01
6704,162.6,144.9,136.684714833,4.41,-3.50148367953,0.0690607734807,2.39859370297,0.05
6705,163.3,143.4,128.393411802,4.23,-3.08605341246,-0.966850828729,-3.81291115555,-0.13
6706,176,144.5,122.121664327,4.3,4.45103857567,-0.207182320442,-8.51144765439,-0.06
6707,164.5,144.2,124.919575439,4.32,-2.37388724036,-0.414364640884,-6.4153671714,-0.04
6708,198.1,144.6,125.070398149,4.46,17.5667655786,-0.138121546961,-6.30237696994,0.1
6709,168.2,145.2,135.295494737,4.27,-0.178041543027,0.276243093923,1.35784686952,-0.09
6710,169.9,143.7,135.295494737,4.6,0.830860534125,-0.759668508287,1.35784686952,0.24
6711,170.6,144.4,128.393411802,4.36,1.24629080119,-0.276243093923,-3.81291115555,0
6712,168.4,147.1,136.684714833,4.27,-0.0593471810089,1.58839779006,2.39859370297,-0.09
6713,172.4,145.5,135.295494737,4.53,2.31454005935,0.483425414365,1.35784686952,0.17
6714,165.4,145.7,128.393411802,4.24,-1.83976261128,0.621546961326,-3.81291115555,-0.12
6715,163.7,145.1,158.476199458,4.3,-2.84866468843,0.207182320442,18.7238820361,-0.06
6716,174.5,144.3,158.476199458,4.46,3.56083086053,-0.345303867403,18.7238820361,0.1
6717,168.7,144.5,124.919575439,4.46,0.118694362018,-0.207182320442,-6.4153671714,0.1
6718,163.7,143.2,122.121664327,4.31,-2.84866468843,-1.10497237569,-8.51144765439,-0.05
6719,198.1,144.6,137.824842105,4.34,17.5667655786,-0.138121546961,3.25273038909,-0.02
6720,162.6,147.3,144.551595951,4.41,-3.50148367953,1.72651933702,8.29213903749,0.05
6721,164.6,143.2,144.551595951,4.35,-2.31454005935,-1.10497237569,8.29213903749,-0.01
6722,172.4,144.5,158.476199458,4.36,2.31454005935,-0.207182320442,18.7238820361,0
6723,170.1,141.6,125.070398149,4.35,0.949554896142,-2.20994475138,-6.30237696994,-0.01
6724,146.7,146.9,144.551595951,4.46,-12.9376854599,1.45027624309,8.29213903749,0.1
6725,170.1,144.2,144.551595951,4.3,0.949554896142,-0.414364640884,8.29213903749,-0.06
6726,165,143.9,144.551595951,4.46,-2.07715133531,-0.621546961326,8.29213903749,0.1
6727,167.9,146.9,137.824842105,4.29,-0.356083086053,1.45027624309,3.25273038909,-0.07
6728,198.1,144.5,136.684714833,4.6,17.5667655786,-0.207182320442,2.39859370297,0.24
6729,177.5,144,124.919575439,4.34,5.3412462908,-0.552486187845,-6.4153671714,-0.02
6730,174.6,144.8,125.070398149,4.3,3.62017804154,0,-6.30237696994,-0.06
6731,169.8,143.7,144.551595951,4.41,0.771513353116,-0.759668508287,8.29213903749,0.05
6732,169.2,144.8,138.648217105,4.27,0.415430267062,0,3.86956923748,-0.09
6733,170.2,144.1,124.919575439,4.47,1.00890207715,-0.483425414365,-6.4153671714,0.11
6734,170.2,147.3,135.295494737,4.36,1.00890207715,1.72651933702,1.35784686952,0
6735,168.6,143.4,124.919575439,4.3,0.0593471810089,-0.966850828729,-6.4153671714,-0.06
6736,162.6,143.5,124.919575439,4.45,-3.50148367953,-0.897790055249,-6.4153671714,0.09
6737,164.6,145.7,135.295494737,4.41,-2.31454005935,0.621546961326,1.35784686952,0.05
6738,185.7,144.2,135.295494737,4.42,10.2077151335,-0.414364640884,1.35784686952,0.06
6739,172.4,147.5,128.393411802,4.39,2.31454005935,1.86464088398,-3.81291115555,0.03
6740,167.1,144.3,135.295494737,4.44,-0.830860534125,-0.345303867403,1.35784686952,0.08
6741,170.2,144.2,158.476199458,4.27,1.00890207715,-0.414364640884,18.7238820361,-0.09
6742,158.9,144.6,125.070398149,4.3,-5.69732937685,-0.138121546961,-6.30237696994,-0.06
6743,169.4,147.3,135.295494737,4.36,0.53412462908,1.72651933702,1.35784686952,0
6744,174.4,144.2,135.295494737,4.41,3.50148367953,-0.414364640884,1.35784686952,0.05
6745,162.6,144.2,122.121664327,4.46,-3.50148367953,-0.414364640884,-8.51144765439,0.1
6746,164.8,143.7,122.121664327,4.3,-2.19584569733,-0.759668508287,-8.51144765439,-0.06
6747,167.1,145.2,122.121664327,4.29,-0.830860534125,0.276243093923,-8.51144765439,-0.07
6748,170.1,145.1,124.919575439,4.35,0.949554896142,0.207182320442,-6.4153671714,-0.01
6749,170.1,143.5,128.393411802,4.53,0.949554896142,-0.897790055249,-3.81291115555,0.17
6750,158.9,143.5,125.070398149,4.41,-5.69732937685,-0.897790055249,-6.30237696994,0.05
6751,169.2,144.2,128.393411802,4.35,0.415430267062,-0.414364640884,-3.81291115555,-0.01
6752,185.7,144.9,124.919575439,4.46,10.2077151335,0.0690607734807,-6.4153671714,0.1
6753,164.5,143.6,136.684714833,4.31,-2.37388724036,-0.828729281768,2.39859370297,-0.05
6754,166.1,144.8,135.295494737,4.31,-1.42433234421,0,1.35784686952,-0.05
6755,168.7,144.2,136.684714833,4.3,0.118694362018,-0.414364640884,2.39859370297,-0.06
6756,168.4,144.4,135.295494737,4.53,-0.0593471810089,-0.276243093923,1.35784686952,0.17
6757,168.4,141.4,128.393411802,4.3,-0.0593471810089,-2.34806629834,-3.81291115555,-0.06
6758,167.9,148.6,137.824842105,4.44,-0.356083086053,2.62430939227,3.25273038909,0.08
6759,167.3,143.9,125.070398149,4.53,-0.712166172107,-0.621546961326,-6.30237696994,0.17
6760,164.6,144.8,158.476199458,4.41,-2.31454005935,0,18.7238820361,0.05
6761,167.5,144.2,158.476199458,4.46,-0.593471810089,-0.414364640884,18.7238820361,0.1
6762,170.6,144.9,136.684714833,4.46,1.24629080119,0.0690607734807,2.39859370297,0.1
6763,170,143.6,137.824842105,4.31,0.890207715134,-0.828729281768,3.25273038909,-0.05
6764,161.6,143.2,125.070398149,4.32,-4.09495548961,-1.10497237569,-6.30237696994,-0.04
6765,168.6,144.3,135.295494737,4.46,0.0593471810089,-0.345303867403,1.35784686952,0.1
6766,168.2,141,124.919575439,4.44,-0.178041543027,-2.62430939227,-6.4153671714,0.08
6767,176.6,145.2,137.824842105,4.34,4.80712166172,0.276243093923,3.25273038909,-0.02
6768,171.2,144.8,158.476199458,4.29,1.60237388724,0,18.7238820361,-0.07
6769,171.2,145.2,136.684714833,4.24,1.60237388724,0.276243093923,2.39859370297,-0.12
6770,174.4,147.5,124.919575439,4.44,3.50148367953,1.86464088398,-6.4153671714,0.08
6771,165.4,145.8,144.551595951,4.3,-1.83976261128,0.690607734807,8.29213903749,-0.06
6772,170.1,146.9,144.551595951,4.27,0.949554896142,1.45027624309,8.29213903749,-0.09
6773,170.3,144.2,136.684714833,4.31,1.06824925816,-0.414364640884,2.39859370297,-0.05
6774,174.3,143.3,122.121664327,4.47,3.44213649852,-1.03591160221,-8.51144765439,0.11
6775,167.5,143.2,135.295494737,4.36,-0.593471810089,-1.10497237569,1.35784686952,0
6776,162.6,144.8,135.295494737,4.35,-3.50148367953,0,1.35784686952,-0.01
6777,169.9,143.4,124.919575439,4.53,0.830860534125,-0.966850828729,-6.4153671714,0.17
6778,176.2,144.4,138.648217105,4.55,4.56973293769,-0.276243093923,3.86956923748,0.19
6779,161.3,144.2,137.824842105,4.27,-4.27299703264,-0.414364640884,3.25273038909,-0.09
6780,165.5,143.7,135.295494737,4.29,-1.78041543027,-0.759668508287,1.35784686952,-0.07
6781,170.2,143.7,135.295494737,4.38,1.00890207715,-0.759668508287,1.35784686952,0.02
6782,163.3,143.8,158.476199458,4.45,-3.08605341246,-0.690607734807,18.7238820361,0.09
6783,166.1,143.5,125.070398149,4.27,-1.42433234421,-0.897790055249,-6.30237696994,-0.09
6784,170.2,144,125.070398149,4.32,1.00890207715,-0.552486187845,-6.30237696994,-0.04
6785,164.5,140.4,125.070398149,4.32,-2.37388724036,-3.03867403315,-6.30237696994,-0.04
6786,199.9,144.5,135.295494737,4.35,18.6350148368,-0.207182320442,1.35784686952,-0.01
6787,190.9,144.7,138.648217105,4.46,13.293768546,-0.0690607734807,3.86956923748,0.1
6788,174.6,143.8,137.824842105,4.45,3.62017804154,-0.690607734807,3.25273038909,0.09
6789,161.3,144.3,128.393411802,4.31,-4.27299703264,-0.345303867403,-3.81291115555,-0.05
6790,162.2,143.3,125.070398149,4.21,-3.73887240356,-1.03591160221,-6.30237696994,-0.15
6791,174.4,144.8,125.070398149,4.29,3.50148367953,0,-6.30237696994,-0.07
6792,167.4,144.6,144.551595951,4.23,-0.652818991098,-0.138121546961,8.29213903749,-0.13
6793,168.4,144.2,137.824842105,4.6,-0.0593471810089,-0.414364640884,3.25273038909,0.24
6794,166.9,144.5,138.648217105,4.3,-0.949554896142,-0.207182320442,3.86956923748,-0.06
6795,190.9,144.6,144.551595951,4.29,13.293768546,-0.138121546961,8.29213903749,-0.07
6796,190.9,146.1,135.295494737,4.27,13.293768546,0.897790055249,1.35784686952,-0.09
6797,162.2,144.9,136.684714833,4.29,-3.73887240356,0.0690607734807,2.39859370297,-0.07
6798,164.8,143.9,138.648217105,4.38,-2.19584569733,-0.621546961326,3.86956923748,0.02
6799,167.6,144,137.824842105,4.47,-0.53412462908,-0.552486187845,3.25273038909,0.11
6800,169.4,143.2,135.295494737,4.47,0.53412462908,-1.10497237569,1.35784686952,0.11
6801,158.9,144.2,137.824842105,4.32,-5.69732937685,-0.414364640884,3.25273038909,-0.04
6802,158.9,144,144.551595951,4.41,-5.69732937685,-0.552486187845,8.29213903749,0.05
6803,171.8,146.1,135.295494737,4.46,1.95845697329,0.897790055249,1.35784686952,0.1
6804,167.5,145.1,136.684714833,4.41,-0.593471810089,0.207182320442,2.39859370297,0.05
6805,168.3,143.7,128.393411802,4.44,-0.118694362018,-0.759668508287,-3.81291115555,0.08
6806,174.5,147.5,128.393411802,4.44,3.56083086053,1.86464088398,-3.81291115555,0.08
6807,146.7,144,136.684714833,4.44,-12.9376854599,-0.552486187845,2.39859370297,0.08
6808,167.5,144.6,135.295494737,4.47,-0.593471810089,-0.138121546961,1.35784686952,0.11
6809,174.6,144.2,128.393411802,4.27,3.62017804154,-0.414364640884,-3.81291115555,-0.09
6810,167.9,143.3,144.551595951,4.6,-0.356083086053,-1.03591160221,8.29213903749,0.24
6811,165.5,143.5,128.393411802,4.47,-1.78041543027,-0.897790055249,-3.81291115555,0.11
6812,167.5,144.8,136.684714833,4.27,-0.593471810089,0,2.39859370297,-0.09
6813,199.6,144.5,122.121664327,4.41,18.4569732938,-0.207182320442,-8.51144765439,0.05
6814,163.7,148,138.648217105,4.39,-2.84866468843,2.20994475138,3.86956923748,0.03
6815,153.9,144.5,128.393411802,4.47,-8.6646884273,-0.207182320442,-3.81291115555,0.11
6816,166.4,145.7,135.295494737,4.35,-1.24629080119,0.621546961326,1.35784686952,-0.01
6817,171.8,144.5,122.121664327,4.6,1.95845697329,-0.207182320442,-8.51144765439,0.24
6818,185.7,144.7,122.121664327,4.44,10.2077151335,-0.0690607734807,-8.51144765439,0.08
6819,162.9,144,135.295494737,4.32,-3.3234421365,-0.552486187845,1.35784686952,-0.04
6820,171.8,141.6,128.393411802,4.38,1.95845697329,-2.20994475138,-3.81291115555,0.02
6821,164.8,143.4,144.551595951,4.6,-2.19584569733,-0.966850828729,8.29213903749,0.24
6822,190.9,144.4,138.648217105,4.31,13.293768546,-0.276243093923,3.86956923748,-0.05
6823,159.8,143.7,136.684714833,4.53,-5.16320474777,-0.759668508287,2.39859370297,0.17
6824,174.1,144.2,125.070398149,4.3,3.3234421365,-0.414364640884,-6.30237696994,-0.06
6825,176,143.8,128.393411802,4.21,4.45103857567,-0.690607734807,-3.81291115555,-0.15
6826,160.6,144.3,137.824842105,4.3,-4.6884272997,-0.345303867403,3.25273038909,-0.06
6827,177.5,144.2,144.551595951,4.24,5.3412462908,-0.414364640884,8.29213903749,-0.12
6828,170.2,144.9,138.648217105,4.41,1.00890207715,0.0690607734807,3.86956923748,0.05
6829,169.9,145.2,135.295494737,4.47,0.830860534125,0.276243093923,1.35784686952,0.11
6830,199.9,144,122.121664327,4.29,18.6350148368,-0.552486187845,-8.51144765439,-0.07
6831,169.8,144.2,137.824842105,4.31,0.771513353116,-0.414364640884,3.25273038909,-0.05
6832,168.3,144.8,138.648217105,4.47,-0.118694362018,0,3.86956923748,0.11
6833,169.2,144.4,122.121664327,4.41,0.415430267062,-0.276243093923,-8.51144765439,0.05
6834,153.9,144.8,135.295494737,4.21,-8.6646884273,0,1.35784686952,-0.15
6835,165.4,145.8,128.393411802,4.44,-1.83976261128,0.690607734807,-3.81291115555,0.08
6836,167.5,144.8,144.551595951,4.3,-0.593471810089,0,8.29213903749,-0.06
6837,170.2,143.5,137.824842105,4.27,1.00890207715,-0.897790055249,3.25273038909,-0.09
6838,168.6,145.7,124.919575439,4.27,0.0593471810089,0.621546961326,-6.4153671714,-0.09
6839,171.2,143.3,122.121664327,4.47,1.60237388724,-1.03591160221,-8.51144765439,0.11
6840,169.4,143.5,135.295494737,4.23,0.53412462908,-0.897790055249,1.35784686952,-0.13
6841,165.4,145.2,125.070398149,4.44,-1.83976261128,0.276243093923,-6.30237696994,0.08
6842,176.2,144.6,137.824842105,4.3,4.56973293769,-0.138121546961,3.25273038909,-0.06
6843,165.4,144.5,136.684714833,4.44,-1.83976261128,-0.207182320442,2.39859370297,0.08
6844,167.5,147.1,122.121664327,4.44,-0.593471810089,1.58839779006,-8.51144765439,0.08
6845,164.8,141.4,128.393411802,4.27,-2.19584569733,-2.34806629834,-3.81291115555,-0.09
6846,170.1,145.2,135.295494737,4.47,0.949554896142,0.276243093923,1.35784686952,0.11
6847,169.2,144.5,137.824842105,4.23,0.415430267062,-0.207182320442,3.25273038909,-0.13
6848,169.3,141,137.824842105,4.21,0.474777448071,-2.62430939227,3.25273038909,-0.15
6849,170.2,144,144.551595951,4.35,1.00890207715,-0.552486187845,8.29213903749,-0.01
6850,192.4,143.3,158.476199458,4.41,14.1839762611,-1.03591160221,18.7238820361,0.05
6851,167.1,144.8,158.476199458,4.29,-0.830860534125,0,18.7238820361,-0.07
6852,159.8,144.5,122.121664327,4.3,-5.16320474777,-0.207182320442,-8.51144765439,-0.06
6853,170,143.5,138.648217105,4.23,0.890207715134,-0.897790055249,3.86956923748,-0.13
6854,169.8,144.6,125.070398149,4.3,0.771513353116,-0.138121546961,-6.30237696994,-0.06
6855,170.1,144,144.551595951,4.44,0.949554896142,-0.552486187845,8.29213903749,0.08
6856,167.3,143.7,137.824842105,4.27,-0.712166172107,-0.759668508287,3.25273038909,-0.09
6857,164.5,143.6,122.121664327,4.27,-2.37388724036,-0.828729281768,-8.51144765439,-0.09
6858,168.4,142.6,138.648217105,4.55,-0.0593471810089,-1.51933701657,3.86956923748,0.19
6859,165.7,141,122.121664327,4.41,-1.66172106825,-2.62430939227,-8.51144765439,0.05
6860,163.7,143.9,128.393411802,4.29,-2.84866468843,-0.621546961326,-3.81291115555,-0.07
6861,164.3,144.8,138.648217105,4.34,-2.49258160237,0,3.86956923748,-0.02
6862,165.7,143.5,138.648217105,4.36,-1.66172106825,-0.897790055249,3.86956923748,0
6863,170.1,144.9,136.684714833,4.24,0.949554896142,0.0690607734807,2.39859370297,-0.12
6864,168.2,144,135.295494737,4.47,-0.178041543027,-0.552486187845,1.35784686952,0.11
6865,165,145.2,125.070398149,4.42,-2.07715133531,0.276243093923,-6.30237696994,0.06
6866,162.9,144.5,128.393411802,4.46,-3.3234421365,-0.207182320442,-3.81291115555,0.1
6867,169.4,144.4,144.551595951,4.6,0.53412462908,-0.276243093923,8.29213903749,0.24
6868,171.2,141.4,144.551595951,4.41,1.60237388724,-2.34806629834,8.29213903749,0.05
6869,168.6,144,137.824842105,4.38,0.0593471810089,-0.552486187845,3.25273038909,0.02
6870,161.3,141.4,124.919575439,4.41,-4.27299703264,-2.34806629834,-6.4153671714,0.05
6871,159.8,144.4,135.295494737,4.41,-5.16320474777,-0.276243093923,1.35784686952,0.05
6872,161.3,144.2,136.684714833,4.31,-4.27299703264,-0.414364640884,2.39859370297,-0.05
6873,168.6,143.4,138.648217105,4.46,0.0593471810089,-0.966850828729,3.86956923748,0.1
6874,171,144.8,138.648217105,4.42,1.48367952522,0,3.86956923748,0.06
6875,168.2,144.9,125.070398149,4.35,-0.178041543027,0.0690607734807,-6.30237696994,-0.01
6876,167.3,143.9,125.070398149,4.46,-0.712166172107,-0.621546961326,-6.30237696994,0.1
6877,174.5,143.8,122.121664327,4.45,3.56083086053,-0.690607734807,-8.51144765439,0.09
6878,166.1,144,135.295494737,4.29,-1.42433234421,-0.552486187845,1.35784686952,-0.07
6879,164.3,147.5,124.919575439,4.35,-2.49258160237,1.86464088398,-6.4153671714,-0.01
6880,166.4,140.4,128.393411802,4.47,-1.24629080119,-3.03867403315,-3.81291115555,0.11
6881,170.1,144.9,135.295494737,4.47,0.949554896142,0.0690607734807,1.35784686952,0.11
6882,168.2,143.3,124.919575439,4.3,-0.178041543027,-1.03591160221,-6.4153671714,-0.06
6883,174.6,146.9,128.393411802,4.6,3.62017804154,1.45027624309,-3.81291115555,0.24
6884,153.9,145.5,124.919575439,4.46,-8.6646884273,0.483425414365,-6.4153671714,0.1
6885,165.7,145.8,128.393411802,4.35,-1.66172106825,0.690607734807,-3.81291115555,-0.01
6886,167.6,143.5,125.070398149,4.29,-0.53412462908,-0.897790055249,-6.30237696994,-0.07
6887,199.6,145.2,136.684714833,4.32,18.4569732938,0.276243093923,2.39859370297,-0.04
6888,166.9,145.5,124.919575439,4.6,-0.949554896142,0.483425414365,-6.4153671714,0.24
6889,164.5,143.5,138.648217105,4.34,-2.37388724036,-0.897790055249,3.86956923748,-0.02
6890,146.7,144.8,138.648217105,4.3,-12.9376854599,0,3.86956923748,-0.06
6891,169.4,148,125.070398149,4.41,0.53412462908,2.20994475138,-6.30237696994,0.05
6892,162.2,144.8,138.648217105,4.38,-3.73887240356,0,3.86956923748,0.02
6893,174.3,144.2,158.476199458,4.29,3.44213649852,-0.414364640884,18.7238820361,-0.07
6894,174.4,143.7,122.121664327,4.35,3.50148367953,-0.759668508287,-8.51144765439,-0.01
6895,164.8,143.4,136.684714833,4.41,-2.19584569733,-0.966850828729,2.39859370297,0.05
6896,163.7,144.9,122.121664327,4.3,-2.84866468843,0.0690607734807,-8.51144765439,-0.06
6897,169.3,148,122.121664327,4.39,0.474777448071,2.20994475138,-8.51144765439,0.03
6898,176,144,138.648217105,4.53,4.45103857567,-0.552486187845,3.86956923748,0.17
6899,161.6,144.8,124.919575439,4.3,-4.09495548961,0,-6.4153671714,-0.06
6900,166.9,144.5,144.551595951,4.53,-0.949554896142,-0.207182320442,8.29213903749,0.17
6901,199.9,144.5,158.476199458,4.21,18.6350148368,-0.207182320442,18.7238820361,-0.15
6902,166.1,145.8,135.295494737,4.46,-1.42433234421,0.690607734807,1.35784686952,0.1
6903,199.9,144.3,137.824842105,4.46,18.6350148368,-0.345303867403,3.25273038909,0.1
6904,173.2,143.8,137.824842105,4.6,2.78931750742,-0.690607734807,3.25273038909,0.24
6905,176.2,144.4,124.919575439,4.21,4.56973293769,-0.276243093923,-6.4153671714,-0.15
6906,167.8,144,128.393411802,4.47,-0.415430267062,-0.552486187845,-3.81291115555,0.11
6907,165.5,143.7,144.551595951,4.34,-1.78041543027,-0.759668508287,8.29213903749,-0.02
6908,162.2,145.1,137.824842105,4.34,-3.73887240356,0.207182320442,3.25273038909,-0.02
6909,169.3,146.1,135.295494737,4.46,0.474777448071,0.897790055249,1.35784686952,0.1
6910,174.5,143.9,124.919575439,4.6,3.56083086053,-0.621546961326,-6.4153671714,0.24
6911,190.9,145.1,136.684714833,4.3,13.293768546,0.207182320442,2.39859370297,-0.06
6912,173.3,143.4,128.393411802,4.39,2.84866468843,-0.966850828729,-3.81291115555,0.03
6913,165,147.9,125.070398149,4.53,-2.07715133531,2.1408839779,-6.30237696994,0.17
6914,169.4,144.2,138.648217105,4.38,0.53412462908,-0.414364640884,3.86956923748,0.02
6915,167.6,141.6,137.824842105,4.24,-0.53412462908,-2.20994475138,3.25273038909,-0.12
6916,165.5,147.3,122.121664327,4.38,-1.78041543027,1.72651933702,-8.51144765439,0.02
6917,168.2,146.1,137.824842105,4.29,-0.178041543027,0.897790055249,3.25273038909,-0.07
6918,165.7,144.2,137.824842105,4.3,-1.66172106825,-0.414364640884,3.25273038909,-0.06
6919,170.8,142.6,122.121664327,4.41,1.3649851632,-1.51933701657,-8.51144765439,0.05
6920,158.9,144.8,124.919575439,4.31,-5.69732937685,0,-6.4153671714,-0.05
6921,199.6,143.5,122.121664327,4.27,18.4569732938,-0.897790055249,-8.51144765439,-0.09
6922,162.9,144,158.476199458,4.3,-3.3234421365,-0.552486187845,18.7238820361,-0.06
6923,198.1,142.8,136.684714833,4.47,17.5667655786,-1.38121546961,2.39859370297,0.11
6924,165,144.9,144.551595951,4.32,-2.07715133531,0.0690607734807,8.29213903749,-0.04
6925,174.5,148,124.919575439,4.27,3.56083086053,2.20994475138,-6.4153671714,-0.09
6926,165.4,144.1,137.824842105,4.53,-1.83976261128,-0.483425414365,3.25273038909,0.17
6927,167.1,144.4,125.070398149,4.39,-0.830860534125,-0.276243093923,-6.30237696994,0.03
6928,161.7,143.4,144.551595951,4.6,-4.03560830861,-0.966850828729,8.29213903749,0.24
6929,176,144.6,122.121664327,4.38,4.45103857567,-0.138121546961,-8.51144765439,0.02
6930,161.6,146.3,144.551595951,4.23,-4.09495548961,1.03591160221,8.29213903749,-0.13
6931,167.4,144,158.476199458,4.6,-0.652818991098,-0.552486187845,18.7238820361,0.24
6932,167.1,143.9,144.551595951,4.39,-0.830860534125,-0.621546961326,8.29213903749,0.03
6933,170.1,143.5,137.824842105,4.3,0.949554896142,-0.897790055249,3.25273038909,-0.06
6934,174.6,144.4,135.295494737,4.35,3.62017804154,-0.276243093923,1.35784686952,-0.01
6935,168.2,143.8,122.121664327,4.46,-0.178041543027,-0.690607734807,-8.51144765439,0.1
6936,173,144.5,125.070398149,4.44,2.6706231454,-0.207182320442,-6.30237696994,0.08
6937,169.8,144,122.121664327,4.55,0.771513353116,-0.552486187845,-8.51144765439,0.19
6938,167.1,144.2,137.824842105,4.46,-0.830860534125,-0.414364640884,3.25273038909,0.1
6939,163.7,145.2,124.919575439,4.45,-2.84866468843,0.276243093923,-6.4153671714,0.09
6940,162.6,144.8,138.648217105,4.39,-3.50148367953,0,3.86956923748,0.03
6941,192.4,143.2,144.551595951,4.39,14.1839762611,-1.10497237569,8.29213903749,0.03
6942,167.6,144.1,128.393411802,4.46,-0.53412462908,-0.483425414365,-3.81291115555,0.1
6943,174.1,143.4,138.648217105,4.46,3.3234421365,-0.966850828729,3.86956923748,0.1
6944,175.7,143.7,138.648217105,4.41,4.27299703264,-0.759668508287,3.86956923748,0.05
6945,158.9,144.8,137.824842105,4.35,-5.69732937685,0,3.25273038909,-0.01
6946,163.7,146.9,125.070398149,4.3,-2.84866468843,1.45027624309,-6.30237696994,-0.06
6947,168.6,144.6,137.824842105,4.38,0.0593471810089,-0.138121546961,3.25273038909,0.02
6948,173.3,144.1,136.684714833,4.39,2.84866468843,-0.483425414365,2.39859370297,0.03
6949,146.7,143.9,135.295494737,4.41,-12.9376854599,-0.621546961326,1.35784686952,0.05
6950,167.1,146.9,136.684714833,4.47,-0.830860534125,1.45027624309,2.39859370297,0.11
6951,170.6,144.5,125.070398149,4.39,1.24629080119,-0.207182320442,-6.30237696994,0.03
6952,173.2,144.2,122.121664327,4.21,2.78931750742,-0.414364640884,-8.51144765439,-0.15
6953,169.2,144,137.824842105,4.23,0.415430267062,-0.552486187845,3.25273038909,-0.13
6954,167.1,144.9,128.393411802,4.3,-0.830860534125,0.0690607734807,-3.81291115555,-0.06
6955,165.5,145.7,135.295494737,4.6,-1.78041543027,0.621546961326,1.35784686952,0.24
6956,162.9,144.8,144.551595951,4.29,-3.3234421365,0,8.29213903749,-0.07
6957,168.2,147.9,122.121664327,4.32,-0.178041543027,2.1408839779,-8.51144765439,-0.04
6958,168.2,145.7,144.551595951,4.35,-0.178041543027,0.621546961326,8.29213903749,-0.01
6959,164.5,143.8,144.551595951,4.3,-2.37388724036,-0.690607734807,8.29213903749,-0.06
6960,146.7,144.6,125.070398149,4.45,-12.9376854599,-0.138121546961,-6.30237696994,0.09
6961,167.4,143.2,136.684714833,4.41,-0.652818991098,-1.10497237569,2.39859370297,0.05
6962,165.5,144.6,137.824842105,4.41,-1.78041543027,-0.138121546961,3.25273038909,0.05
6963,163.7,144.2,137.824842105,4.55,-2.84866468843,-0.414364640884,3.25273038909,0.19
6964,169.8,141,158.476199458,4.35,0.771513353116,-2.62430939227,18.7238820361,-0.01
6965,160.6,145.2,138.648217105,4.3,-4.6884272997,0.276243093923,3.86956923748,-0.06
6966,168.3,144.2,125.070398149,4.29,-0.118694362018,-0.414364640884,-6.30237696994,-0.07
6967,163.7,144.6,138.648217105,4.21,-2.84866468843,-0.138121546961,3.86956923748,-0.15
6968,170.1,145.2,122.121664327,4.35,0.949554896142,0.276243093923,-8.51144765439,-0.01
6969,176,144.1,125.070398149,4.46,4.45103857567,-0.483425414365,-6.30237696994,0.1
6970,169.2,148.6,158.476199458,4.31,0.415430267062,2.62430939227,18.7238820361,-0.05
6971,161.3,144.8,138.648217105,4.44,-4.27299703264,0,3.86956923748,0.08
6972,199.6,144,137.824842105,4.42,18.4569732938,-0.552486187845,3.25273038909,0.06
6973,174.5,143.7,136.684714833,4.53,3.56083086053,-0.759668508287,2.39859370297,0.17
6974,161.7,145.1,135.295494737,4.45,-4.03560830861,0.207182320442,1.35784686952,0.09
6975,166.2,143.7,138.648217105,4.6,-1.3649851632,-0.759668508287,3.86956923748,0.24
6976,164.3,145.2,135.295494737,4.3,-2.49258160237,0.276243093923,1.35784686952,-0.06
6977,166.9,145.2,158.476199458,4.3,-0.949554896142,0.276243093923,18.7238820361,-0.06
6978,164.8,144.4,136.684714833,4.38,-2.19584569733,-0.276243093923,2.39859370297,0.02
6979,166.1,144.2,144.551595951,4.23,-1.42433234421,-0.414364640884,8.29213903749,-0.13
6980,170,143.2,124.919575439,4.6,0.890207715134,-1.10497237569,-6.4153671714,0.24
6981,156.1,144.5,128.393411802,4.38,-7.3590504451,-0.207182320442,-3.81291115555,0.02
6982,169.4,143.5,136.684714833,4.46,0.53412462908,-0.897790055249,2.39859370297,0.1
6983,167.3,143.7,122.121664327,4.35,-0.712166172107,-0.759668508287,-8.51144765439,-0.01
6984,174.4,140.4,122.121664327,4.21,3.50148367953,-3.03867403315,-8.51144765439,-0.15
6985,167.5,143.2,144.551595951,4.44,-0.593471810089,-1.10497237569,8.29213903749,0.08
6986,164.8,143.7,125.070398149,4.36,-2.19584569733,-0.759668508287,-6.30237696994,0
6987,168.4,147.5,122.121664327,4.53,-0.0593471810089,1.86464088398,-8.51144765439,0.17
6988,162.2,144.6,135.295494737,4.31,-3.73887240356,-0.138121546961,1.35784686952,-0.05
6989,175.7,144,144.551595951,4.44,4.27299703264,-0.552486187845,8.29213903749,0.08
6990,167.6,145.5,128.393411802,4.21,-0.53412462908,0.483425414365,-3.81291115555,-0.15
6991,170,146.9,124.919575439,4.32,0.890207715134,1.45027624309,-6.4153671714,-0.04
6992,167.3,144.8,158.476199458,4.21,-0.712166172107,0,18.7238820361,-0.15
6993,161.6,143.6,122.121664327,4.44,-4.09495548961,-0.828729281768,-8.51144765439,0.08
6994,164.5,143.7,124.919575439,4.47,-2.37388724036,-0.759668508287,-6.4153671714,0.11
6995,171,144,125.070398149,4.38,1.48367952522,-0.552486187845,-6.30237696994,0.02
6996,199.6,145.8,137.824842105,4.29,18.4569732938,0.690607734807,3.25273038909,-0.07
6997,168.4,144.3,137.824842105,4.44,-0.0593471810089,-0.345303867403,3.25273038909,0.08
6998,162.9,143.2,144.551595951,4.31,-3.3234421365,-1.10497237569,8.29213903749,-0.05
6999,171.8,147.5,136.684714833,4.42,1.95845697329,1.86464088398,2.39859370297,0.06
7000,165.4,144,158.476199458,4.44,-1.83976261128,-0.552486187845,18.7238820361,0.08
7001,163.7,144.4,137.824842105,4.29,-2.84866468843,-0.276243093923,3.25273038909,-0.07
7002,199.6,143.5,144.551595951,4.6,18.4569732938,-0.897790055249,8.29213903749,0.24
7003,167.3,144.4,125.070398149,4.3,-0.712166172107,-0.276243093923,-6.30237696994,-0.06
7004,170.2,143.4,136.684714833,4.24,1.00890207715,-0.966850828729,2.39859370297,-0.12
7005,168.6,144.5,144.551595951,4.29,0.0593471810089,-0.207182320442,8.29213903749,-0.07
7006,199.9,144.5,137.824842105,4.44,18.6350148368,-0.207182320442,3.25273038909,0.08
7007,174.1,143.3,125.070398149,4.42,3.3234421365,-1.03591160221,-6.30237696994,0.06
7008,176.6,146.3,137.824842105,4.44,4.80712166172,1.03591160221,3.25273038909,0.08
7009,166.9,144.2,138.648217105,4.55,-0.949554896142,-0.414364640884,3.86956923748,0.19
7010,185.7,143.7,125.070398149,4.46,10.2077151335,-0.759668508287,-6.30237696994,0.1
7011,167.5,143.6,125.070398149,4.23,-0.593471810089,-0.828729281768,-6.30237696994,-0.13
7012,174.3,144.6,137.824842105,4.31,3.44213649852,-0.138121546961,3.25273038909,-0.05
7013,171,144.3,136.684714833,4.44,1.48367952522,-0.345303867403,2.39859370297,0.08
7014,169.2,144.8,124.919575439,4.38,0.415430267062,0,-6.4153671714,0.02
7015,174.3,143.9,158.476199458,4.55,3.44213649852,-0.621546961326,18.7238820361,0.19
7016,161.6,142.6,137.824842105,4.31,-4.09495548961,-1.51933701657,3.25273038909,-0.05
7017,176.6,144.4,125.070398149,4.36,4.80712166172,-0.276243093923,-6.30237696994,0
7018,166.1,143.6,128.393411802,4.3,-1.42433234421,-0.828729281768,-3.81291115555,-0.06
7019,167.9,143.4,135.295494737,4.45,-0.356083086053,-0.966850828729,1.35784686952,0.09
7020,174.3,143.9,128.393411802,4.36,3.44213649852,-0.621546961326,-3.81291115555,0
7021,168.7,144.5,158.476199458,4.32,0.118694362018,-0.207182320442,18.7238820361,-0.04
7022,166.2,144.1,122.121664327,4.21,-1.3649851632,-0.483425414365,-8.51144765439,-0.15
7023,165.5,144.2,158.476199458,4.24,-1.78041543027,-0.414364640884,18.7238820361,-0.12
7024,170.8,143.7,144.551595951,4.53,1.3649851632,-0.759668508287,8.29213903749,0.17
7025,170.3,143.4,136.684714833,4.44,1.06824925816,-0.966850828729,2.39859370297,0.08
7026,172.4,147.3,137.824842105,4.29,2.31454005935,1.72651933702,3.25273038909,-0.07
7027,165,147.9,137.824842105,4.47,-2.07715133531,2.1408839779,3.25273038909,0.11
7028,161.3,143.4,158.476199458,4.27,-4.27299703264,-0.966850828729,18.7238820361,-0.09
7029,171.8,142.8,135.295494737,4.32,1.95845697329,-1.38121546961,1.35784686952,-0.04
7030,170.1,142.6,135.295494737,4.31,0.949554896142,-1.51933701657,1.35784686952,-0.05
7031,161.7,144,135.295494737,4.24,-4.03560830861,-0.552486187845,1.35784686952,-0.12
7032,166.4,144.5,128.393411802,4.32,-1.24629080119,-0.207182320442,-3.81291115555,-0.04
7033,170.1,143.6,135.295494737,4.24,0.949554896142,-0.828729281768,1.35784686952,-0.12
7034,162.9,144.9,135.295494737,4.36,-3.3234421365,0.0690607734807,1.35784686952,0
7035,159.8,144.5,138.648217105,4.46,-5.16320474777,-0.207182320442,3.86956923748,0.1
7036,171.8,144.2,124.919575439,4.23,1.95845697329,-0.414364640884,-6.4153671714,-0.13
7037,174.5,143.7,124.919575439,4.53,3.56083086053,-0.759668508287,-6.4153671714,0.17
7038,169.2,144.2,136.684714833,4.3,0.415430267062,-0.414364640884,2.39859370297,-0.06
7039,176,147.5,136.684714833,4.27,4.45103857567,1.86464088398,2.39859370297,-0.09
7040,165.4,141,125.070398149,4.3,-1.83976261128,-2.62430939227,-6.30237696994,-0.06
7041,176.2,144.3,135.295494737,4.27,4.56973293769,-0.345303867403,1.35784686952,-0.09
7042,162.6,141.6,136.684714833,4.47,-3.50148367953,-2.20994475138,2.39859370297,0.11
7043,161.3,144.2,125.070398149,4.21,-4.27299703264,-0.414364640884,-6.30237696994,-0.15
7044,169.2,142.8,124.919575439,4.41,0.415430267062,-1.38121546961,-6.4153671714,0.05
7045,170.2,143.5,138.648217105,4.6,1.00890207715,-0.897790055249,3.86956923748,0.24
7046,168.6,144.4,135.295494737,4.3,0.0593471810089,-0.276243093923,1.35784686952,-0.06
7047,174.1,148.6,144.551595951,4.29,3.3234421365,2.62430939227,8.29213903749,-0.07
7048,168.4,144.5,125.070398149,4.44,-0.0593471810089,-0.207182320442,-6.30237696994,0.08
7049,162.6,148.6,124.919575439,4.41,-3.50148367953,2.62430939227,-6.4153671714,0.05
7050,166.4,144.8,138.648217105,4.31,-1.24629080119,0,3.86956923748,-0.05
7051,162.6,144.1,137.824842105,4.24,-3.50148367953,-0.483425414365,3.25273038909,-0.12
7052,161.7,144.1,138.648217105,4.29,-4.03560830861,-0.483425414365,3.86956923748,-0.07
7053,163.3,144.5,122.121664327,4.44,-3.08605341246,-0.207182320442,-8.51144765439,0.08
7054,153.9,143.5,135.295494737,4.55,-8.6646884273,-0.897790055249,1.35784686952,0.19
7055,168.7,144.4,138.648217105,4.23,0.118694362018,-0.276243093923,3.86956923748,-0.13
7056,169.2,143.4,125.070398149,4.46,0.415430267062,-0.966850828729,-6.30237696994,0.1
7057,199.9,145.2,138.648217105,4.29,18.6350148368,0.276243093923,3.86956923748,-0.07
7058,170.6,144.5,128.393411802,4.32,1.24629080119,-0.207182320442,-3.81291115555,-0.04
7059,169.9,143.7,158.476199458,4.32,0.830860534125,-0.759668508287,18.7238820361,-0.04
7060,160.6,145.7,136.684714833,4.21,-4.6884272997,0.621546961326,2.39859370297,-0.15
7061,158.9,147.5,158.476199458,4.53,-5.69732937685,1.86464088398,18.7238820361,0.17
7062,167.5,142.8,125.070398149,4.45,-0.593471810089,-1.38121546961,-6.30237696994,0.09
7063,161.3,144.8,138.648217105,4.44,-4.27299703264,0,3.86956923748,0.08
7064,167.1,144.2,138.648217105,4.47,-0.830860534125,-0.414364640884,3.86956923748,0.11
7065,166.2,143.5,136.684714833,4.27,-1.3649851632,-0.897790055249,2.39859370297,-0.09
7066,174.6,145.2,122.121664327,4.24,3.62017804154,0.276243093923,-8.51144765439,-0.12
7067,170.2,144.4,136.684714833,4.44,1.00890207715,-0.276243093923,2.39859370297,0.08
7068,159.8,145.2,136.684714833,4.41,-5.16320474777,0.276243093923,2.39859370297,0.05
7069,176,144.6,122.121664327,4.39,4.45103857567,-0.138121546961,-8.51144765439,0.03
7070,164.5,144.1,128.393411802,4.32,-2.37388724036,-0.483425414365,-3.81291115555,-0.04
7071,176,144.2,158.476199458,4.34,4.45103857567,-0.414364640884,18.7238820361,-0.02
7072,166.2,144.5,135.295494737,4.35,-1.3649851632,-0.207182320442,1.35784686952,-0.01
7073,168.6,142.6,136.684714833,4.34,0.0593471810089,-1.51933701657,2.39859370297,-0.02
7074,171,144.6,136.684714833,4.23,1.48367952522,-0.138121546961,2.39859370297,-0.13
7075,173.2,144.3,137.824842105,4.45,2.78931750742,-0.345303867403,3.25273038909,0.09
7076,173.2,143.3,128.393411802,4.41,2.78931750742,-1.03591160221,-3.81291115555,0.05
7077,176,141,136.684714833,4.55,4.45103857567,-2.62430939227,2.39859370297,0.19
7078,168.6,147.1,138.648217105,4.3,0.0593471810089,1.58839779006,3.86956923748,-0.06
7079,174.6,143.7,128.393411802,4.45,3.62017804154,-0.759668508287,-3.81291115555,0.09
7080,199.9,144,136.684714833,4.35,18.6350148368,-0.552486187845,2.39859370297,-0.01
7081,165.7,144.4,124.919575439,4.39,-1.66172106825,-0.276243093923,-6.4153671714,0.03
7082,170.3,143.5,136.684714833,4.23,1.06824925816,-0.897790055249,2.39859370297,-0.13
7083,166.4,145.8,128.393411802,4.31,-1.24629080119,0.690607734807,-3.81291115555,-0.05
7084,173.2,143.7,135.295494737,4.35,2.78931750742,-0.759668508287,1.35784686952,-0.01
7085,166.4,144.5,158.476199458,4.32,-1.24629080119,-0.207182320442,18.7238820361,-0.04
7086,169.3,144.9,138.648217105,4.35,0.474777448071,0.0690607734807,3.86956923748,-0.01
7087,164.5,144.5,158.476199458,4.41,-2.37388724036,-0.207182320442,18.7238820361,0.05
7088,165.5,143.4,125.070398149,4.46,-1.78041543027,-0.966850828729,-6.30237696994,0.1
7089,163.7,142.8,138.648217105,4.45,-2.84866468843,-1.38121546961,3.86956923748,0.09
7090,165.7,144.2,144.551595951,4.24,-1.66172106825,-0.414364640884,8.29213903749,-0.12
7091,176.2,145.7,128.393411802,4.34,4.56973293769,0.621546961326,-3.81291115555,-0.02
7092,174.5,144.4,138.648217105,4.38,3.56083086053,-0.276243093923,3.86956923748,0.02
7093,159.8,143.2,137.824842105,4.46,-5.16320474777,-1.10497237569,3.25273038909,0.1
7094,170.6,145.1,144.551595951,4.24,1.24629080119,0.207182320442,8.29213903749,-0.12
7095,174.4,144.4,124.919575439,4.35,3.50148367953,-0.276243093923,-6.4153671714,-0.01
7096,164.8,143.9,125.070398149,4.44,-2.19584569733,-0.621546961326,-6.30237696994,0.08
7097,164.3,143.4,128.393411802,4.44,-2.49258160237,-0.966850828729,-3.81291115555,0.08
7098,171,143.6,144.551595951,4.3,1.48367952522,-0.828729281768,8.29213903749,-0.06
7099,168.7,144.2,144.551595951,4.45,0.118694362018,-0.414364640884,8.29213903749,0.09
7100,170.3,145.7,122.121664327,4.23,1.06824925816,0.621546961326,-8.51144765439,-0.13
7101,173.2,144.8,138.648217105,4.32,2.78931750742,0,3.86956923748,-0.04
7102,167.5,145.8,128.393411802,4.35,-0.593471810089,0.690607734807,-3.81291115555,-0.01
7103,170.2,141,125.070398149,4.45,1.00890207715,-2.62430939227,-6.30237696994,0.09
7104,174.3,144.5,124.919575439,4.46,3.44213649852,-0.207182320442,-6.4153671714,0.1
7105,177.5,144.6,125.070398149,4.6,5.3412462908,-0.138121546961,-6.30237696994,0.24
7106,192.4,144.5,158.476199458,4.44,14.1839762611,-0.207182320442,18.7238820361,0.08
7107,170.3,143.9,124.919575439,4.53,1.06824925816,-0.621546961326,-6.4153671714,0.17
7108,170,144.8,125.070398149,4.29,0.890207715134,0,-6.30237696994,-0.07
7109,165,143.6,144.551595951,4.45,-2.07715133531,-0.828729281768,8.29213903749,0.09
7110,177.5,144.9,135.295494737,4.3,5.3412462908,0.0690607734807,1.35784686952,-0.06
7111,170.2,143.3,138.648217105,4.55,1.00890207715,-1.03591160221,3.86956923748,0.19
7112,199.9,145.2,122.121664327,4.35,18.6350148368,0.276243093923,-8.51144765439,-0.01
7113,169.3,143.3,144.551595951,4.29,0.474777448071,-1.03591160221,8.29213903749,-0.07
7114,199.6,144.2,138.648217105,4.3,18.4569732938,-0.414364640884,3.86956923748,-0.06
7115,169.4,144.5,125.070398149,4.23,0.53412462908,-0.207182320442,-6.30237696994,-0.13
7116,169.2,144.5,122.121664327,4.35,0.415430267062,-0.207182320442,-8.51144765439,-0.01
7117,192.4,144.4,124.919575439,4.3,14.1839762611,-0.276243093923,-6.4153671714,-0.06
7118,164.5,144.2,128.393411802,4.29,-2.37388724036,-0.414364640884,-3.81291115555,-0.07
7119,168.6,143.2,144.551595951,4.6,0.0593471810089,-1.10497237569,8.29213903749,0.24
7120,174.5,144.5,125.070398149,4.44,3.56083086053,-0.207182320442,-6.30237696994,0.08
7121,160.6,144,158.476199458,4.36,-4.6884272997,-0.552486187845,18.7238820361,0
7122,177.5,143.4,138.648217105,4.36,5.3412462908,-0.966850828729,3.86956923748,0
7123,163.7,144.7,144.551595951,4.46,-2.84866468843,-0.0690607734807,8.29213903749,0.1
7124,172.4,146.9,122.121664327,4.44,2.31454005935,1.45027624309,-8.51144765439,0.08
7125,159.8,144,128.393411802,4.3,-5.16320474777,-0.552486187845,-3.81291115555,-0.06
7126,169.4,144,144.551595951,4.29,0.53412462908,-0.552486187845,8.29213903749,-0.07
7127,164.6,145.2,136.684714833,4.42,-2.31454005935,0.276243093923,2.39859370297,0.06
7128,168.4,143.9,135.295494737,4.32,-0.0593471810089,-0.621546961326,1.35784686952,-0.04
7129,169.4,143.6,158.476199458,4.46,0.53412462908,-0.828729281768,18.7238820361,0.1
7130,167.1,141,125.070398149,4.47,-0.830860534125,-2.62430939227,-6.30237696994,0.11
7131,199.6,141,138.648217105,4.3,18.4569732938,-2.62430939227,3.86956923748,-0.06
7132,170.6,141,124.919575439,4.44,1.24629080119,-2.62430939227,-6.4153671714,0.08
7133,174.4,144,124.919575439,4.47,3.50148367953,-0.552486187845,-6.4153671714,0.11
7134,169.3,144.8,158.476199458,4.29,0.474777448071,0,18.7238820361,-0.07
7135,161.6,148.6,158.476199458,4.29,-4.09495548961,2.62430939227,18.7238820361,-0.07
7136,174.1,147.9,136.684714833,4.44,3.3234421365,2.1408839779,2.39859370297,0.08
7137,174.1,144.4,137.824842105,4.47,3.3234421365,-0.276243093923,3.25273038909,0.11
7138,169.8,141.4,124.919575439,4.27,0.771513353116,-2.34806629834,-6.4153671714,-0.09
7139,166.4,143.8,135.295494737,4.3,-1.24629080119,-0.690607734807,1.35784686952,-0.06
7140,192.4,146.3,135.295494737,4.21,14.1839762611,1.03591160221,1.35784686952,-0.15
7141,175.7,143.2,125.070398149,4.3,4.27299703264,-1.10497237569,-6.30237696994,-0.06
7142,169.9,143.9,144.551595951,4.38,0.830860534125,-0.621546961326,8.29213903749,0.02
7143,160.6,143.7,138.648217105,4.21,-4.6884272997,-0.759668508287,3.86956923748,-0.15
7144,171.8,146.3,137.824842105,4.3,1.95845697329,1.03591160221,3.25273038909,-0.06
7145,177.5,143.3,125.070398149,4.27,5.3412462908,-1.03591160221,-6.30237696994,-0.09
7146,167.5,144.6,125.070398149,4.27,-0.593471810089,-0.138121546961,-6.30237696994,-0.09
7147,161.3,143.2,137.824842105,4.53,-4.27299703264,-1.10497237569,3.25273038909,0.17
7148,167.6,143.2,124.919575439,4.38,-0.53412462908,-1.10497237569,-6.4153671714,0.02
7149,173,147.9,136.684714833,4.32,2.6706231454,2.1408839779,2.39859370297,-0.04
7150,166.1,147.9,128.393411802,4.29,-1.42433234421,2.1408839779,-3.81291115555,-0.07
7151,166.1,148.6,137.824842105,4.38,-1.42433234421,2.62430939227,3.25273038909,0.02
7152,171,148,136.684714833,4.44,1.48367952522,2.20994475138,2.39859370297,0.08
7153,163.7,144.2,122.121664327,4.31,-2.84866468843,-0.414364640884,-8.51144765439,-0.05
7154,171.8,144.2,128.393411802,4.31,1.95845697329,-0.414364640884,-3.81291115555,-0.05
7155,165.7,144.5,122.121664327,4.41,-1.66172106825,-0.207182320442,-8.51144765439,0.05
7156,166.4,145.5,144.551595951,4.47,-1.24629080119,0.483425414365,8.29213903749,0.11
7157,167.1,145.1,158.476199458,4.23,-0.830860534125,0.207182320442,18.7238820361,-0.13
7158,169.3,144.8,125.070398149,4.45,0.474777448071,0,-6.30237696994,0.09
7159,170.1,141,128.393411802,4.32,0.949554896142,-2.62430939227,-3.81291115555,-0.04
7160,167.4,146.1,125.070398149,4.35,-0.652818991098,0.897790055249,-6.30237696994,-0.01
7161,146.7,143.5,128.393411802,4.34,-12.9376854599,-0.897790055249,-3.81291115555,-0.02
7162,170.8,144.8,138.648217105,4.3,1.3649851632,0,3.86956923748,-0.06
7163,190.9,143.3,124.919575439,4.32,13.293768546,-1.03591160221,-6.4153671714,-0.04
7164,170.1,145.2,135.295494737,4.46,0.949554896142,0.276243093923,1.35784686952,0.1
7165,167.9,143.2,138.648217105,4.31,-0.356083086053,-1.10497237569,3.86956923748,-0.05
7166,164.5,143.4,144.551595951,4.29,-2.37388724036,-0.966850828729,8.29213903749,-0.07
7167,176,144.8,122.121664327,4.39,4.45103857567,0,-8.51144765439,0.03
7168,171,145.7,136.684714833,4.32,1.48367952522,0.621546961326,2.39859370297,-0.04
7169,167.8,143.7,144.551595951,4.23,-0.415430267062,-0.759668508287,8.29213903749,-0.13
7170,167.3,143.9,135.295494737,4.27,-0.712166172107,-0.621546961326,1.35784686952,-0.09
7171,169.9,144.6,138.648217105,4.55,0.830860534125,-0.138121546961,3.86956923748,0.19
7172,168.6,143.9,137.824842105,4.34,0.0593471810089,-0.621546961326,3.25273038909,-0.02
7173,164.8,143.9,158.476199458,4.6,-2.19584569733,-0.621546961326,18.7238820361,0.24
7174,190.9,143.6,125.070398149,4.38,13.293768546,-0.828729281768,-6.30237696994,0.02
7175,190.9,144.2,137.824842105,4.47,13.293768546,-0.414364640884,3.25273038909,0.11
7176,199.9,145.7,138.648217105,4.36,18.6350148368,0.621546961326,3.86956923748,0
7177,199.6,147.3,158.476199458,4.23,18.4569732938,1.72651933702,18.7238820361,-0.13
7178,170.1,144.9,135.295494737,4.3,0.949554896142,0.0690607734807,1.35784686952,-0.06
7179,169.3,144.2,136.684714833,4.23,0.474777448071,-0.414364640884,2.39859370297,-0.13
7180,159.8,145.1,125.070398149,4.39,-5.16320474777,0.207182320442,-6.30237696994,0.03
7181,170.2,145.2,137.824842105,4.53,1.00890207715,0.276243093923,3.25273038909,0.17
7182,170.8,144.2,144.551595951,4.41,1.3649851632,-0.414364640884,8.29213903749,0.05
7183,165.4,144.2,122.121664327,4.46,-1.83976261128,-0.414364640884,-8.51144765439,0.1
7184,199.6,143.9,138.648217105,4.3,18.4569732938,-0.621546961326,3.86956923748,-0.06
7185,164.5,140.4,136.684714833,4.47,-2.37388724036,-3.03867403315,2.39859370297,0.11
7186,166.4,143.8,144.551595951,4.23,-1.24629080119,-0.690607734807,8.29213903749,-0.13
7187,173,141,135.295494737,4.46,2.6706231454,-2.62430939227,1.35784686952,0.1
7188,160.6,144.9,125.070398149,4.36,-4.6884272997,0.0690607734807,-6.30237696994,0
7189,185.7,147.5,136.684714833,4.38,10.2077151335,1.86464088398,2.39859370297,0.02
7190,172.4,143.4,124.919575439,4.41,2.31454005935,-0.966850828729,-6.4153671714,0.05
7191,158.9,142.8,125.070398149,4.24,-5.69732937685,-1.38121546961,-6.30237696994,-0.12
7192,163.7,142.8,125.070398149,4.34,-2.84866468843,-1.38121546961,-6.30237696994,-0.02
7193,164.5,143.6,124.919575439,4.34,-2.37388724036,-0.828729281768,-6.4153671714,-0.02
7194,174.5,144.4,136.684714833,4.45,3.56083086053,-0.276243093923,2.39859370297,0.09
7195,170.2,144.8,144.551595951,4.32,1.00890207715,0,8.29213903749,-0.04
7196,169.4,144.5,144.551595951,4.41,0.53412462908,-0.207182320442,8.29213903749,0.05
7197,164.3,144.1,128.393411802,4.32,-2.49258160237,-0.483425414365,-3.81291115555,-0.04
7198,168.4,144,125.070398149,4.21,-0.0593471810089,-0.552486187845,-6.30237696994,-0.15
7199,168.4,144.2,136.684714833,4.38,-0.0593471810089,-0.414364640884,2.39859370297,0.02
7200,165.4,146.9,124.919575439,4.32,-1.83976261128,1.45027624309,-6.4153671714,-0.04
7201,192.4,144.9,137.824842105,4.39,14.1839762611,0.0690607734807,3.25273038909,0.03
7202,190.9,144.5,137.824842105,4.44,13.293768546,-0.207182320442,3.25273038909,0.08
7203,164.8,144.2,138.648217105,4.46,-2.19584569733,-0.414364640884,3.86956923748,0.1
7204,174.4,144.8,122.121664327,4.41,3.50148367953,0,-8.51144765439,0.05
7205,167.3,140.4,137.824842105,4.46,-0.712166172107,-3.03867403315,3.25273038909,0.1
7206,173.3,143.3,128.393411802,4.36,2.84866468843,-1.03591160221,-3.81291115555,0
7207,164.5,145.2,124.919575439,4.32,-2.37388724036,0.276243093923,-6.4153671714,-0.04
7208,168.7,144.5,158.476199458,4.46,0.118694362018,-0.207182320442,18.7238820361,0.1
7209,169.9,145.1,125.070398149,4.35,0.830860534125,0.207182320442,-6.30237696994,-0.01
7210,176.2,145.2,136.684714833,4.35,4.56973293769,0.276243093923,2.39859370297,-0.01
7211,190.9,144.5,158.476199458,4.32,13.293768546,-0.207182320442,18.7238820361,-0.04
7212,167.8,144,122.121664327,4.42,-0.415430267062,-0.552486187845,-8.51144765439,0.06
7213,165.5,144.4,137.824842105,4.24,-1.78041543027,-0.276243093923,3.25273038909,-0.12
7214,167.5,145.7,124.919575439,4.35,-0.593471810089,0.621546961326,-6.4153671714,-0.01
7215,174.5,144.8,138.648217105,4.41,3.56083086053,0,3.86956923748,0.05
7216,170.1,147.9,122.121664327,4.36,0.949554896142,2.1408839779,-8.51144765439,0
7217,173.2,145.1,128.393411802,4.3,2.78931750742,0.207182320442,-3.81291115555,-0.06
7218,175.7,145.7,128.393411802,4.36,4.27299703264,0.621546961326,-3.81291115555,0
7219,162.9,145.2,137.824842105,4.27,-3.3234421365,0.276243093923,3.25273038909,-0.09
7220,168.6,144.6,125.070398149,4.55,0.0593471810089,-0.138121546961,-6.30237696994,0.19
7221,177.5,144,144.551595951,4.32,5.3412462908,-0.552486187845,8.29213903749,-0.04
7222,174.5,147.5,138.648217105,4.45,3.56083086053,1.86464088398,3.86956923748,0.09
7223,156.1,142.6,137.824842105,4.23,-7.3590504451,-1.51933701657,3.25273038909,-0.13
7224,174.6,143.6,122.121664327,4.38,3.62017804154,-0.828729281768,-8.51144765439,0.02
7225,174.1,144.8,136.684714833,4.3,3.3234421365,0,2.39859370297,-0.06
7226,159.8,144.3,138.648217105,4.38,-5.16320474777,-0.345303867403,3.86956923748,0.02
7227,170.2,141.6,124.919575439,4.35,1.00890207715,-2.20994475138,-6.4153671714,-0.01
7228,169.4,144,135.295494737,4.29,0.53412462908,-0.552486187845,1.35784686952,-0.07
7229,166.4,143.4,137.824842105,4.36,-1.24629080119,-0.966850828729,3.25273038909,0
7230,169.2,145.2,135.295494737,4.27,0.415430267062,0.276243093923,1.35784686952,-0.09
7231,198.1,144.6,124.919575439,4.27,17.5667655786,-0.138121546961,-6.4153671714,-0.09
7232,170,143.3,136.684714833,4.27,0.890207715134,-1.03591160221,2.39859370297,-0.09
7233,168.6,144.1,136.684714833,4.41,0.0593471810089,-0.483425414365,2.39859370297,0.05
7234,174.3,144.8,125.070398149,4.44,3.44213649852,0,-6.30237696994,0.08
7235,167.8,144.5,136.684714833,4.35,-0.415430267062,-0.207182320442,2.39859370297,-0.01
7236,176.2,144,135.295494737,4.35,4.56973293769,-0.552486187845,1.35784686952,-0.01
7237,171.8,144.5,137.824842105,4.47,1.95845697329,-0.207182320442,3.25273038909,0.11
7238,170.2,146.1,122.121664327,4.47,1.00890207715,0.897790055249,-8.51144765439,0.11
7239,164.3,144.2,124.919575439,4.36,-2.49258160237,-0.414364640884,-6.4153671714,0
7240,198.1,144.8,135.295494737,4.45,17.5667655786,0,1.35784686952,0.09
7241,174.6,144,137.824842105,4.41,3.62017804154,-0.552486187845,3.25273038909,0.05
7242,164.8,144.5,135.295494737,4.6,-2.19584569733,-0.207182320442,1.35784686952,0.24
7243,199.6,144.4,124.919575439,4.38,18.4569732938,-0.276243093923,-6.4153671714,0.02
7244,199.9,143.4,124.919575439,4.29,18.6350148368,-0.966850828729,-6.4153671714,-0.07
7245,165.7,142.8,138.648217105,4.32,-1.66172106825,-1.38121546961,3.86956923748,-0.04
7246,169.9,144.6,136.684714833,4.6,0.830860534125,-0.138121546961,2.39859370297,0.24
7247,159.8,147.9,137.824842105,4.6,-5.16320474777,2.1408839779,3.25273038909,0.24
7248,168.4,144.5,135.295494737,4.47,-0.0593471810089,-0.207182320442,1.35784686952,0.11
7249,172.4,148.6,136.684714833,4.27,2.31454005935,2.62430939227,2.39859370297,-0.09
7250,167.4,146.9,124.919575439,4.32,-0.652818991098,1.45027624309,-6.4153671714,-0.04
7251,169.3,144.5,144.551595951,4.38,0.474777448071,-0.207182320442,8.29213903749,0.02
7252,192.4,144.8,125.070398149,4.3,14.1839762611,0,-6.30237696994,-0.06
7253,170.1,141.4,128.393411802,4.38,0.949554896142,-2.34806629834,-3.81291115555,0.02
7254,166.2,143.9,128.393411802,4.3,-1.3649851632,-0.621546961326,-3.81291115555,-0.06
7255,167.1,147.5,138.648217105,4.29,-0.830860534125,1.86464088398,3.86956923748,-0.07
7256,163.7,148.6,135.295494737,4.27,-2.84866468843,2.62430939227,1.35784686952,-0.09
7257,153.9,144.9,144.551595951,4.35,-8.6646884273,0.0690607734807,8.29213903749,-0.01
7258,168.4,147.5,122.121664327,4.47,-0.0593471810089,1.86464088398,-8.51144765439,0.11
7259,169.9,144.9,122.121664327,4.3,0.830860534125,0.0690607734807,-8.51144765439,-0.06
7260,170.1,144.8,138.648217105,4.53,0.949554896142,0,3.86956923748,0.17
7261,158.9,143.7,122.121664327,4.47,-5.69732937685,-0.759668508287,-8.51144765439,0.11
7262,167.4,144.6,128.393411802,4.32,-0.652818991098,-0.138121546961,-3.81291115555,-0.04
7263,176,140.4,128.393411802,4.29,4.45103857567,-3.03867403315,-3.81291115555,-0.07
7264,168.7,145.1,137.824842105,4.27,0.118694362018,0.207182320442,3.25273038909,-0.09
7265,167.8,144.8,135.295494737,4.42,-0.415430267062,0,1.35784686952,0.06
7266,168.3,141,158.476199458,4.39,-0.118694362018,-2.62430939227,18.7238820361,0.03
7267,163.3,144.3,136.684714833,4.32,-3.08605341246,-0.345303867403,2.39859370297,-0.04
7268,164.5,145.8,125.070398149,4.44,-2.37388724036,0.690607734807,-6.30237696994,0.08
7269,170.1,147.1,128.393411802,4.55,0.949554896142,1.58839779006,-3.81291115555,0.19
7270,162.6,141.6,128.393411802,4.24,-3.50148367953,-2.20994475138,-3.81291115555,-0.12
7271,166.4,144,122.121664327,4.23,-1.24629080119,-0.552486187845,-8.51144765439,-0.13
7272,190.9,143.3,124.919575439,4.42,13.293768546,-1.03591160221,-6.4153671714,0.06
7273,164.8,144.8,128.393411802,4.44,-2.19584569733,0,-3.81291115555,0.08
7274,169.8,143.3,135.295494737,4.35,0.771513353116,-1.03591160221,1.35784686952,-0.01
7275,158.9,144.4,158.476199458,4.3,-5.69732937685,-0.276243093923,18.7238820361,-0.06
7276,167.8,144.5,122.121664327,4.42,-0.415430267062,-0.207182320442,-8.51144765439,0.06
7277,170.2,143.5,144.551595951,4.53,1.00890207715,-0.897790055249,8.29213903749,0.17
7278,164.3,143.8,125.070398149,4.6,-2.49258160237,-0.690607734807,-6.30237696994,0.24
7279,161.6,144,135.295494737,4.46,-4.09495548961,-0.552486187845,1.35784686952,0.1
7280,177.5,144,138.648217105,4.38,5.3412462908,-0.552486187845,3.86956923748,0.02
7281,174.5,144.5,138.648217105,4.38,3.56083086053,-0.207182320442,3.86956923748,0.02
7282,160.6,144,144.551595951,4.44,-4.6884272997,-0.552486187845,8.29213903749,0.08
7283,174.1,144.9,138.648217105,4.31,3.3234421365,0.0690607734807,3.86956923748,-0.05
7284,167.4,144.5,158.476199458,4.21,-0.652818991098,-0.207182320442,18.7238820361,-0.15
7285,165,143.3,136.684714833,4.3,-2.07715133531,-1.03591160221,2.39859370297,-0.06
7286,176.2,144.4,136.684714833,4.55,4.56973293769,-0.276243093923,2.39859370297,0.19
7287,176.6,144.5,122.121664327,4.44,4.80712166172,-0.207182320442,-8.51144765439,0.08
7288,159.8,141,138.648217105,4.36,-5.16320474777,-2.62430939227,3.86956923748,0
7289,167.8,144.2,128.393411802,4.27,-0.415430267062,-0.414364640884,-3.81291115555,-0.09
7290,170.6,144.4,122.121664327,4.36,1.24629080119,-0.276243093923,-8.51144765439,0
7291,165.7,141.6,124.919575439,4.39,-1.66172106825,-2.20994475138,-6.4153671714,0.03
7292,169.3,142.6,124.919575439,4.23,0.474777448071,-1.51933701657,-6.4153671714,-0.13
7293,158.9,148.6,135.295494737,4.36,-5.69732937685,2.62430939227,1.35784686952,0
7294,167.3,144.2,136.684714833,4.42,-0.712166172107,-0.414364640884,2.39859370297,0.06
7295,166.4,143.6,136.684714833,4.45,-1.24629080119,-0.828729281768,2.39859370297,0.09
7296,166.1,144,122.121664327,4.47,-1.42433234421,-0.552486187845,-8.51144765439,0.11
7297,170.1,145.1,136.684714833,4.23,0.949554896142,0.207182320442,2.39859370297,-0.13
7298,171.2,144.6,158.476199458,4.46,1.60237388724,-0.138121546961,18.7238820361,0.1
7299,168.6,144.4,128.393411802,4.35,0.0593471810089,-0.276243093923,-3.81291115555,-0.01
7300,167.5,144.8,137.824842105,4.34,-0.593471810089,0,3.25273038909,-0.02
7301,176,144.8,135.295494737,4.44,4.45103857567,0,1.35784686952,0.08
7302,174.4,146.9,137.824842105,4.39,3.50148367953,1.45027624309,3.25273038909,0.03
7303,165.4,144.5,158.476199458,4.44,-1.83976261128,-0.207182320442,18.7238820361,0.08
7304,168.3,148,137.824842105,4.42,-0.118694362018,2.20994475138,3.25273038909,0.06
7305,160.6,143.4,128.393411802,4.31,-4.6884272997,-0.966850828729,-3.81291115555,-0.05
7306,170.1,147.5,144.551595951,4.39,0.949554896142,1.86464088398,8.29213903749,0.03
7307,170.3,144.9,125.070398149,4.3,1.06824925816,0.0690607734807,-6.30237696994,-0.06
7308,164.3,143.5,135.295494737,4.3,-2.49258160237,-0.897790055249,1.35784686952,-0.06
7309,162.2,144.2,138.648217105,4.47,-3.73887240356,-0.414364640884,3.86956923748,0.11
7310,173.3,143.9,144.551595951,4.53,2.84866468843,-0.621546961326,8.29213903749,0.17
7311,167.8,146.3,135.295494737,4.23,-0.415430267062,1.03591160221,1.35784686952,-0.13
7312,169.9,143.6,136.684714833,4.35,0.830860534125,-0.828729281768,2.39859370297,-0.01
7313,171.8,143.5,158.476199458,4.3,1.95845697329,-0.897790055249,18.7238820361,-0.06
7314,164.5,144.3,128.393411802,4.6,-2.37388724036,-0.345303867403,-3.81291115555,0.24
7315,168.6,144,125.070398149,4.44,0.0593471810089,-0.552486187845,-6.30237696994,0.08
7316,168.4,145.2,128.393411802,4.6,-0.0593471810089,0.276243093923,-3.81291115555,0.24
7317,170.2,145.2,144.551595951,4.3,1.00890207715,0.276243093923,8.29213903749,-0.06
7318,174.5,144.2,125.070398149,4.6,3.56083086053,-0.414364640884,-6.30237696994,0.24
7319,162.6,144.2,125.070398149,4.41,-3.50148367953,-0.414364640884,-6.30237696994,0.05
7320,168.3,147.3,135.295494737,4.3,-0.118694362018,1.72651933702,1.35784686952,-0.06
7321,162.9,143.4,144.551595951,4.44,-3.3234421365,-0.966850828729,8.29213903749,0.08
7322,164.5,145.2,125.070398149,4.39,-2.37388724036,0.276243093923,-6.30237696994,0.03
7323,176.6,144.5,144.551595951,4.41,4.80712166172,-0.207182320442,8.29213903749,0.05
7324,170.1,144.9,137.824842105,4.42,0.949554896142,0.0690607734807,3.25273038909,0.06
7325,170,144,158.476199458,4.34,0.890207715134,-0.552486187845,18.7238820361,-0.02
7326,162.6,143.4,144.551595951,4.6,-3.50148367953,-0.966850828729,8.29213903749,0.24
7327,168.7,146.3,135.295494737,4.6,0.118694362018,1.03591160221,1.35784686952,0.24
7328,166.2,144.5,138.648217105,4.6,-1.3649851632,-0.207182320442,3.86956923748,0.24
7329,168.4,144,144.551595951,4.38,-0.0593471810089,-0.552486187845,8.29213903749,0.02
7330,170.6,141.4,136.684714833,4.53,1.24629080119,-2.34806629834,2.39859370297,0.17
7331,170.2,148.6,124.919575439,4.27,1.00890207715,2.62430939227,-6.4153671714,-0.09
7332,167.5,143.8,136.684714833,4.45,-0.593471810089,-0.690607734807,2.39859370297,0.09
7333,166.1,145.7,158.476199458,4.21,-1.42433234421,0.621546961326,18.7238820361,-0.15
7334,171,144.9,124.919575439,4.42,1.48367952522,0.0690607734807,-6.4153671714,0.06
7335,170.3,144,144.551595951,4.6,1.06824925816,-0.552486187845,8.29213903749,0.24
7336,170.8,143.4,125.070398149,4.38,1.3649851632,-0.966850828729,-6.30237696994,0.02
7337,165.4,141,158.476199458,4.35,-1.83976261128,-2.62430939227,18.7238820361,-0.01
7338,167.8,145.1,128.393411802,4.24,-0.415430267062,0.207182320442,-3.81291115555,-0.12
7339,169.2,144.6,135.295494737,4.24,0.415430267062,-0.138121546961,1.35784686952,-0.12
7340,170.2,144,136.684714833,4.21,1.00890207715,-0.552486187845,2.39859370297,-0.15
7341,171,145.2,136.684714833,4.3,1.48367952522,0.276243093923,2.39859370297,-0.06
7342,163.7,144,135.295494737,4.36,-2.84866468843,-0.552486187845,1.35784686952,0
7343,172.4,144.2,137.824842105,4.36,2.31454005935,-0.414364640884,3.25273038909,0
7344,169.2,143.6,138.648217105,4.32,0.415430267062,-0.828729281768,3.86956923748,-0.04
7345,175.7,146.9,138.648217105,4.44,4.27299703264,1.45027624309,3.86956923748,0.08
7346,173.3,144.2,122.121664327,4.27,2.84866468843,-0.414364640884,-8.51144765439,-0.09
7347,168.6,143.7,144.551595951,4.39,0.0593471810089,-0.759668508287,8.29213903749,0.03
7348,165.4,144.2,124.919575439,4.35,-1.83976261128,-0.414364640884,-6.4153671714,-0.01
7349,173,141,144.551595951,4.41,2.6706231454,-2.62430939227,8.29213903749,0.05
7350,168.7,144.8,135.295494737,4.44,0.118694362018,0,1.35784686952,0.08
7351,167.5,143.7,125.070398149,4.3,-0.593471810089,-0.759668508287,-6.30237696994,-0.06
7352,162.2,143.6,124.919575439,4.34,-3.73887240356,-0.828729281768,-6.4153671714,-0.02
7353,163.7,147.3,124.919575439,4.3,-2.84866468843,1.72651933702,-6.4153671714,-0.06
7354,162.9,143.7,158.476199458,4.21,-3.3234421365,-0.759668508287,18.7238820361,-0.15
7355,162.9,146.3,137.824842105,4.46,-3.3234421365,1.03591160221,3.25273038909,0.1
7356,166.1,144.4,138.648217105,4.44,-1.42433234421,-0.276243093923,3.86956923748,0.08
7357,170.1,144.8,136.684714833,4.55,0.949554896142,0,2.39859370297,0.19
7358,162.2,143.4,137.824842105,4.31,-3.73887240356,-0.966850828729,3.25273038909,-0.05
7359,174.4,147.1,135.295494737,4.23,3.50148367953,1.58839779006,1.35784686952,-0.13
7360,160.6,144.6,125.070398149,4.53,-4.6884272997,-0.138121546961,-6.30237696994,0.17
7361,174.6,143.9,128.393411802,4.47,3.62017804154,-0.621546961326,-3.81291115555,0.11
7362,162.2,144,135.295494737,4.38,-3.73887240356,-0.552486187845,1.35784686952,0.02
7363,167.8,144.6,128.393411802,4.46,-0.415430267062,-0.138121546961,-3.81291115555,0.1
7364,173.3,144.5,125.070398149,4.35,2.84866468843,-0.207182320442,-6.30237696994,-0.01
7365,190.9,144.8,124.919575439,4.34,13.293768546,0,-6.4153671714,-0.02
7366,164.8,144.5,138.648217105,4.27,-2.19584569733,-0.207182320442,3.86956923748,-0.09
7367,169.2,145.8,158.476199458,4.24,0.415430267062,0.690607734807,18.7238820361,-0.12
7368,170,141.4,138.648217105,4.27,0.890207715134,-2.34806629834,3.86956923748,-0.09
7369,166.2,144,135.295494737,4.46,-1.3649851632,-0.552486187845,1.35784686952,0.1
7370,175.7,145.5,122.121664327,4.21,4.27299703264,0.483425414365,-8.51144765439,-0.15
7371,169.2,144.4,125.070398149,4.29,0.415430267062,-0.276243093923,-6.30237696994,-0.07
7372,156.1,144.4,125.070398149,4.3,-7.3590504451,-0.276243093923,-6.30237696994,-0.06
7373,168.3,144.2,138.648217105,4.41,-0.118694362018,-0.414364640884,3.86956923748,0.05
7374,167.8,143.7,136.684714833,4.35,-0.415430267062,-0.759668508287,2.39859370297,-0.01
7375,160.6,144.4,135.295494737,4.32,-4.6884272997,-0.276243093923,1.35784686952,-0.04
7376,164.8,147.1,158.476199458,4.21,-2.19584569733,1.58839779006,18.7238820361,-0.15
7377,171.2,146.9,144.551595951,4.36,1.60237388724,1.45027624309,8.29213903749,0
7378,159.8,142.8,125.070398149,4.44,-5.16320474777,-1.38121546961,-6.30237696994,0.08
7379,176,144.4,122.121664327,4.35,4.45103857567,-0.276243093923,-8.51144765439,-0.01
7380,167.1,144.8,137.824842105,4.45,-0.830860534125,0,3.25273038909,0.09
7381,165.4,145.1,122.121664327,4.47,-1.83976261128,0.207182320442,-8.51144765439,0.11
7382,174.6,143.6,124.919575439,4.32,3.62017804154,-0.828729281768,-6.4153671714,-0.04
7383,170.2,144.5,122.121664327,4.29,1.00890207715,-0.207182320442,-8.51144765439,-0.07
7384,167.4,146.3,128.393411802,4.36,-0.652818991098,1.03591160221,-3.81291115555,0
7385,166.2,142.8,122.121664327,4.24,-1.3649851632,-1.38121546961,-8.51144765439,-0.12
7386,167.1,144.5,136.684714833,4.36,-0.830860534125,-0.207182320442,2.39859370297,0
7387,167.5,143.9,144.551595951,4.35,-0.593471810089,-0.621546961326,8.29213903749,-0.01
7388,165.7,143.6,158.476199458,4.21,-1.66172106825,-0.828729281768,18.7238820361,-0.15
7389,176,144.9,125.070398149,4.27,4.45103857567,0.0690607734807,-6.30237696994,-0.09
7390,162.6,143.8,137.824842105,4.47,-3.50148367953,-0.690607734807,3.25273038909,0.11
7391,153.9,143.7,135.295494737,4.3,-8.6646884273,-0.759668508287,1.35784686952,-0.06
7392,168.4,142.6,124.919575439,4.36,-0.0593471810089,-1.51933701657,-6.4153671714,0
7393,164.8,144.5,122.121664327,4.21,-2.19584569733,-0.207182320442,-8.51144765439,-0.15
7394,166.2,144.4,122.121664327,4.3,-1.3649851632,-0.276243093923,-8.51144765439,-0.06
7395,161.3,144.2,135.295494737,4.21,-4.27299703264,-0.414364640884,1.35784686952,-0.15
7396,163.7,145.2,136.684714833,4.6,-2.84866468843,0.276243093923,2.39859370297,0.24
7397,174.3,143.7,124.919575439,4.29,3.44213649852,-0.759668508287,-6.4153671714,-0.07
7398,170.1,144.5,137.824842105,4.46,0.949554896142,-0.207182320442,3.25273038909,0.1
7399,171.8,148.6,125.070398149,4.3,1.95845697329,2.62430939227,-6.30237696994,-0.06
7400,173.2,148.6,137.824842105,4.45,2.78931750742,2.62430939227,3.25273038909,0.09
7401,174.5,143.5,144.551595951,4.35,3.56083086053,-0.897790055249,8.29213903749,-0.01
7402,168.2,143.4,137.824842105,4.35,-0.178041543027,-0.966850828729,3.25273038909,-0.01
7403,163.3,144.6,144.551595951,4.44,-3.08605341246,-0.138121546961,8.29213903749,0.08
7404,170.1,144.2,137.824842105,4.41,0.949554896142,-0.414364640884,3.25273038909,0.05
7405,174.5,144.5,125.070398149,4.53,3.56083086053,-0.207182320442,-6.30237696994,0.17
7406,176.2,143.6,124.919575439,4.44,4.56973293769,-0.828729281768,-6.4153671714,0.08
7407,174.3,144.3,138.648217105,4.55,3.44213649852,-0.345303867403,3.86956923748,0.19
7408,167.5,144.9,125.070398149,4.41,-0.593471810089,0.0690607734807,-6.30237696994,0.05
7409,160.6,142.8,158.476199458,4.23,-4.6884272997,-1.38121546961,18.7238820361,-0.13
7410,159.8,144.2,158.476199458,4.53,-5.16320474777,-0.414364640884,18.7238820361,0.17
7411,161.7,145.2,138.648217105,4.44,-4.03560830861,0.276243093923,3.86956923748,0.08
7412,176,144.8,137.824842105,4.42,4.45103857567,0,3.25273038909,0.06
7413,169.3,144.2,125.070398149,4.27,0.474777448071,-0.414364640884,-6.30237696994,-0.09
7414,198.1,143.4,158.476199458,4.41,17.5667655786,-0.966850828729,18.7238820361,0.05
7415,177.5,144.3,138.648217105,4.45,5.3412462908,-0.345303867403,3.86956923748,0.09
7416,168.6,143.9,135.295494737,4.35,0.0593471810089,-0.621546961326,1.35784686952,-0.01
7417,176.2,146.9,125.070398149,4.32,4.56973293769,1.45027624309,-6.30237696994,-0.04
7418,163.7,145.8,158.476199458,4.3,-2.84866468843,0.690607734807,18.7238820361,-0.06
7419,159.8,143.4,158.476199458,4.45,-5.16320474777,-0.966850828729,18.7238820361,0.09
7420,165.7,143.4,137.824842105,4.24,-1.66172106825,-0.966850828729,3.25273038909,-0.12
7421,164.3,144.9,122.121664327,4.3,-2.49258160237,0.0690607734807,-8.51144765439,-0.06
7422,167.9,143.8,137.824842105,4.47,-0.356083086053,-0.690607734807,3.25273038909,0.11
7423,161.6,144.9,135.295494737,4.47,-4.09495548961,0.0690607734807,1.35784686952,0.11
7424,163.7,146.1,122.121664327,4.39,-2.84866468843,0.897790055249,-8.51144765439,0.03
7425,165,143.4,128.393411802,4.53,-2.07715133531,-0.966850828729,-3.81291115555,0.17
7426,162.6,144.5,144.551595951,4.27,-3.50148367953,-0.207182320442,8.29213903749,-0.09
7427,146.7,144.2,136.684714833,4.21,-12.9376854599,-0.414364640884,2.39859370297,-0.15
7428,176.2,144.9,138.648217105,4.21,4.56973293769,0.0690607734807,3.86956923748,-0.15
7429,190.9,144.2,138.648217105,4.42,13.293768546,-0.414364640884,3.86956923748,0.06
7430,166.4,143.5,158.476199458,4.41,-1.24629080119,-0.897790055249,18.7238820361,0.05
7431,167.8,144.9,136.684714833,4.41,-0.415430267062,0.0690607734807,2.39859370297,0.05
7432,168.2,144.9,158.476199458,4.39,-0.178041543027,0.0690607734807,18.7238820361,0.03
7433,172.4,144.2,144.551595951,4.45,2.31454005935,-0.414364640884,8.29213903749,0.09
7434,170.1,143.7,135.295494737,4.24,0.949554896142,-0.759668508287,1.35784686952,-0.12
7435,165,144.2,122.121664327,4.38,-2.07715133531,-0.414364640884,-8.51144765439,0.02
7436,170.3,141.4,138.648217105,4.46,1.06824925816,-2.34806629834,3.86956923748,0.1
7437,174.4,147.3,138.648217105,4.38,3.50148367953,1.72651933702,3.86956923748,0.02
7438,166.9,143.9,137.824842105,4.29,-0.949554896142,-0.621546961326,3.25273038909,-0.07
7439,167.8,144.8,124.919575439,4.3,-0.415430267062,0,-6.4153671714,-0.06
7440,170.2,141.6,124.919575439,4.44,1.00890207715,-2.20994475138,-6.4153671714,0.08
7441,161.7,143.9,125.070398149,4.53,-4.03560830861,-0.621546961326,-6.30237696994,0.17
7442,169.2,144.6,138.648217105,4.53,0.415430267062,-0.138121546961,3.86956923748,0.17
7443,168.4,145.2,135.295494737,4.46,-0.0593471810089,0.276243093923,1.35784686952,0.1
7444,164.5,145.8,136.684714833,4.29,-2.37388724036,0.690607734807,2.39859370297,-0.07
7445,162.2,143.3,122.121664327,4.32,-3.73887240356,-1.03591160221,-8.51144765439,-0.04
7446,167.6,145.2,138.648217105,4.3,-0.53412462908,0.276243093923,3.86956923748,-0.06
7447,169.8,144.9,128.393411802,4.44,0.771513353116,0.0690607734807,-3.81291115555,0.08
7448,165,144.9,135.295494737,4.34,-2.07715133531,0.0690607734807,1.35784686952,-0.02
7449,168.2,148,128.393411802,4.47,-0.178041543027,2.20994475138,-3.81291115555,0.11
7450,167.8,144.9,124.919575439,4.3,-0.415430267062,0.0690607734807,-6.4153671714,-0.06
7451,164.5,143.2,137.824842105,4.35,-2.37388724036,-1.10497237569,3.25273038909,-0.01
7452,199.9,148,122.121664327,4.32,18.6350148368,2.20994475138,-8.51144765439,-0.04
7453,170.2,143.4,128.393411802,4.44,1.00890207715,-0.966850828729,-3.81291115555,0.08
7454,174.6,144.7,128.393411802,4.3,3.62017804154,-0.0690607734807,-3.81291115555,-0.06
7455,169.4,144.2,137.824842105,4.6,0.53412462908,-0.414364640884,3.25273038909,0.24
7456,153.9,143.2,158.476199458,4.6,-8.6646884273,-1.10497237569,18.7238820361,0.24
7457,176.2,144.2,122.121664327,4.31,4.56973293769,-0.414364640884,-8.51144765439,-0.05
7458,169.4,144.5,144.551595951,4.44,0.53412462908,-0.207182320442,8.29213903749,0.08
7459,171.2,147.3,122.121664327,4.55,1.60237388724,1.72651933702,-8.51144765439,0.19
7460,162.6,146.1,138.648217105,4.45,-3.50148367953,0.897790055249,3.86956923748,0.09
7461,173,143.3,136.684714833,4.36,2.6706231454,-1.03591160221,2.39859370297,0
7462,190.9,144.2,144.551595951,4.34,13.293768546,-0.414364640884,8.29213903749,-0.02
7463,170.8,143.5,125.070398149,4.45,1.3649851632,-0.897790055249,-6.30237696994,0.09
7464,167.1,143.8,158.476199458,4.47,-0.830860534125,-0.690607734807,18.7238820361,0.11
7465,175.7,144.9,124.919575439,4.27,4.27299703264,0.0690607734807,-6.4153671714,-0.09
7466,170.2,143.7,135.295494737,4.45,1.00890207715,-0.759668508287,1.35784686952,0.09
7467,170.6,144.2,122.121664327,4.21,1.24629080119,-0.414364640884,-8.51144765439,-0.15
7468,174.1,143.7,158.476199458,4.55,3.3234421365,-0.759668508287,18.7238820361,0.19
7469,156.1,145.1,158.476199458,4.31,-7.3590504451,0.207182320442,18.7238820361,-0.05
7470,169.3,140.4,158.476199458,4.53,0.474777448071,-3.03867403315,18.7238820361,0.17
7471,169.9,144.2,144.551595951,4.21,0.830860534125,-0.414364640884,8.29213903749,-0.15
7472,146.7,145.7,124.919575439,4.47,-12.9376854599,0.621546961326,-6.4153671714,0.11
7473,167.9,144.4,138.648217105,4.3,-0.356083086053,-0.276243093923,3.86956923748,-0.06
7474,164.3,141,128.393411802,4.21,-2.49258160237,-2.62430939227,-3.81291115555,-0.15
7475,166.1,143.3,137.824842105,4.42,-1.42433234421,-1.03591160221,3.25273038909,0.06
7476,169.8,147.9,144.551595951,4.38,0.771513353116,2.1408839779,8.29213903749,0.02
7477,173.3,144.5,158.476199458,4.3,2.84866468843,-0.207182320442,18.7238820361,-0.06
7478,170,144.6,125.070398149,4.31,0.890207715134,-0.138121546961,-6.30237696994,-0.05
7479,165,143.2,158.476199458,4.41,-2.07715133531,-1.10497237569,18.7238820361,0.05
7480,167.5,143.7,128.393411802,4.47,-0.593471810089,-0.759668508287,-3.81291115555,0.11
7481,185.7,143.7,137.824842105,4.44,10.2077151335,-0.759668508287,3.25273038909,0.08
7482,173.2,143.7,135.295494737,4.3,2.78931750742,-0.759668508287,1.35784686952,-0.06
7483,199.6,144.6,137.824842105,4.32,18.4569732938,-0.138121546961,3.25273038909,-0.04
7484,156.1,144.8,158.476199458,4.46,-7.3590504451,0,18.7238820361,0.1
7485,167.5,141.4,137.824842105,4.23,-0.593471810089,-2.34806629834,3.25273038909,-0.13
7486,168.4,144.5,128.393411802,4.47,-0.0593471810089,-0.207182320442,-3.81291115555,0.11
7487,165.4,141.6,144.551595951,4.27,-1.83976261128,-2.20994475138,8.29213903749,-0.09
7488,176.2,146.3,128.393411802,4.3,4.56973293769,1.03591160221,-3.81291115555,-0.06
7489,172.4,144.8,122.121664327,4.55,2.31454005935,0,-8.51144765439,0.19
7490,170.6,145.2,137.824842105,4.31,1.24629080119,0.276243093923,3.25273038909,-0.05
7491,192.4,145.2,144.551595951,4.35,14.1839762611,0.276243093923,8.29213903749,-0.01
7492,190.9,143.7,138.648217105,4.47,13.293768546,-0.759668508287,3.86956923748,0.11
7493,199.9,144.6,122.121664327,4.44,18.6350148368,-0.138121546961,-8.51144765439,0.08
7494,176,144.8,137.824842105,4.6,4.45103857567,0,3.25273038909,0.24
7495,170.8,144.4,144.551595951,4.44,1.3649851632,-0.276243093923,8.29213903749,0.08
7496,167.8,145.1,122.121664327,4.35,-0.415430267062,0.207182320442,-8.51144765439,-0.01
7497,169.9,144,125.070398149,4.36,0.830860534125,-0.552486187845,-6.30237696994,0
7498,174.6,144.8,125.070398149,4.24,3.62017804154,0,-6.30237696994,-0.12
7499,171,144.8,144.551595951,4.44,1.48367952522,0,8.29213903749,0.08
7500,165.5,143.4,135.295494737,4.27,-1.78041543027,-0.966850828729,1.35784686952,-0.09
7501,174.1,142.8,158.476199458,4.53,3.3234421365,-1.38121546961,18.7238820361,0.17
7502,146.7,144.3,124.919575439,4.36,-12.9376854599,-0.345303867403,-6.4153671714,0
7503,167.5,144.9,144.551595951,4.39,-0.593471810089,0.0690607734807,8.29213903749,0.03
7504,168.3,141,158.476199458,4.32,-0.118694362018,-2.62430939227,18.7238820361,-0.04
7505,167.8,144.4,122.121664327,4.24,-0.415430267062,-0.276243093923,-8.51144765439,-0.12
7506,165.5,145.1,144.551595951,4.31,-1.78041543027,0.207182320442,8.29213903749,-0.05
7507,163.7,145.7,128.393411802,4.3,-2.84866468843,0.621546961326,-3.81291115555,-0.06
7508,172.4,144.8,138.648217105,4.47,2.31454005935,0,3.86956923748,0.11
7509,171.8,144.5,128.393411802,4.45,1.95845697329,-0.207182320442,-3.81291115555,0.09
7510,172.4,144.9,138.648217105,4.32,2.31454005935,0.0690607734807,3.86956923748,-0.04
7511,168.6,144.6,135.295494737,4.46,0.0593471810089,-0.138121546961,1.35784686952,0.1
7512,176.2,144.1,138.648217105,4.44,4.56973293769,-0.483425414365,3.86956923748,0.08
7513,168.3,144.9,125.070398149,4.3,-0.118694362018,0.0690607734807,-6.30237696994,-0.06
7514,168.6,144.5,138.648217105,4.47,0.0593471810089,-0.207182320442,3.86956923748,0.11
7515,162.6,143.2,124.919575439,4.29,-3.50148367953,-1.10497237569,-6.4153671714,-0.07
7516,158.9,143.7,136.684714833,4.41,-5.69732937685,-0.759668508287,2.39859370297,0.05
7517,175.7,143.7,144.551595951,4.41,4.27299703264,-0.759668508287,8.29213903749,0.05
7518,165.4,144.2,158.476199458,4.55,-1.83976261128,-0.414364640884,18.7238820361,0.19
7519,169.9,144.8,136.684714833,4.41,0.830860534125,0,2.39859370297,0.05
7520,161.7,144.9,158.476199458,4.32,-4.03560830861,0.0690607734807,18.7238820361,-0.04
7521,167.9,143.6,124.919575439,4.21,-0.356083086053,-0.828729281768,-6.4153671714,-0.15
7522,163.7,141,158.476199458,4.39,-2.84866468843,-2.62430939227,18.7238820361,0.03
7523,166.1,143.5,136.684714833,4.24,-1.42433234421,-0.897790055249,2.39859370297,-0.12
7524,176,144.8,137.824842105,4.45,4.45103857567,0,3.25273038909,0.09
7525,168.4,143.8,128.393411802,4.35,-0.0593471810089,-0.690607734807,-3.81291115555,-0.01
7526,170.6,147.9,158.476199458,4.27,1.24629080119,2.1408839779,18.7238820361,-0.09
7527,170.6,144.4,137.824842105,4.29,1.24629080119,-0.276243093923,3.25273038909,-0.07
7528,165,144,122.121664327,4.42,-2.07715133531,-0.552486187845,-8.51144765439,0.06
7529,170.1,144.8,122.121664327,4.44,0.949554896142,0,-8.51144765439,0.08
7530,146.7,144.9,158.476199458,4.6,-12.9376854599,0.0690607734807,18.7238820361,0.24
7531,161.3,144.5,137.824842105,4.31,-4.27299703264,-0.207182320442,3.25273038909,-0.05
7532,190.9,144.3,158.476199458,4.32,13.293768546,-0.345303867403,18.7238820361,-0.04
7533,166.1,147.9,138.648217105,4.6,-1.42433234421,2.1408839779,3.86956923748,0.24
7534,166.9,144.8,122.121664327,4.35,-0.949554896142,0,-8.51144765439,-0.01
7535,174.3,143.2,136.684714833,4.29,3.44213649852,-1.10497237569,2.39859370297,-0.07
7536,169.4,143.4,136.684714833,4.35,0.53412462908,-0.966850828729,2.39859370297,-0.01
7537,159.8,143.8,135.295494737,4.38,-5.16320474777,-0.690607734807,1.35784686952,0.02
7538,174.4,144.8,122.121664327,4.39,3.50148367953,0,-8.51144765439,0.03
7539,175.7,144.8,158.476199458,4.29,4.27299703264,0,18.7238820361,-0.07
7540,171.2,144.8,122.121664327,4.24,1.60237388724,0,-8.51144765439,-0.12
7541,172.4,143.5,136.684714833,4.41,2.31454005935,-0.897790055249,2.39859370297,0.05
7542,169.3,143.8,158.476199458,4.27,0.474777448071,-0.690607734807,18.7238820361,-0.09
7543,176,145.2,137.824842105,4.24,4.45103857567,0.276243093923,3.25273038909,-0.12
7544,169.3,144.5,128.393411802,4.47,0.474777448071,-0.207182320442,-3.81291115555,0.11
7545,171,147.9,136.684714833,4.31,1.48367952522,2.1408839779,2.39859370297,-0.05
7546,161.3,144,144.551595951,4.21,-4.27299703264,-0.552486187845,8.29213903749,-0.15
7547,158.9,143.2,144.551595951,4.35,-5.69732937685,-1.10497237569,8.29213903749,-0.01
7548,174.6,144.4,137.824842105,4.6,3.62017804154,-0.276243093923,3.25273038909,0.24
7549,173.2,147.9,125.070398149,4.35,2.78931750742,2.1408839779,-6.30237696994,-0.01
7550,164.6,144.9,158.476199458,4.6,-2.31454005935,0.0690607734807,18.7238820361,0.24
7551,174.3,146.1,137.824842105,4.39,3.44213649852,0.897790055249,3.25273038909,0.03
7552,167.6,143.7,124.919575439,4.46,-0.53412462908,-0.759668508287,-6.4153671714,0.1
7553,192.4,144.7,135.295494737,4.35,14.1839762611,-0.0690607734807,1.35784686952,-0.01
7554,168.7,143.5,128.393411802,4.47,0.118694362018,-0.897790055249,-3.81291115555,0.11
7555,166.2,141.4,125.070398149,4.29,-1.3649851632,-2.34806629834,-6.30237696994,-0.07
7556,174.6,144.6,135.295494737,4.47,3.62017804154,-0.138121546961,1.35784686952,0.11
7557,192.4,145.1,138.648217105,4.32,14.1839762611,0.207182320442,3.86956923748,-0.04
7558,169.4,143.9,125.070398149,4.34,0.53412462908,-0.621546961326,-6.30237696994,-0.02
7559,158.9,144.6,135.295494737,4.35,-5.69732937685,-0.138121546961,1.35784686952,-0.01
7560,160.6,141.6,135.295494737,4.35,-4.6884272997,-2.20994475138,1.35784686952,-0.01
7561,173,144.6,122.121664327,4.32,2.6706231454,-0.138121546961,-8.51144765439,-0.04
7562,171,144.2,125.070398149,4.32,1.48367952522,-0.414364640884,-6.30237696994,-0.04
7563,165.5,144.7,128.393411802,4.21,-1.78041543027,-0.0690607734807,-3.81291115555,-0.15
7564,170,140.4,125.070398149,4.38,0.890207715134,-3.03867403315,-6.30237696994,0.02
7565,168.4,144.5,136.684714833,4.44,-0.0593471810089,-0.207182320442,2.39859370297,0.08
7566,167.9,145.1,125.070398149,4.31,-0.356083086053,0.207182320442,-6.30237696994,-0.05
7567,167.8,141,158.476199458,4.41,-0.415430267062,-2.62430939227,18.7238820361,0.05
7568,174.4,144.1,158.476199458,4.55,3.50148367953,-0.483425414365,18.7238820361,0.19
7569,175.7,143.7,125.070398149,4.39,4.27299703264,-0.759668508287,-6.30237696994,0.03
7570,199.6,145.2,122.121664327,4.53,18.4569732938,0.276243093923,-8.51144765439,0.17
7571,161.7,142.8,125.070398149,4.24,-4.03560830861,-1.38121546961,-6.30237696994,-0.12
7572,168.2,144.2,122.121664327,4.3,-0.178041543027,-0.414364640884,-8.51144765439,-0.06
7573,166.2,145.2,158.476199458,4.31,-1.3649851632,0.276243093923,18.7238820361,-0.05
7574,160.6,145.2,125.070398149,4.29,-4.6884272997,0.276243093923,-6.30237696994,-0.07
7575,169.2,146.9,122.121664327,4.21,0.415430267062,1.45027624309,-8.51144765439,-0.15
7576,177.5,143.2,136.684714833,4.29,5.3412462908,-1.10497237569,2.39859370297,-0.07
7577,168.3,144,144.551595951,4.53,-0.118694362018,-0.552486187845,8.29213903749,0.17
7578,169.3,143.7,122.121664327,4.32,0.474777448071,-0.759668508287,-8.51144765439,-0.04
7579,170,144.3,136.684714833,4.35,0.890207715134,-0.345303867403,2.39859370297,-0.01
7580,176,144.5,137.824842105,4.3,4.45103857567,-0.207182320442,3.25273038909,-0.06
7581,168.6,144.5,138.648217105,4.41,0.0593471810089,-0.207182320442,3.86956923748,0.05
7582,163.7,141,144.551595951,4.29,-2.84866468843,-2.62430939227,8.29213903749,-0.07
7583,170.8,144.8,158.476199458,4.35,1.3649851632,0,18.7238820361,-0.01
7584,174.4,144.5,158.476199458,4.29,3.50148367953,-0.207182320442,18.7238820361,-0.07
7585,173.3,144.8,144.551595951,4.34,2.84866468843,0,8.29213903749,-0.02
7586,164.8,143.7,144.551595951,4.36,-2.19584569733,-0.759668508287,8.29213903749,0
7587,161.3,144.5,124.919575439,4.23,-4.27299703264,-0.207182320442,-6.4153671714,-0.13
7588,169.9,145.2,122.121664327,4.36,0.830860534125,0.276243093923,-8.51144765439,0
7589,169.4,144.8,128.393411802,4.3,0.53412462908,0,-3.81291115555,-0.06
7590,174.5,144,125.070398149,4.27,3.56083086053,-0.552486187845,-6.30237696994,-0.09
7591,168.2,147.5,128.393411802,4.53,-0.178041543027,1.86464088398,-3.81291115555,0.17
7592,166.9,145.2,136.684714833,4.32,-0.949554896142,0.276243093923,2.39859370297,-0.04
7593,153.9,144,122.121664327,4.3,-8.6646884273,-0.552486187845,-8.51144765439,-0.06
7594,198.1,144.6,124.919575439,4.53,17.5667655786,-0.138121546961,-6.4153671714,0.17
7595,174.6,144.8,124.919575439,4.6,3.62017804154,0,-6.4153671714,0.24
7596,174.3,144.2,137.824842105,4.53,3.44213649852,-0.414364640884,3.25273038909,0.17
7597,162.6,144.4,137.824842105,4.39,-3.50148367953,-0.276243093923,3.25273038909,0.03
7598,192.4,144.5,122.121664327,4.21,14.1839762611,-0.207182320442,-8.51144765439,-0.15
7599,199.6,144.9,158.476199458,4.41,18.4569732938,0.0690607734807,18.7238820361,0.05
7600,170.6,143.8,136.684714833,4.35,1.24629080119,-0.690607734807,2.39859370297,-0.01
7601,168.2,147.1,138.648217105,4.31,-0.178041543027,1.58839779006,3.86956923748,-0.05
7602,171,143.7,158.476199458,4.44,1.48367952522,-0.759668508287,18.7238820361,0.08
7603,164.3,145.8,137.824842105,4.41,-2.49258160237,0.690607734807,3.25273038909,0.05
7604,177.5,143.3,136.684714833,4.32,5.3412462908,-1.03591160221,2.39859370297,-0.04
7605,170.2,143.3,144.551595951,4.29,1.00890207715,-1.03591160221,8.29213903749,-0.07
7606,169.3,144.6,128.393411802,4.47,0.474777448071,-0.138121546961,-3.81291115555,0.11
7607,168.6,143.8,158.476199458,4.36,0.0593471810089,-0.690607734807,18.7238820361,0
7608,168.4,144.5,138.648217105,4.46,-0.0593471810089,-0.207182320442,3.86956923748,0.1
7609,164.8,144.4,135.295494737,4.44,-2.19584569733,-0.276243093923,1.35784686952,0.08
7610,173,144.5,138.648217105,4.39,2.6706231454,-0.207182320442,3.86956923748,0.03
7611,198.1,144.5,136.684714833,4.6,17.5667655786,-0.207182320442,2.39859370297,0.24
7612,170.2,143.9,128.393411802,4.47,1.00890207715,-0.621546961326,-3.81291115555,0.11
7613,167.5,145.2,128.393411802,4.3,-0.593471810089,0.276243093923,-3.81291115555,-0.06
7614,173.3,144.3,138.648217105,4.6,2.84866468843,-0.345303867403,3.86956923748,0.24
7615,164.3,148.6,137.824842105,4.3,-2.49258160237,2.62430939227,3.25273038909,-0.06
7616,176.2,144.2,138.648217105,4.38,4.56973293769,-0.414364640884,3.86956923748,0.02
7617,168.3,144.2,137.824842105,4.3,-0.118694362018,-0.414364640884,3.25273038909,-0.06
7618,167.9,144.5,144.551595951,4.27,-0.356083086053,-0.207182320442,8.29213903749,-0.09
7619,169.2,141.6,128.393411802,4.44,0.415430267062,-2.20994475138,-3.81291115555,0.08
7620,177.5,143.8,137.824842105,4.3,5.3412462908,-0.690607734807,3.25273038909,-0.06
7621,167.8,142.8,136.684714833,4.47,-0.415430267062,-1.38121546961,2.39859370297,0.11
7622,162.2,144.4,135.295494737,4.45,-3.73887240356,-0.276243093923,1.35784686952,0.09
7623,161.6,144.6,137.824842105,4.47,-4.09495548961,-0.138121546961,3.25273038909,0.11
7624,146.7,144.6,128.393411802,4.32,-12.9376854599,-0.138121546961,-3.81291115555,-0.04
7625,163.7,143.4,124.919575439,4.32,-2.84866468843,-0.966850828729,-6.4153671714,-0.04
7626,161.7,147.9,122.121664327,4.47,-4.03560830861,2.1408839779,-8.51144765439,0.11
7627,172.4,144.5,122.121664327,4.29,2.31454005935,-0.207182320442,-8.51144765439,-0.07
7628,169.3,145.7,138.648217105,4.35,0.474777448071,0.621546961326,3.86956923748,-0.01
7629,190.9,143.9,138.648217105,4.6,13.293768546,-0.621546961326,3.86956923748,0.24
7630,185.7,144.5,122.121664327,4.27,10.2077151335,-0.207182320442,-8.51144765439,-0.09
7631,173.3,144,124.919575439,4.3,2.84866468843,-0.552486187845,-6.4153671714,-0.06
7632,163.7,143.7,124.919575439,4.23,-2.84866468843,-0.759668508287,-6.4153671714,-0.13
7633,160.6,144.8,158.476199458,4.21,-4.6884272997,0,18.7238820361,-0.15
7634,173.3,144.8,125.070398149,4.46,2.84866468843,0,-6.30237696994,0.1
7635,165.7,144.5,138.648217105,4.42,-1.66172106825,-0.207182320442,3.86956923748,0.06
7636,161.7,141.4,125.070398149,4.21,-4.03560830861,-2.34806629834,-6.30237696994,-0.15
7637,165.4,144.9,122.121664327,4.21,-1.83976261128,0.0690607734807,-8.51144765439,-0.15
7638,158.9,143.7,144.551595951,4.34,-5.69732937685,-0.759668508287,8.29213903749,-0.02
7639,176.2,143.4,122.121664327,4.36,4.56973293769,-0.966850828729,-8.51144765439,0
7640,170.8,144.5,128.393411802,4.46,1.3649851632,-0.207182320442,-3.81291115555,0.1
7641,161.6,144.4,128.393411802,4.45,-4.09495548961,-0.276243093923,-3.81291115555,0.09
7642,171.8,141,136.684714833,4.31,1.95845697329,-2.62430939227,2.39859370297,-0.05
7643,165.5,148,135.295494737,4.55,-1.78041543027,2.20994475138,1.35784686952,0.19
7644,169.4,145.2,144.551595951,4.31,0.53412462908,0.276243093923,8.29213903749,-0.05
7645,158.9,148,158.476199458,4.39,-5.69732937685,2.20994475138,18.7238820361,0.03
7646,169.2,144.4,137.824842105,4.47,0.415430267062,-0.276243093923,3.25273038909,0.11
7647,175.7,144,124.919575439,4.29,4.27299703264,-0.552486187845,-6.4153671714,-0.07
7648,199.6,144,158.476199458,4.47,18.4569732938,-0.552486187845,18.7238820361,0.11
7649,174.1,144.4,144.551595951,4.35,3.3234421365,-0.276243093923,8.29213903749,-0.01
7650,162.9,144.7,136.684714833,4.41,-3.3234421365,-0.0690607734807,2.39859370297,0.05
7651,163.7,145.8,138.648217105,4.41,-2.84866468843,0.690607734807,3.86956923748,0.05
7652,167.5,144,136.684714833,4.32,-0.593471810089,-0.552486187845,2.39859370297,-0.04
7653,174.1,144.5,144.551595951,4.29,3.3234421365,-0.207182320442,8.29213903749,-0.07
7654,168.3,143.4,128.393411802,4.45,-0.118694362018,-0.966850828729,-3.81291115555,0.09
7655,166.2,144.9,144.551595951,4.6,-1.3649851632,0.0690607734807,8.29213903749,0.24
7656,190.9,144.3,137.824842105,4.35,13.293768546,-0.345303867403,3.25273038909,-0.01
7657,162.2,144.8,122.121664327,4.35,-3.73887240356,0,-8.51144765439,-0.01
7658,167.8,143.7,135.295494737,4.39,-0.415430267062,-0.759668508287,1.35784686952,0.03
7659,167.6,144.5,158.476199458,4.41,-0.53412462908,-0.207182320442,18.7238820361,0.05
7660,146.7,144.8,128.393411802,4.41,-12.9376854599,0,-3.81291115555,0.05
7661,146.7,141,124.919575439,4.35,-12.9376854599,-2.62430939227,-6.4153671714,-0.01
7662,153.9,144.6,144.551595951,4.23,-8.6646884273,-0.138121546961,8.29213903749,-0.13
7663,168.7,147.5,158.476199458,4.29,0.118694362018,1.86464088398,18.7238820361,-0.07
7664,166.2,143.4,136.684714833,4.21,-1.3649851632,-0.966850828729,2.39859370297,-0.15
7665,162.6,141,144.551595951,4.3,-3.50148367953,-2.62430939227,8.29213903749,-0.06
7666,165.4,144.3,137.824842105,4.21,-1.83976261128,-0.345303867403,3.25273038909,-0.15
7667,174.1,144.8,124.919575439,4.24,3.3234421365,0,-6.4153671714,-0.12
7668,192.4,141.6,138.648217105,4.41,14.1839762611,-2.20994475138,3.86956923748,0.05
7669,176,144.5,138.648217105,4.27,4.45103857567,-0.207182320442,3.86956923748,-0.09
7670,167.3,141.4,122.121664327,4.35,-0.712166172107,-2.34806629834,-8.51144765439,-0.01
7671,171.8,143.9,122.121664327,4.34,1.95845697329,-0.621546961326,-8.51144765439,-0.02
7672,199.9,144.3,125.070398149,4.41,18.6350148368,-0.345303867403,-6.30237696994,0.05
7673,146.7,143.2,138.648217105,4.29,-12.9376854599,-1.10497237569,3.86956923748,-0.07
7674,164.5,141,125.070398149,4.42,-2.37388724036,-2.62430939227,-6.30237696994,0.06
7675,165.5,145.5,158.476199458,4.21,-1.78041543027,0.483425414365,18.7238820361,-0.15
7676,170.1,140.4,125.070398149,4.6,0.949554896142,-3.03867403315,-6.30237696994,0.24
7677,176,144.2,144.551595951,4.23,4.45103857567,-0.414364640884,8.29213903749,-0.13
7678,164.3,144,144.551595951,4.3,-2.49258160237,-0.552486187845,8.29213903749,-0.06
7679,170.6,140.4,158.476199458,4.23,1.24629080119,-3.03867403315,18.7238820361,-0.13
7680,168.2,144.5,136.684714833,4.6,-0.178041543027,-0.207182320442,2.39859370297,0.24
7681,172.4,144.2,124.919575439,4.3,2.31454005935,-0.414364640884,-6.4153671714,-0.06
7682,167.5,145.5,138.648217105,4.6,-0.593471810089,0.483425414365,3.86956923748,0.24
7683,170.1,144.9,137.824842105,4.44,0.949554896142,0.0690607734807,3.25273038909,0.08
7684,164.6,143.4,138.648217105,4.47,-2.31454005935,-0.966850828729,3.86956923748,0.11
7685,170,143.9,137.824842105,4.29,0.890207715134,-0.621546961326,3.25273038909,-0.07
7686,163.7,143.9,136.684714833,4.23,-2.84866468843,-0.621546961326,2.39859370297,-0.13
7687,170,143.9,122.121664327,4.24,0.890207715134,-0.621546961326,-8.51144765439,-0.12
7688,198.1,145.2,138.648217105,4.6,17.5667655786,0.276243093923,3.86956923748,0.24
7689,165.4,144.6,136.684714833,4.6,-1.83976261128,-0.138121546961,2.39859370297,0.24
7690,164.8,144.9,136.684714833,4.55,-2.19584569733,0.0690607734807,2.39859370297,0.19
7691,170.8,141,128.393411802,4.6,1.3649851632,-2.62430939227,-3.81291115555,0.24
7692,169.2,143.5,138.648217105,4.39,0.415430267062,-0.897790055249,3.86956923748,0.03
7693,174.1,144.8,135.295494737,4.46,3.3234421365,0,1.35784686952,0.1
7694,164.3,144,124.919575439,4.3,-2.49258160237,-0.552486187845,-6.4153671714,-0.06
7695,168.6,143.5,124.919575439,4.6,0.0593471810089,-0.897790055249,-6.4153671714,0.24
7696,162.2,144.7,135.295494737,4.45,-3.73887240356,-0.0690607734807,1.35784686952,0.09
7697,176.6,144.2,158.476199458,4.27,4.80712166172,-0.414364640884,18.7238820361,-0.09
7698,177.5,145.2,135.295494737,4.23,5.3412462908,0.276243093923,1.35784686952,-0.13
7699,164.3,148.6,144.551595951,4.6,-2.49258160237,2.62430939227,8.29213903749,0.24
7700,169.3,143.5,136.684714833,4.44,0.474777448071,-0.897790055249,2.39859370297,0.08
7701,169.9,144,138.648217105,4.3,0.830860534125,-0.552486187845,3.86956923748,-0.06
7702,167.5,144.6,137.824842105,4.39,-0.593471810089,-0.138121546961,3.25273038909,0.03
7703,167.3,145.2,137.824842105,4.47,-0.712166172107,0.276243093923,3.25273038909,0.11
7704,167.3,145.2,122.121664327,4.35,-0.712166172107,0.276243093923,-8.51144765439,-0.01
7705,170.2,144.2,124.919575439,4.36,1.00890207715,-0.414364640884,-6.4153671714,0
7706,161.6,144,125.070398149,4.41,-4.09495548961,-0.552486187845,-6.30237696994,0.05
7707,169.2,144.8,144.551595951,4.41,0.415430267062,0,8.29213903749,0.05
7708,190.9,144.3,138.648217105,4.55,13.293768546,-0.345303867403,3.86956923748,0.19
7709,170.1,147.3,135.295494737,4.6,0.949554896142,1.72651933702,1.35784686952,0.24
7710,170.3,144.5,122.121664327,4.44,1.06824925816,-0.207182320442,-8.51144765439,0.08
7711,174.4,143.5,137.824842105,4.45,3.50148367953,-0.897790055249,3.25273038909,0.09
7712,165.5,144.6,122.121664327,4.3,-1.78041543027,-0.138121546961,-8.51144765439,-0.06
7713,174.5,144.8,124.919575439,4.3,3.56083086053,0,-6.4153671714,-0.06
7714,167.1,148,137.824842105,4.27,-0.830860534125,2.20994475138,3.25273038909,-0.09
7715,170.8,143.6,144.551595951,4.34,1.3649851632,-0.828729281768,8.29213903749,-0.02
7716,167.4,143.4,122.121664327,4.29,-0.652818991098,-0.966850828729,-8.51144765439,-0.07
7717,170.2,142.6,144.551595951,4.55,1.00890207715,-1.51933701657,8.29213903749,0.19
7718,153.9,144.8,128.393411802,4.38,-8.6646884273,0,-3.81291115555,0.02
7719,174.5,143.9,138.648217105,4.46,3.56083086053,-0.621546961326,3.86956923748,0.1
7720,199.6,143.5,158.476199458,4.29,18.4569732938,-0.897790055249,18.7238820361,-0.07
7721,159.8,140.4,124.919575439,4.29,-5.16320474777,-3.03867403315,-6.4153671714,-0.07
7722,165.5,145.7,122.121664327,4.35,-1.78041543027,0.621546961326,-8.51144765439,-0.01
7723,169.2,143.9,124.919575439,4.46,0.415430267062,-0.621546961326,-6.4153671714,0.1
7724,164.5,144,135.295494737,4.21,-2.37388724036,-0.552486187845,1.35784686952,-0.15
7725,163.7,144.5,144.551595951,4.46,-2.84866468843,-0.207182320442,8.29213903749,0.1
7726,146.7,147.3,125.070398149,4.6,-12.9376854599,1.72651933702,-6.30237696994,0.24
7727,164.8,144.5,137.824842105,4.44,-2.19584569733,-0.207182320442,3.25273038909,0.08
7728,199.6,144.4,125.070398149,4.53,18.4569732938,-0.276243093923,-6.30237696994,0.17
7729,165,144,122.121664327,4.6,-2.07715133531,-0.552486187845,-8.51144765439,0.24
7730,165.4,144.2,125.070398149,4.39,-1.83976261128,-0.414364640884,-6.30237696994,0.03
7731,198.1,143.9,122.121664327,4.55,17.5667655786,-0.621546961326,-8.51144765439,0.19
7732,176,144.6,138.648217105,4.35,4.45103857567,-0.138121546961,3.86956923748,-0.01
7733,190.9,143.7,144.551595951,4.47,13.293768546,-0.759668508287,8.29213903749,0.11
7734,165.7,147.1,144.551595951,4.41,-1.66172106825,1.58839779006,8.29213903749,0.05
7735,168.6,145.2,137.824842105,4.23,0.0593471810089,0.276243093923,3.25273038909,-0.13
7736,165,143.5,135.295494737,4.39,-2.07715133531,-0.897790055249,1.35784686952,0.03
7737,177.5,147.9,128.393411802,4.27,5.3412462908,2.1408839779,-3.81291115555,-0.09
7738,170.2,143.6,122.121664327,4.27,1.00890207715,-0.828729281768,-8.51144765439,-0.09
7739,166.1,145.8,124.919575439,4.3,-1.42433234421,0.690607734807,-6.4153671714,-0.06
7740,169.2,148,158.476199458,4.21,0.415430267062,2.20994475138,18.7238820361,-0.15
7741,169.2,148,137.824842105,4.6,0.415430267062,2.20994475138,3.25273038909,0.24
7742,199.6,145.1,122.121664327,4.47,18.4569732938,0.207182320442,-8.51144765439,0.11
7743,170.6,144.8,125.070398149,4.47,1.24629080119,0,-6.30237696994,0.11
7744,164.5,141,144.551595951,4.42,-2.37388724036,-2.62430939227,8.29213903749,0.06
7745,167.5,143.2,144.551595951,4.42,-0.593471810089,-1.10497237569,8.29213903749,0.06
7746,169.8,144.6,158.476199458,4.6,0.771513353116,-0.138121546961,18.7238820361,0.24
7747,167.8,144.6,125.070398149,4.46,-0.415430267062,-0.138121546961,-6.30237696994,0.1
7748,169.4,144.4,138.648217105,4.45,0.53412462908,-0.276243093923,3.86956923748,0.09
7749,170.2,145.2,128.393411802,4.27,1.00890207715,0.276243093923,-3.81291115555,-0.09
7750,174.3,143.6,128.393411802,4.35,3.44213649852,-0.828729281768,-3.81291115555,-0.01
7751,161.7,142.6,128.393411802,4.32,-4.03560830861,-1.51933701657,-3.81291115555,-0.04
7752,168.7,144.4,138.648217105,4.34,0.118694362018,-0.276243093923,3.86956923748,-0.02
7753,170.2,146.1,137.824842105,4.3,1.00890207715,0.897790055249,3.25273038909,-0.06
7754,163.7,148.6,136.684714833,4.27,-2.84866468843,2.62430939227,2.39859370297,-0.09
7755,190.9,146.1,137.824842105,4.47,13.293768546,0.897790055249,3.25273038909,0.11
7756,167.9,143.2,128.393411802,4.47,-0.356083086053,-1.10497237569,-3.81291115555,0.11
7757,165.4,144.8,136.684714833,4.46,-1.83976261128,0,2.39859370297,0.1
7758,170.2,144.9,158.476199458,4.41,1.00890207715,0.0690607734807,18.7238820361,0.05
7759,176.2,143.2,122.121664327,4.32,4.56973293769,-1.10497237569,-8.51144765439,-0.04
7760,162.6,142.6,137.824842105,4.46,-3.50148367953,-1.51933701657,3.25273038909,0.1
7761,172.4,143.6,138.648217105,4.32,2.31454005935,-0.828729281768,3.86956923748,-0.04
7762,164.8,144,137.824842105,4.44,-2.19584569733,-0.552486187845,3.25273038909,0.08
7763,158.9,144.2,136.684714833,4.24,-5.69732937685,-0.414364640884,2.39859370297,-0.12
7764,156.1,142.8,125.070398149,4.46,-7.3590504451,-1.38121546961,-6.30237696994,0.1
7765,165.7,148.6,137.824842105,4.46,-1.66172106825,2.62430939227,3.25273038909,0.1
7766,199.9,146.1,158.476199458,4.31,18.6350148368,0.897790055249,18.7238820361,-0.05
7767,156.1,144.6,158.476199458,4.24,-7.3590504451,-0.138121546961,18.7238820361,-0.12
7768,169.2,143.9,137.824842105,4.44,0.415430267062,-0.621546961326,3.25273038909,0.08
7769,164.5,143.3,158.476199458,4.44,-2.37388724036,-1.03591160221,18.7238820361,0.08
7770,156.1,148,124.919575439,4.34,-7.3590504451,2.20994475138,-6.4153671714,-0.02
7771,153.9,143.6,158.476199458,4.21,-8.6646884273,-0.828729281768,18.7238820361,-0.15
7772,168.2,145.8,138.648217105,4.36,-0.178041543027,0.690607734807,3.86956923748,0
7773,165.4,141,158.476199458,4.45,-1.83976261128,-2.62430939227,18.7238820361,0.09
7774,174.5,147.3,138.648217105,4.46,3.56083086053,1.72651933702,3.86956923748,0.1
7775,159.8,144.2,144.551595951,4.23,-5.16320474777,-0.414364640884,8.29213903749,-0.13
7776,168.3,145.8,124.919575439,4.34,-0.118694362018,0.690607734807,-6.4153671714,-0.02
7777,153.9,144.6,158.476199458,4.34,-8.6646884273,-0.138121546961,18.7238820361,-0.02
7778,165.4,143.3,136.684714833,4.21,-1.83976261128,-1.03591160221,2.39859370297,-0.15
7779,192.4,143.2,138.648217105,4.39,14.1839762611,-1.10497237569,3.86956923748,0.03
7780,167.3,143.7,144.551595951,4.46,-0.712166172107,-0.759668508287,8.29213903749,0.1
7781,170.8,147.1,158.476199458,4.27,1.3649851632,1.58839779006,18.7238820361,-0.09
7782,159.8,143.8,136.684714833,4.55,-5.16320474777,-0.690607734807,2.39859370297,0.19
7783,174.6,144.6,158.476199458,4.32,3.62017804154,-0.138121546961,18.7238820361,-0.04
7784,160.6,144.3,125.070398149,4.27,-4.6884272997,-0.345303867403,-6.30237696994,-0.09
7785,170.2,143.4,137.824842105,4.44,1.00890207715,-0.966850828729,3.25273038909,0.08
7786,165,143.2,124.919575439,4.42,-2.07715133531,-1.10497237569,-6.4153671714,0.06
7787,165.5,143.9,137.824842105,4.3,-1.78041543027,-0.621546961326,3.25273038909,-0.06
7788,159.8,144.2,158.476199458,4.32,-5.16320474777,-0.414364640884,18.7238820361,-0.04
7789,166.2,144.6,122.121664327,4.47,-1.3649851632,-0.138121546961,-8.51144765439,0.11
7790,185.7,143.7,135.295494737,4.32,10.2077151335,-0.759668508287,1.35784686952,-0.04
7791,161.3,144.9,124.919575439,4.3,-4.27299703264,0.0690607734807,-6.4153671714,-0.06
7792,166.4,143.4,138.648217105,4.27,-1.24629080119,-0.966850828729,3.86956923748,-0.09
7793,168.7,144.4,136.684714833,4.42,0.118694362018,-0.276243093923,2.39859370297,0.06
7794,162.6,143.6,125.070398149,4.29,-3.50148367953,-0.828729281768,-6.30237696994,-0.07
7795,162.6,144,136.684714833,4.31,-3.50148367953,-0.552486187845,2.39859370297,-0.05
7796,164.8,143.9,158.476199458,4.47,-2.19584569733,-0.621546961326,18.7238820361,0.11
7797,171,143.6,135.295494737,4.31,1.48367952522,-0.828729281768,1.35784686952,-0.05
7798,168.2,146.9,137.824842105,4.27,-0.178041543027,1.45027624309,3.25273038909,-0.09
7799,170.2,144.4,122.121664327,4.53,1.00890207715,-0.276243093923,-8.51144765439,0.17
7800,174.3,144.8,137.824842105,4.27,3.44213649852,0,3.25273038909,-0.09
7801,169.2,145.2,125.070398149,4.3,0.415430267062,0.276243093923,-6.30237696994,-0.06
7802,166.1,145.1,158.476199458,4.23,-1.42433234421,0.207182320442,18.7238820361,-0.13
7803,173.3,146.3,128.393411802,4.41,2.84866468843,1.03591160221,-3.81291115555,0.05
7804,153.9,143.8,158.476199458,4.46,-8.6646884273,-0.690607734807,18.7238820361,0.1
7805,153.9,144.3,137.824842105,4.35,-8.6646884273,-0.345303867403,3.25273038909,-0.01
7806,169.2,144,138.648217105,4.46,0.415430267062,-0.552486187845,3.86956923748,0.1
7807,160.6,143.9,122.121664327,4.36,-4.6884272997,-0.621546961326,-8.51144765439,0
7808,192.4,143.5,124.919575439,4.34,14.1839762611,-0.897790055249,-6.4153671714,-0.02
7809,170,144.8,144.551595951,4.41,0.890207715134,0,8.29213903749,0.05
7810,167.8,147.5,137.824842105,4.46,-0.415430267062,1.86464088398,3.25273038909,0.1
7811,169.2,144.5,128.393411802,4.3,0.415430267062,-0.207182320442,-3.81291115555,-0.06
7812,172.4,144.2,124.919575439,4.42,2.31454005935,-0.414364640884,-6.4153671714,0.06
7813,165.5,144.9,135.295494737,4.47,-1.78041543027,0.0690607734807,1.35784686952,0.11
7814,168.6,144.2,138.648217105,4.34,0.0593471810089,-0.414364640884,3.86956923748,-0.02
7815,164.6,144.8,128.393411802,4.39,-2.31454005935,0,-3.81291115555,0.03
7816,174.1,148,128.393411802,4.47,3.3234421365,2.20994475138,-3.81291115555,0.11
7817,165.5,143.6,136.684714833,4.31,-1.78041543027,-0.828729281768,2.39859370297,-0.05
7818,162.2,144.9,137.824842105,4.47,-3.73887240356,0.0690607734807,3.25273038909,0.11
7819,168.4,144.6,137.824842105,4.34,-0.0593471810089,-0.138121546961,3.25273038909,-0.02
7820,168.6,144.3,124.919575439,4.41,0.0593471810089,-0.345303867403,-6.4153671714,0.05
7821,167.3,148,137.824842105,4.47,-0.712166172107,2.20994475138,3.25273038909,0.11
7822,161.7,143.7,122.121664327,4.32,-4.03560830861,-0.759668508287,-8.51144765439,-0.04
7823,170.2,145.1,135.295494737,4.55,1.00890207715,0.207182320442,1.35784686952,0.19
7824,174.5,144.5,135.295494737,4.29,3.56083086053,-0.207182320442,1.35784686952,-0.07
7825,169.8,144.8,135.295494737,4.27,0.771513353116,0,1.35784686952,-0.09
7826,171.2,144,125.070398149,4.39,1.60237388724,-0.552486187845,-6.30237696994,0.03
7827,169.4,143.7,136.684714833,4.44,0.53412462908,-0.759668508287,2.39859370297,0.08
7828,166.2,143.9,124.919575439,4.24,-1.3649851632,-0.621546961326,-6.4153671714,-0.12
7829,162.9,143.5,125.070398149,4.47,-3.3234421365,-0.897790055249,-6.30237696994,0.11
7830,168.3,144.2,128.393411802,4.6,-0.118694362018,-0.414364640884,-3.81291115555,0.24
7831,161.3,144.5,125.070398149,4.21,-4.27299703264,-0.207182320442,-6.30237696994,-0.15
7832,173.3,144.1,124.919575439,4.27,2.84866468843,-0.483425414365,-6.4153671714,-0.09
7833,170.2,144.5,136.684714833,4.6,1.00890207715,-0.207182320442,2.39859370297,0.24
7834,167.3,144.3,144.551595951,4.23,-0.712166172107,-0.345303867403,8.29213903749,-0.13
7835,169.2,143.2,137.824842105,4.44,0.415430267062,-1.10497237569,3.25273038909,0.08
7836,166.9,144.3,124.919575439,4.41,-0.949554896142,-0.345303867403,-6.4153671714,0.05
7837,170,144.8,124.919575439,4.46,0.890207715134,0,-6.4153671714,0.1
7838,176.2,145.1,158.476199458,4.27,4.56973293769,0.207182320442,18.7238820361,-0.09
7839,171.8,144,128.393411802,4.24,1.95845697329,-0.552486187845,-3.81291115555,-0.12
7840,163.7,146.9,138.648217105,4.53,-2.84866468843,1.45027624309,3.86956923748,0.17
7841,170.1,144.2,137.824842105,4.44,0.949554896142,-0.414364640884,3.25273038909,0.08
7842,177.5,143.8,122.121664327,4.21,5.3412462908,-0.690607734807,-8.51144765439,-0.15
7843,168.7,144,135.295494737,4.45,0.118694362018,-0.552486187845,1.35784686952,0.09
7844,168.4,143.5,125.070398149,4.24,-0.0593471810089,-0.897790055249,-6.30237696994,-0.12
7845,170.2,144.2,125.070398149,4.38,1.00890207715,-0.414364640884,-6.30237696994,0.02
7846,170.2,144,122.121664327,4.36,1.00890207715,-0.552486187845,-8.51144765439,0
7847,173.2,144.9,128.393411802,4.38,2.78931750742,0.0690607734807,-3.81291115555,0.02
7848,165.4,144,138.648217105,4.36,-1.83976261128,-0.552486187845,3.86956923748,0
7849,190.9,143.4,137.824842105,4.46,13.293768546,-0.966850828729,3.25273038909,0.1
7850,174.5,144.2,144.551595951,4.38,3.56083086053,-0.414364640884,8.29213903749,0.02
7851,165,144.8,128.393411802,4.55,-2.07715133531,0,-3.81291115555,0.19
7852,168.4,144.8,122.121664327,4.23,-0.0593471810089,0,-8.51144765439,-0.13
7853,167.8,144.6,158.476199458,4.6,-0.415430267062,-0.138121546961,18.7238820361,0.24
7854,170.2,143.8,137.824842105,4.55,1.00890207715,-0.690607734807,3.25273038909,0.19
7855,167.6,141,122.121664327,4.35,-0.53412462908,-2.62430939227,-8.51144765439,-0.01
7856,169.4,145.5,135.295494737,4.46,0.53412462908,0.483425414365,1.35784686952,0.1
7857,199.6,145.2,122.121664327,4.34,18.4569732938,0.276243093923,-8.51144765439,-0.02
7858,162.2,143.8,122.121664327,4.29,-3.73887240356,-0.690607734807,-8.51144765439,-0.07
7859,161.3,144.2,144.551595951,4.36,-4.27299703264,-0.414364640884,8.29213903749,0
7860,165.7,144.2,158.476199458,4.38,-1.66172106825,-0.414364640884,18.7238820361,0.02
7861,146.7,143.2,135.295494737,4.41,-12.9376854599,-1.10497237569,1.35784686952,0.05
7862,168.6,144.8,136.684714833,4.46,0.0593471810089,0,2.39859370297,0.1
7863,170.8,144,137.824842105,4.44,1.3649851632,-0.552486187845,3.25273038909,0.08
7864,169.3,144.4,138.648217105,4.44,0.474777448071,-0.276243093923,3.86956923748,0.08
7865,170.1,144.9,138.648217105,4.34,0.949554896142,0.0690607734807,3.86956923748,-0.02
7866,173.2,143.7,138.648217105,4.38,2.78931750742,-0.759668508287,3.86956923748,0.02
7867,161.7,143.5,122.121664327,4.34,-4.03560830861,-0.897790055249,-8.51144765439,-0.02
7868,165,142.6,158.476199458,4.3,-2.07715133531,-1.51933701657,18.7238820361,-0.06
7869,167.4,141.4,138.648217105,4.47,-0.652818991098,-2.34806629834,3.86956923748,0.11
7870,169.4,143.5,128.393411802,4.36,0.53412462908,-0.897790055249,-3.81291115555,0
7871,199.6,144.8,158.476199458,4.32,18.4569732938,0,18.7238820361,-0.04
7872,172.4,145.8,125.070398149,4.55,2.31454005935,0.690607734807,-6.30237696994,0.19
7873,168.4,143.7,135.295494737,4.41,-0.0593471810089,-0.759668508287,1.35784686952,0.05
7874,170.1,141.6,124.919575439,4.29,0.949554896142,-2.20994475138,-6.4153671714,-0.07
7875,169.4,144.8,122.121664327,4.29,0.53412462908,0,-8.51144765439,-0.07
7876,167.5,147.9,135.295494737,4.47,-0.593471810089,2.1408839779,1.35784686952,0.11
7877,172.4,144,124.919575439,4.41,2.31454005935,-0.552486187845,-6.4153671714,0.05
7878,169.2,144.6,158.476199458,4.46,0.415430267062,-0.138121546961,18.7238820361,0.1
7879,170,144.8,138.648217105,4.3,0.890207715134,0,3.86956923748,-0.06
7880,176.6,147.1,137.824842105,4.47,4.80712166172,1.58839779006,3.25273038909,0.11
7881,160.6,143.4,125.070398149,4.3,-4.6884272997,-0.966850828729,-6.30237696994,-0.06
7882,169.2,144.2,136.684714833,4.3,0.415430267062,-0.414364640884,2.39859370297,-0.06
7883,164.8,140.4,137.824842105,4.46,-2.19584569733,-3.03867403315,3.25273038909,0.1
7884,171,144.8,144.551595951,4.32,1.48367952522,0,8.29213903749,-0.04
7885,164.5,144.3,144.551595951,4.46,-2.37388724036,-0.345303867403,8.29213903749,0.1
7886,165.7,143.4,124.919575439,4.27,-1.66172106825,-0.966850828729,-6.4153671714,-0.09
7887,172.4,141.4,138.648217105,4.53,2.31454005935,-2.34806629834,3.86956923748,0.17
7888,166.9,145.8,137.824842105,4.32,-0.949554896142,0.690607734807,3.25273038909,-0.04
7889,165.5,144.9,128.393411802,4.44,-1.78041543027,0.0690607734807,-3.81291115555,0.08
7890,170.2,144.2,137.824842105,4.29,1.00890207715,-0.414364640884,3.25273038909,-0.07
7891,176.2,141,136.684714833,4.27,4.56973293769,-2.62430939227,2.39859370297,-0.09
7892,170.1,144.3,136.684714833,4.29,0.949554896142,-0.345303867403,2.39859370297,-0.07
7893,158.9,147.1,158.476199458,4.47,-5.69732937685,1.58839779006,18.7238820361,0.11
7894,174.5,147.1,144.551595951,4.35,3.56083086053,1.58839779006,8.29213903749,-0.01
7895,169.3,144.2,137.824842105,4.23,0.474777448071,-0.414364640884,3.25273038909,-0.13
7896,165.5,143.6,138.648217105,4.32,-1.78041543027,-0.828729281768,3.86956923748,-0.04
7897,170.6,144.5,128.393411802,4.31,1.24629080119,-0.207182320442,-3.81291115555,-0.05
7898,170.2,145.7,128.393411802,4.46,1.00890207715,0.621546961326,-3.81291115555,0.1
7899,170.3,145.2,135.295494737,4.6,1.06824925816,0.276243093923,1.35784686952,0.24
7900,167.6,145.1,144.551595951,4.3,-0.53412462908,0.207182320442,8.29213903749,-0.06
7901,169.2,143.5,124.919575439,4.47,0.415430267062,-0.897790055249,-6.4153671714,0.11
7902,168.3,144.8,122.121664327,4.23,-0.118694362018,0,-8.51144765439,-0.13
7903,164.5,143.7,136.684714833,4.47,-2.37388724036,-0.759668508287,2.39859370297,0.11
7904,166.9,147.9,136.684714833,4.35,-0.949554896142,2.1408839779,2.39859370297,-0.01
7905,169.2,145.2,136.684714833,4.44,0.415430267062,0.276243093923,2.39859370297,0.08
7906,168.6,143.8,158.476199458,4.39,0.0593471810089,-0.690607734807,18.7238820361,0.03
7907,176.2,144.4,158.476199458,4.3,4.56973293769,-0.276243093923,18.7238820361,-0.06
7908,166.9,147.5,128.393411802,4.38,-0.949554896142,1.86464088398,-3.81291115555,0.02
7909,168.2,143.7,136.684714833,4.21,-0.178041543027,-0.759668508287,2.39859370297,-0.15
7910,163.7,141,136.684714833,4.29,-2.84866468843,-2.62430939227,2.39859370297,-0.07
7911,170,144.7,128.393411802,4.38,0.890207715134,-0.0690607734807,-3.81291115555,0.02
7912,166.4,147.9,128.393411802,4.6,-1.24629080119,2.1408839779,-3.81291115555,0.24
7913,168.3,144.5,138.648217105,4.6,-0.118694362018,-0.207182320442,3.86956923748,0.24
7914,167.4,144.5,128.393411802,4.27,-0.652818991098,-0.207182320442,-3.81291115555,-0.09
7915,173.3,147.3,144.551595951,4.46,2.84866468843,1.72651933702,8.29213903749,0.1
7916,199.6,144.5,136.684714833,4.47,18.4569732938,-0.207182320442,2.39859370297,0.11
7917,176.2,143.7,137.824842105,4.21,4.56973293769,-0.759668508287,3.25273038909,-0.15
7918,169.2,141,122.121664327,4.27,0.415430267062,-2.62430939227,-8.51144765439,-0.09
7919,169.2,143.6,136.684714833,4.23,0.415430267062,-0.828729281768,2.39859370297,-0.13
7920,161.3,144.7,135.295494737,4.39,-4.27299703264,-0.0690607734807,1.35784686952,0.03
7921,165.4,145.2,138.648217105,4.27,-1.83976261128,0.276243093923,3.86956923748,-0.09
7922,170.3,141,124.919575439,4.39,1.06824925816,-2.62430939227,-6.4153671714,0.03
7923,173.2,143.5,122.121664327,4.38,2.78931750742,-0.897790055249,-8.51144765439,0.02
7924,176,140.4,125.070398149,4.39,4.45103857567,-3.03867403315,-6.30237696994,0.03
7925,170.1,141,136.684714833,4.38,0.949554896142,-2.62430939227,2.39859370297,0.02
7926,169.2,141.4,158.476199458,4.31,0.415430267062,-2.34806629834,18.7238820361,-0.05
7927,171.8,144.2,122.121664327,4.31,1.95845697329,-0.414364640884,-8.51144765439,-0.05
7928,156.1,143.4,137.824842105,4.3,-7.3590504451,-0.966850828729,3.25273038909,-0.06
7929,176.6,147.5,122.121664327,4.41,4.80712166172,1.86464088398,-8.51144765439,0.05
7930,161.7,147.1,158.476199458,4.44,-4.03560830861,1.58839779006,18.7238820361,0.08
7931,164.8,145.7,122.121664327,4.6,-2.19584569733,0.621546961326,-8.51144765439,0.24
7932,167.5,144.7,136.684714833,4.55,-0.593471810089,-0.0690607734807,2.39859370297,0.19
7933,153.9,144.8,144.551595951,4.35,-8.6646884273,0,8.29213903749,-0.01
7934,163.7,144.1,136.684714833,4.46,-2.84866468843,-0.483425414365,2.39859370297,0.1
7935,169.4,144.8,125.070398149,4.42,0.53412462908,0,-6.30237696994,0.06
7936,163.7,143.5,158.476199458,4.6,-2.84866468843,-0.897790055249,18.7238820361,0.24
7937,165.5,143.2,138.648217105,4.23,-1.78041543027,-1.10497237569,3.86956923748,-0.13
7938,173,141,124.919575439,4.34,2.6706231454,-2.62430939227,-6.4153671714,-0.02
7939,167.5,141.6,122.121664327,4.27,-0.593471810089,-2.20994475138,-8.51144765439,-0.09
7940,168.3,145.1,138.648217105,4.35,-0.118694362018,0.207182320442,3.86956923748,-0.01
7941,161.6,143.2,122.121664327,4.29,-4.09495548961,-1.10497237569,-8.51144765439,-0.07
7942,166.1,144,137.824842105,4.32,-1.42433234421,-0.552486187845,3.25273038909,-0.04
7943,160.6,144,138.648217105,4.53,-4.6884272997,-0.552486187845,3.86956923748,0.17
7944,146.7,144.1,136.684714833,4.44,-12.9376854599,-0.483425414365,2.39859370297,0.08
7945,164.5,144.4,135.295494737,4.27,-2.37388724036,-0.276243093923,1.35784686952,-0.09
7946,163.7,144.5,158.476199458,4.39,-2.84866468843,-0.207182320442,18.7238820361,0.03
7947,169.8,144.4,124.919575439,4.32,0.771513353116,-0.276243093923,-6.4153671714,-0.04
7948,153.9,144,125.070398149,4.53,-8.6646884273,-0.552486187845,-6.30237696994,0.17
7949,177.5,144.9,158.476199458,4.45,5.3412462908,0.0690607734807,18.7238820361,0.09
7950,177.5,147.1,122.121664327,4.35,5.3412462908,1.58839779006,-8.51144765439,-0.01
7951,173.3,141.6,158.476199458,4.3,2.84866468843,-2.20994475138,18.7238820361,-0.06
7952,167.5,145.7,144.551595951,4.27,-0.593471810089,0.621546961326,8.29213903749,-0.09
7953,169.2,143.6,144.551595951,4.3,0.415430267062,-0.828729281768,8.29213903749,-0.06
7954,162.6,144.9,122.121664327,4.39,-3.50148367953,0.0690607734807,-8.51144765439,0.03
7955,166.9,146.9,158.476199458,4.45,-0.949554896142,1.45027624309,18.7238820361,0.09
7956,163.7,143.4,125.070398149,4.21,-2.84866468843,-0.966850828729,-6.30237696994,-0.15
7957,162.6,148,124.919575439,4.42,-3.50148367953,2.20994475138,-6.4153671714,0.06
7958,174.5,143.2,124.919575439,4.3,3.56083086053,-1.10497237569,-6.4153671714,-0.06
7959,161.6,144.6,138.648217105,4.55,-4.09495548961,-0.138121546961,3.86956923748,0.19
7960,168.6,143.6,122.121664327,4.29,0.0593471810089,-0.828729281768,-8.51144765439,-0.07
7961,198.1,144.2,144.551595951,4.27,17.5667655786,-0.414364640884,8.29213903749,-0.09
7962,199.6,141,144.551595951,4.27,18.4569732938,-2.62430939227,8.29213903749,-0.09
7963,167.5,145.1,122.121664327,4.53,-0.593471810089,0.207182320442,-8.51144765439,0.17
7964,166.9,140.4,137.824842105,4.23,-0.949554896142,-3.03867403315,3.25273038909,-0.13
7965,162.6,145.2,125.070398149,4.27,-3.50148367953,0.276243093923,-6.30237696994,-0.09
7966,170.8,143.8,158.476199458,4.3,1.3649851632,-0.690607734807,18.7238820361,-0.06
7967,165.4,144.5,144.551595951,4.3,-1.83976261128,-0.207182320442,8.29213903749,-0.06
7968,167.9,147.9,158.476199458,4.39,-0.356083086053,2.1408839779,18.7238820361,0.03
7969,169.2,144.6,138.648217105,4.46,0.415430267062,-0.138121546961,3.86956923748,0.1
7970,173.2,144.5,144.551595951,4.21,2.78931750742,-0.207182320442,8.29213903749,-0.15
7971,177.5,144.5,122.121664327,4.27,5.3412462908,-0.207182320442,-8.51144765439,-0.09
7972,169.8,145.1,144.551595951,4.46,0.771513353116,0.207182320442,8.29213903749,0.1
7973,173.3,143.6,125.070398149,4.47,2.84866468843,-0.828729281768,-6.30237696994,0.11
7974,168.3,141.4,124.919575439,4.53,-0.118694362018,-2.34806629834,-6.4153671714,0.17
7975,170,143.3,128.393411802,4.36,0.890207715134,-1.03591160221,-3.81291115555,0
7976,167.8,144.5,135.295494737,4.46,-0.415430267062,-0.207182320442,1.35784686952,0.1
7977,166.9,143.9,158.476199458,4.6,-0.949554896142,-0.621546961326,18.7238820361,0.24
7978,171.2,143.5,138.648217105,4.3,1.60237388724,-0.897790055249,3.86956923748,-0.06
7979,176.6,141.4,125.070398149,4.23,4.80712166172,-2.34806629834,-6.30237696994,-0.13
7980,160.6,144,128.393411802,4.46,-4.6884272997,-0.552486187845,-3.81291115555,0.1
7981,174.5,144.4,125.070398149,4.46,3.56083086053,-0.276243093923,-6.30237696994,0.1
7982,192.4,145.1,136.684714833,4.36,14.1839762611,0.207182320442,2.39859370297,0
7983,199.6,144.8,135.295494737,4.21,18.4569732938,0,1.35784686952,-0.15
7984,170.2,146.3,138.648217105,4.27,1.00890207715,1.03591160221,3.86956923748,-0.09
7985,174.5,143.9,136.684714833,4.6,3.56083086053,-0.621546961326,2.39859370297,0.24
7986,168.4,144,124.919575439,4.35,-0.0593471810089,-0.552486187845,-6.4153671714,-0.01
7987,192.4,145.2,144.551595951,4.38,14.1839762611,0.276243093923,8.29213903749,0.02
7988,174.1,144.5,137.824842105,4.47,3.3234421365,-0.207182320442,3.25273038909,0.11
7989,190.9,146.3,138.648217105,4.47,13.293768546,1.03591160221,3.86956923748,0.11
7990,170.8,143.5,136.684714833,4.55,1.3649851632,-0.897790055249,2.39859370297,0.19
7991,192.4,144.8,138.648217105,4.44,14.1839762611,0,3.86956923748,0.08
7992,146.7,143.9,137.824842105,4.35,-12.9376854599,-0.621546961326,3.25273038909,-0.01
7993,167.9,144.4,136.684714833,4.27,-0.356083086053,-0.276243093923,2.39859370297,-0.09
7994,170.1,143.4,128.393411802,4.24,0.949554896142,-0.966850828729,-3.81291115555,-0.12
7995,175.7,145.2,158.476199458,4.29,4.27299703264,0.276243093923,18.7238820361,-0.07
7996,167.8,148.6,137.824842105,4.34,-0.415430267062,2.62430939227,3.25273038909,-0.02
7997,168.3,144.8,135.295494737,4.23,-0.118694362018,0,1.35784686952,-0.13
7998,166.2,145.1,144.551595951,4.23,-1.3649851632,0.207182320442,8.29213903749,-0.13
7999,174.4,141,125.070398149,4.21,3.50148367953,-2.62430939227,-6.30237696994,-0.15
8000,162.9,146.3,138.648217105,4.44,-3.3234421365,1.03591160221,3.86956923748,0.08
8001,163.3,141,124.919575439,4.38,-3.08605341246,-2.62430939227,-6.4153671714,0.02
8002,168.7,144.8,124.919575439,4.3,0.118694362018,0,-6.4153671714,-0.06
8003,165.7,144.8,124.919575439,4.53,-1.66172106825,0,-6.4153671714,0.17
8004,167.4,144.8,125.070398149,4.44,-0.652818991098,0,-6.30237696994,0.08
8005,168.6,143.9,122.121664327,4.35,0.0593471810089,-0.621546961326,-8.51144765439,-0.01
8006,167.3,145.1,158.476199458,4.39,-0.712166172107,0.207182320442,18.7238820361,0.03
8007,156.1,145.1,128.393411802,4.3,-7.3590504451,0.207182320442,-3.81291115555,-0.06
8008,171.8,143.4,135.295494737,4.6,1.95845697329,-0.966850828729,1.35784686952,0.24
8009,156.1,145.2,144.551595951,4.47,-7.3590504451,0.276243093923,8.29213903749,0.11
8010,168.2,144.5,135.295494737,4.29,-0.178041543027,-0.207182320442,1.35784686952,-0.07
8011,161.6,144.5,125.070398149,4.41,-4.09495548961,-0.207182320442,-6.30237696994,0.05
8012,153.9,146.9,122.121664327,4.27,-8.6646884273,1.45027624309,-8.51144765439,-0.09
8013,166.2,143.2,122.121664327,4.3,-1.3649851632,-1.10497237569,-8.51144765439,-0.06
8014,198.1,144.9,122.121664327,4.6,17.5667655786,0.0690607734807,-8.51144765439,0.24
8015,199.6,143.4,125.070398149,4.6,18.4569732938,-0.966850828729,-6.30237696994,0.24
8016,170.2,143.9,144.551595951,4.27,1.00890207715,-0.621546961326,8.29213903749,-0.09
8017,158.9,143.2,136.684714833,4.44,-5.69732937685,-1.10497237569,2.39859370297,0.08
8018,190.9,143.2,138.648217105,4.27,13.293768546,-1.10497237569,3.86956923748,-0.09
8019,169.3,143.5,136.684714833,4.44,0.474777448071,-0.897790055249,2.39859370297,0.08
8020,169.2,141.6,136.684714833,4.55,0.415430267062,-2.20994475138,2.39859370297,0.19
8021,173.3,144.2,144.551595951,4.44,2.84866468843,-0.414364640884,8.29213903749,0.08
8022,170.1,140.4,136.684714833,4.36,0.949554896142,-3.03867403315,2.39859370297,0
8023,170.6,144.5,125.070398149,4.36,1.24629080119,-0.207182320442,-6.30237696994,0
8024,170.2,144.5,125.070398149,4.32,1.00890207715,-0.207182320442,-6.30237696994,-0.04
8025,175.7,143.2,144.551595951,4.44,4.27299703264,-1.10497237569,8.29213903749,0.08
8026,166.2,143.4,122.121664327,4.21,-1.3649851632,-0.966850828729,-8.51144765439,-0.15
8027,168.4,144.2,128.393411802,4.29,-0.0593471810089,-0.414364640884,-3.81291115555,-0.07
8028,164.8,143.2,135.295494737,4.39,-2.19584569733,-1.10497237569,1.35784686952,0.03
8029,170.1,145.2,122.121664327,4.32,0.949554896142,0.276243093923,-8.51144765439,-0.04
8030,163.3,144.6,135.295494737,4.29,-3.08605341246,-0.138121546961,1.35784686952,-0.07
8031,173,144.5,144.551595951,4.24,2.6706231454,-0.207182320442,8.29213903749,-0.12
8032,166.9,144.2,144.551595951,4.32,-0.949554896142,-0.414364640884,8.29213903749,-0.04
8033,164.6,145.7,136.684714833,4.32,-2.31454005935,0.621546961326,2.39859370297,-0.04
8034,165.7,143.8,138.648217105,4.32,-1.66172106825,-0.690607734807,3.86956923748,-0.04
8035,174.5,144.3,125.070398149,4.23,3.56083086053,-0.345303867403,-6.30237696994,-0.13
8036,164.5,144.2,158.476199458,4.3,-2.37388724036,-0.414364640884,18.7238820361,-0.06
8037,161.6,146.3,138.648217105,4.47,-4.09495548961,1.03591160221,3.86956923748,0.11
8038,170.8,141,158.476199458,4.3,1.3649851632,-2.62430939227,18.7238820361,-0.06
8039,168.2,144.9,158.476199458,4.53,-0.178041543027,0.0690607734807,18.7238820361,0.17
8040,167.1,144.3,136.684714833,4.36,-0.830860534125,-0.345303867403,2.39859370297,0
8041,168.6,145.2,138.648217105,4.31,0.0593471810089,0.276243093923,3.86956923748,-0.05
8042,176,144.6,138.648217105,4.6,4.45103857567,-0.138121546961,3.86956923748,0.24
8043,162.9,144,122.121664327,4.44,-3.3234421365,-0.552486187845,-8.51144765439,0.08
8044,160.6,144.5,122.121664327,4.27,-4.6884272997,-0.207182320442,-8.51144765439,-0.09
8045,168.6,144.5,138.648217105,4.6,0.0593471810089,-0.207182320442,3.86956923748,0.24
8046,168.7,144.3,144.551595951,4.38,0.118694362018,-0.345303867403,8.29213903749,0.02
8047,168.3,144.2,124.919575439,4.27,-0.118694362018,-0.414364640884,-6.4153671714,-0.09
8048,170.2,144.5,137.824842105,4.55,1.00890207715,-0.207182320442,3.25273038909,0.19
8049,156.1,144.5,135.295494737,4.38,-7.3590504451,-0.207182320442,1.35784686952,0.02
8050,170.3,145.8,128.393411802,4.3,1.06824925816,0.690607734807,-3.81291115555,-0.06
8051,162.6,144.8,125.070398149,4.3,-3.50148367953,0,-6.30237696994,-0.06
8052,167.8,141.4,138.648217105,4.53,-0.415430267062,-2.34806629834,3.86956923748,0.17
8053,165.7,144.8,144.551595951,4.35,-1.66172106825,0,8.29213903749,-0.01
8054,167.9,143.7,144.551595951,4.6,-0.356083086053,-0.759668508287,8.29213903749,0.24
8055,167.8,143.2,144.551595951,4.32,-0.415430267062,-1.10497237569,8.29213903749,-0.04
8056,176,144,144.551595951,4.24,4.45103857567,-0.552486187845,8.29213903749,-0.12
8057,167.8,144.9,125.070398149,4.6,-0.415430267062,0.0690607734807,-6.30237696994,0.24
8058,162.6,143.8,138.648217105,4.55,-3.50148367953,-0.690607734807,3.86956923748,0.19
8059,170.1,143.7,125.070398149,4.42,0.949554896142,-0.759668508287,-6.30237696994,0.06
8060,168.4,145.1,138.648217105,4.21,-0.0593471810089,0.207182320442,3.86956923748,-0.15
8061,170.8,142.8,135.295494737,4.29,1.3649851632,-1.38121546961,1.35784686952,-0.07
8062,174.5,145.2,158.476199458,4.27,3.56083086053,0.276243093923,18.7238820361,-0.09
8063,174.4,141,122.121664327,4.24,3.50148367953,-2.62430939227,-8.51144765439,-0.12
8064,170.2,145.2,158.476199458,4.21,1.00890207715,0.276243093923,18.7238820361,-0.15
8065,166.4,141.6,125.070398149,4.6,-1.24629080119,-2.20994475138,-6.30237696994,0.24
8066,169.2,143.4,138.648217105,4.44,0.415430267062,-0.966850828729,3.86956923748,0.08
8067,173.3,144.9,136.684714833,4.6,2.84866468843,0.0690607734807,2.39859370297,0.24
8068,170.3,145.2,137.824842105,4.27,1.06824925816,0.276243093923,3.25273038909,-0.09
8069,170,143.5,135.295494737,4.24,0.890207715134,-0.897790055249,1.35784686952,-0.12
8070,164.6,144.8,138.648217105,4.6,-2.31454005935,0,3.86956923748,0.24
8071,169.9,144.4,144.551595951,4.38,0.830860534125,-0.276243093923,8.29213903749,0.02
8072,161.7,144.2,122.121664327,4.39,-4.03560830861,-0.414364640884,-8.51144765439,0.03
8073,170.2,144.2,138.648217105,4.47,1.00890207715,-0.414364640884,3.86956923748,0.11
8074,162.6,146.3,122.121664327,4.46,-3.50148367953,1.03591160221,-8.51144765439,0.1
8075,164.6,144.3,158.476199458,4.21,-2.31454005935,-0.345303867403,18.7238820361,-0.15
8076,166.9,143.6,138.648217105,4.39,-0.949554896142,-0.828729281768,3.86956923748,0.03
8077,169.4,146.9,158.476199458,4.41,0.53412462908,1.45027624309,18.7238820361,0.05
8078,170.3,145.8,138.648217105,4.6,1.06824925816,0.690607734807,3.86956923748,0.24
8079,165.4,143.4,144.551595951,4.3,-1.83976261128,-0.966850828729,8.29213903749,-0.06
8080,161.7,143.7,125.070398149,4.47,-4.03560830861,-0.759668508287,-6.30237696994,0.11
8081,172.4,143.9,124.919575439,4.46,2.31454005935,-0.621546961326,-6.4153671714,0.1
8082,175.7,146.9,125.070398149,4.47,4.27299703264,1.45027624309,-6.30237696994,0.11
8083,162.2,147.3,136.684714833,4.35,-3.73887240356,1.72651933702,2.39859370297,-0.01
8084,167.5,144.6,125.070398149,4.35,-0.593471810089,-0.138121546961,-6.30237696994,-0.01
8085,160.6,144.5,128.393411802,4.39,-4.6884272997,-0.207182320442,-3.81291115555,0.03
8086,168.6,141.4,124.919575439,4.35,0.0593471810089,-2.34806629834,-6.4153671714,-0.01
8087,176.6,143.6,124.919575439,4.35,4.80712166172,-0.828729281768,-6.4153671714,-0.01
8088,174.1,143.2,135.295494737,4.45,3.3234421365,-1.10497237569,1.35784686952,0.09
8089,170,144,138.648217105,4.36,0.890207715134,-0.552486187845,3.86956923748,0
8090,168.7,143.4,124.919575439,4.47,0.118694362018,-0.966850828729,-6.4153671714,0.11
8091,161.7,143.8,136.684714833,4.31,-4.03560830861,-0.690607734807,2.39859370297,-0.05
8092,198.1,143.3,138.648217105,4.27,17.5667655786,-1.03591160221,3.86956923748,-0.09
8093,165.4,144.5,136.684714833,4.27,-1.83976261128,-0.207182320442,2.39859370297,-0.09
8094,170.2,143.4,124.919575439,4.27,1.00890207715,-0.966850828729,-6.4153671714,-0.09
8095,170.3,144.5,128.393411802,4.44,1.06824925816,-0.207182320442,-3.81291115555,0.08
8096,170.3,143.9,135.295494737,4.35,1.06824925816,-0.621546961326,1.35784686952,-0.01
8097,198.1,144.3,122.121664327,4.44,17.5667655786,-0.345303867403,-8.51144765439,0.08
8098,171,144.3,135.295494737,4.6,1.48367952522,-0.345303867403,1.35784686952,0.24
8099,185.7,143.4,124.919575439,4.6,10.2077151335,-0.966850828729,-6.4153671714,0.24
8100,156.1,147.9,128.393411802,4.3,-7.3590504451,2.1408839779,-3.81291115555,-0.06
8101,192.4,143.8,124.919575439,4.24,14.1839762611,-0.690607734807,-6.4153671714,-0.12
8102,158.9,144.5,124.919575439,4.44,-5.69732937685,-0.207182320442,-6.4153671714,0.08
8103,168.6,144.5,124.919575439,4.32,0.0593471810089,-0.207182320442,-6.4153671714,-0.04
8104,169.4,144.6,124.919575439,4.41,0.53412462908,-0.138121546961,-6.4153671714,0.05
8105,162.6,143.7,138.648217105,4.3,-3.50148367953,-0.759668508287,3.86956923748,-0.06
8106,170.6,141,122.121664327,4.44,1.24629080119,-2.62430939227,-8.51144765439,0.08
8107,146.7,143.3,138.648217105,4.41,-12.9376854599,-1.03591160221,3.86956923748,0.05
8108,153.9,144.9,135.295494737,4.44,-8.6646884273,0.0690607734807,1.35784686952,0.08
8109,167.1,143.6,136.684714833,4.3,-0.830860534125,-0.828729281768,2.39859370297,-0.06
8110,170.1,144.5,158.476199458,4.6,0.949554896142,-0.207182320442,18.7238820361,0.24
8111,174.3,145.5,128.393411802,4.42,3.44213649852,0.483425414365,-3.81291115555,0.06
8112,167.8,140.4,158.476199458,4.47,-0.415430267062,-3.03867403315,18.7238820361,0.11
8113,170.2,144.1,158.476199458,4.31,1.00890207715,-0.483425414365,18.7238820361,-0.05
8114,176,144.2,137.824842105,4.38,4.45103857567,-0.414364640884,3.25273038909,0.02
8115,171,141,135.295494737,4.46,1.48367952522,-2.62430939227,1.35784686952,0.1
8116,167.9,147.3,137.824842105,4.41,-0.356083086053,1.72651933702,3.25273038909,0.05
8117,156.1,143.3,137.824842105,4.39,-7.3590504451,-1.03591160221,3.25273038909,0.03
8118,161.7,144.2,136.684714833,4.3,-4.03560830861,-0.414364640884,2.39859370297,-0.06
8119,168.4,143.2,128.393411802,4.45,-0.0593471810089,-1.10497237569,-3.81291115555,0.09
8120,170.2,144.2,144.551595951,4.6,1.00890207715,-0.414364640884,8.29213903749,0.24
8121,174.3,146.1,144.551595951,4.27,3.44213649852,0.897790055249,8.29213903749,-0.09
8122,153.9,144.2,158.476199458,4.38,-8.6646884273,-0.414364640884,18.7238820361,0.02
8123,171.8,144.8,128.393411802,4.29,1.95845697329,0,-3.81291115555,-0.07
8124,173.2,144.8,128.393411802,4.41,2.78931750742,0,-3.81291115555,0.05
8125,166.4,144,122.121664327,4.46,-1.24629080119,-0.552486187845,-8.51144765439,0.1
8126,170.2,144.6,125.070398149,4.53,1.00890207715,-0.138121546961,-6.30237696994,0.17
8127,165.7,144.5,138.648217105,4.21,-1.66172106825,-0.207182320442,3.86956923748,-0.15
8128,166.9,145.1,122.121664327,4.29,-0.949554896142,0.207182320442,-8.51144765439,-0.07
8129,199.6,143.8,128.393411802,4.32,18.4569732938,-0.690607734807,-3.81291115555,-0.04
8130,165.4,141,122.121664327,4.47,-1.83976261128,-2.62430939227,-8.51144765439,0.11
8131,169.9,143.8,124.919575439,4.45,0.830860534125,-0.690607734807,-6.4153671714,0.09
8132,167.8,143.6,144.551595951,4.44,-0.415430267062,-0.828729281768,8.29213903749,0.08
8133,172.4,147.9,144.551595951,4.41,2.31454005935,2.1408839779,8.29213903749,0.05
8134,170.2,144.6,128.393411802,4.36,1.00890207715,-0.138121546961,-3.81291115555,0
8135,164.5,143.9,138.648217105,4.3,-2.37388724036,-0.621546961326,3.86956923748,-0.06
8136,174.4,144.4,128.393411802,4.6,3.50148367953,-0.276243093923,-3.81291115555,0.24
8137,165.4,145.8,138.648217105,4.32,-1.83976261128,0.690607734807,3.86956923748,-0.04
8138,169.2,143.7,144.551595951,4.44,0.415430267062,-0.759668508287,8.29213903749,0.08
8139,170.6,143.9,135.295494737,4.32,1.24629080119,-0.621546961326,1.35784686952,-0.04
8140,169.2,143.9,158.476199458,4.53,0.415430267062,-0.621546961326,18.7238820361,0.17
8141,163.7,144.8,137.824842105,4.41,-2.84866468843,0,3.25273038909,0.05
8142,173.2,144.9,122.121664327,4.44,2.78931750742,0.0690607734807,-8.51144765439,0.08
8143,164.5,146.3,158.476199458,4.29,-2.37388724036,1.03591160221,18.7238820361,-0.07
8144,172.4,144.8,144.551595951,4.6,2.31454005935,0,8.29213903749,0.24
8145,198.1,144.1,137.824842105,4.35,17.5667655786,-0.483425414365,3.25273038909,-0.01
8146,199.9,144.5,128.393411802,4.24,18.6350148368,-0.207182320442,-3.81291115555,-0.12
8147,198.1,144.4,135.295494737,4.41,17.5667655786,-0.276243093923,1.35784686952,0.05
8148,174.5,144.8,125.070398149,4.55,3.56083086053,0,-6.30237696994,0.19
8149,164.6,144.9,136.684714833,4.21,-2.31454005935,0.0690607734807,2.39859370297,-0.15
8150,175.7,142.6,158.476199458,4.23,4.27299703264,-1.51933701657,18.7238820361,-0.13
8151,174.4,144.8,158.476199458,4.32,3.50148367953,0,18.7238820361,-0.04
8152,164.5,145.2,136.684714833,4.29,-2.37388724036,0.276243093923,2.39859370297,-0.07
8153,166.2,144,128.393411802,4.44,-1.3649851632,-0.552486187845,-3.81291115555,0.08
8154,164.3,143.4,122.121664327,4.34,-2.49258160237,-0.966850828729,-8.51144765439,-0.02
8155,169.9,144.2,122.121664327,4.29,0.830860534125,-0.414364640884,-8.51144765439,-0.07
8156,169.2,144.4,135.295494737,4.23,0.415430267062,-0.276243093923,1.35784686952,-0.13
8157,165,144.8,124.919575439,4.3,-2.07715133531,0,-6.4153671714,-0.06
8158,146.7,144,137.824842105,4.41,-12.9376854599,-0.552486187845,3.25273038909,0.05
8159,170.1,144.4,135.295494737,4.46,0.949554896142,-0.276243093923,1.35784686952,0.1
8160,169.8,143.5,128.393411802,4.6,0.771513353116,-0.897790055249,-3.81291115555,0.24
8161,163.3,146.1,136.684714833,4.36,-3.08605341246,0.897790055249,2.39859370297,0
8162,174.6,148,128.393411802,4.41,3.62017804154,2.20994475138,-3.81291115555,0.05
8163,146.7,144.5,144.551595951,4.36,-12.9376854599,-0.207182320442,8.29213903749,0
8164,185.7,144.2,128.393411802,4.23,10.2077151335,-0.414364640884,-3.81291115555,-0.13
8165,169.2,143.5,144.551595951,4.38,0.415430267062,-0.897790055249,8.29213903749,0.02
8166,172.4,144.3,144.551595951,4.3,2.31454005935,-0.345303867403,8.29213903749,-0.06
8167,161.3,144.9,122.121664327,4.44,-4.27299703264,0.0690607734807,-8.51144765439,0.08
8168,167.1,144.6,136.684714833,4.32,-0.830860534125,-0.138121546961,2.39859370297,-0.04
8169,167.8,143.9,158.476199458,4.34,-0.415430267062,-0.621546961326,18.7238820361,-0.02
8170,162.2,145.8,144.551595951,4.45,-3.73887240356,0.690607734807,8.29213903749,0.09
8171,168.6,144,122.121664327,4.27,0.0593471810089,-0.552486187845,-8.51144765439,-0.09
8172,167.1,143.4,124.919575439,4.27,-0.830860534125,-0.966850828729,-6.4153671714,-0.09
8173,164.5,143.4,158.476199458,4.41,-2.37388724036,-0.966850828729,18.7238820361,0.05
8174,158.9,143.4,138.648217105,4.45,-5.69732937685,-0.966850828729,3.86956923748,0.09
8175,177.5,144.8,124.919575439,4.6,5.3412462908,0,-6.4153671714,0.24
8176,162.9,144.5,125.070398149,4.6,-3.3234421365,-0.207182320442,-6.30237696994,0.24
8177,174.4,143.6,124.919575439,4.27,3.50148367953,-0.828729281768,-6.4153671714,-0.09
8178,190.9,141,144.551595951,4.3,13.293768546,-2.62430939227,8.29213903749,-0.06
8179,176,143.9,138.648217105,4.42,4.45103857567,-0.621546961326,3.86956923748,0.06
8180,173.2,146.3,144.551595951,4.32,2.78931750742,1.03591160221,8.29213903749,-0.04
8181,158.9,144.5,138.648217105,4.41,-5.69732937685,-0.207182320442,3.86956923748,0.05
8182,163.7,143.9,138.648217105,4.27,-2.84866468843,-0.621546961326,3.86956923748,-0.09
8183,166.9,143.6,137.824842105,4.46,-0.949554896142,-0.828729281768,3.25273038909,0.1
8184,177.5,144.2,124.919575439,4.32,5.3412462908,-0.414364640884,-6.4153671714,-0.04
8185,164.5,143.3,138.648217105,4.41,-2.37388724036,-1.03591160221,3.86956923748,0.05
8186,165.4,143.9,125.070398149,4.31,-1.83976261128,-0.621546961326,-6.30237696994,-0.05
8187,173,145.7,136.684714833,4.23,2.6706231454,0.621546961326,2.39859370297,-0.13
8188,176,143.7,158.476199458,4.29,4.45103857567,-0.759668508287,18.7238820361,-0.07
8189,164.8,144.9,124.919575439,4.29,-2.19584569733,0.0690607734807,-6.4153671714,-0.07
8190,165.5,147.3,122.121664327,4.27,-1.78041543027,1.72651933702,-8.51144765439,-0.09
8191,166.9,143.5,124.919575439,4.31,-0.949554896142,-0.897790055249,-6.4153671714,-0.05
8192,161.3,144.7,135.295494737,4.31,-4.27299703264,-0.0690607734807,1.35784686952,-0.05
8193,174.5,144.2,125.070398149,4.44,3.56083086053,-0.414364640884,-6.30237696994,0.08
8194,168.6,144.5,124.919575439,4.27,0.0593471810089,-0.207182320442,-6.4153671714,-0.09
8195,170.1,141.6,137.824842105,4.41,0.949554896142,-2.20994475138,3.25273038909,0.05
8196,164.6,145.1,137.824842105,4.45,-2.31454005935,0.207182320442,3.25273038909,0.09
8197,175.7,144,136.684714833,4.36,4.27299703264,-0.552486187845,2.39859370297,0
8198,167.6,144.8,135.295494737,4.32,-0.53412462908,0,1.35784686952,-0.04
8199,168.4,143.4,125.070398149,4.29,-0.0593471810089,-0.966850828729,-6.30237696994,-0.07
8200,169.3,143.2,125.070398149,4.3,0.474777448071,-1.10497237569,-6.30237696994,-0.06
8201,168.2,143.4,125.070398149,4.29,-0.178041543027,-0.966850828729,-6.30237696994,-0.07
8202,171,144.5,158.476199458,4.31,1.48367952522,-0.207182320442,18.7238820361,-0.05
8203,165,146.9,124.919575439,4.27,-2.07715133531,1.45027624309,-6.4153671714,-0.09
8204,168.7,144.5,144.551595951,4.29,0.118694362018,-0.207182320442,8.29213903749,-0.07
8205,146.7,142.8,138.648217105,4.32,-12.9376854599,-1.38121546961,3.86956923748,-0.04
8206,174.5,143.7,137.824842105,4.35,3.56083086053,-0.759668508287,3.25273038909,-0.01
8207,166.4,141.4,124.919575439,4.3,-1.24629080119,-2.34806629834,-6.4153671714,-0.06
8208,167.5,140.4,158.476199458,4.6,-0.593471810089,-3.03867403315,18.7238820361,0.24
8209,176.6,142.8,138.648217105,4.6,4.80712166172,-1.38121546961,3.86956923748,0.24
8210,165.5,143.8,144.551595951,4.35,-1.78041543027,-0.690607734807,8.29213903749,-0.01
8211,171.8,144.2,138.648217105,4.32,1.95845697329,-0.414364640884,3.86956923748,-0.04
8212,166.1,145.1,138.648217105,4.21,-1.42433234421,0.207182320442,3.86956923748,-0.15
8213,167.4,144,144.551595951,4.3,-0.652818991098,-0.552486187845,8.29213903749,-0.06
8214,170.2,146.1,137.824842105,4.27,1.00890207715,0.897790055249,3.25273038909,-0.09
8215,146.7,144.2,135.295494737,4.6,-12.9376854599,-0.414364640884,1.35784686952,0.24
8216,176,144,128.393411802,4.32,4.45103857567,-0.552486187845,-3.81291115555,-0.04
8217,169.4,144.2,124.919575439,4.31,0.53412462908,-0.414364640884,-6.4153671714,-0.05
8218,199.9,144,144.551595951,4.47,18.6350148368,-0.552486187845,8.29213903749,0.11
8219,173,145.7,124.919575439,4.46,2.6706231454,0.621546961326,-6.4153671714,0.1
8220,156.1,144.3,158.476199458,4.36,-7.3590504451,-0.345303867403,18.7238820361,0
8221,174.1,148,144.551595951,4.6,3.3234421365,2.20994475138,8.29213903749,0.24
8222,161.6,143.4,138.648217105,4.31,-4.09495548961,-0.966850828729,3.86956923748,-0.05
8223,185.7,148.6,122.121664327,4.6,10.2077151335,2.62430939227,-8.51144765439,0.24
8224,166.1,144.3,128.393411802,4.42,-1.42433234421,-0.345303867403,-3.81291115555,0.06
8225,170.3,143.6,125.070398149,4.29,1.06824925816,-0.828729281768,-6.30237696994,-0.07
8226,167.6,143.7,128.393411802,4.3,-0.53412462908,-0.759668508287,-3.81291115555,-0.06
8227,192.4,144.8,144.551595951,4.46,14.1839762611,0,8.29213903749,0.1
8228,174.5,143.7,158.476199458,4.44,3.56083086053,-0.759668508287,18.7238820361,0.08
8229,171.2,143.9,138.648217105,4.46,1.60237388724,-0.621546961326,3.86956923748,0.1
8230,167.8,146.9,122.121664327,4.44,-0.415430267062,1.45027624309,-8.51144765439,0.08
8231,170.1,145.7,122.121664327,4.3,0.949554896142,0.621546961326,-8.51144765439,-0.06
8232,171.8,147.9,122.121664327,4.45,1.95845697329,2.1408839779,-8.51144765439,0.09
8233,166.1,141,128.393411802,4.3,-1.42433234421,-2.62430939227,-3.81291115555,-0.06
8234,166.4,143.3,144.551595951,4.47,-1.24629080119,-1.03591160221,8.29213903749,0.11
8235,167.9,144.1,136.684714833,4.44,-0.356083086053,-0.483425414365,2.39859370297,0.08
8236,174.6,143.9,124.919575439,4.44,3.62017804154,-0.621546961326,-6.4153671714,0.08
8237,185.7,144.5,122.121664327,4.21,10.2077151335,-0.207182320442,-8.51144765439,-0.15
8238,165,144,138.648217105,4.53,-2.07715133531,-0.552486187845,3.86956923748,0.17
8239,166.2,144.4,136.684714833,4.53,-1.3649851632,-0.276243093923,2.39859370297,0.17
8240,168.2,143.7,128.393411802,4.34,-0.178041543027,-0.759668508287,-3.81291115555,-0.02
8241,173.3,146.3,135.295494737,4.29,2.84866468843,1.03591160221,1.35784686952,-0.07
8242,168.6,144.8,125.070398149,4.39,0.0593471810089,0,-6.30237696994,0.03
8243,153.9,144.2,125.070398149,4.42,-8.6646884273,-0.414364640884,-6.30237696994,0.06
8244,173.3,144.2,158.476199458,4.6,2.84866468843,-0.414364640884,18.7238820361,0.24
8245,168.3,143.9,125.070398149,4.46,-0.118694362018,-0.621546961326,-6.30237696994,0.1
8246,174.1,144.4,128.393411802,4.53,3.3234421365,-0.276243093923,-3.81291115555,0.17
8247,168.6,144.5,135.295494737,4.27,0.0593471810089,-0.207182320442,1.35784686952,-0.09
8248,169.3,144.6,128.393411802,4.55,0.474777448071,-0.138121546961,-3.81291115555,0.19
8249,167.3,143.9,122.121664327,4.6,-0.712166172107,-0.621546961326,-8.51144765439,0.24
8250,168.2,147.5,158.476199458,4.42,-0.178041543027,1.86464088398,18.7238820361,0.06
8251,146.7,143.8,128.393411802,4.34,-12.9376854599,-0.690607734807,-3.81291115555,-0.02
8252,164.3,144,144.551595951,4.46,-2.49258160237,-0.552486187845,8.29213903749,0.1
8253,168.4,144.2,135.295494737,4.35,-0.0593471810089,-0.414364640884,1.35784686952,-0.01
8254,169.9,143.9,125.070398149,4.24,0.830860534125,-0.621546961326,-6.30237696994,-0.12
8255,163.7,144.8,135.295494737,4.36,-2.84866468843,0,1.35784686952,0
8256,174.6,141.4,124.919575439,4.23,3.62017804154,-2.34806629834,-6.4153671714,-0.13
8257,173.3,144.4,128.393411802,4.39,2.84866468843,-0.276243093923,-3.81291115555,0.03
8258,159.8,144.2,137.824842105,4.6,-5.16320474777,-0.414364640884,3.25273038909,0.24
8259,167.3,144.8,158.476199458,4.39,-0.712166172107,0,18.7238820361,0.03
8260,167.1,143.4,136.684714833,4.44,-0.830860534125,-0.966850828729,2.39859370297,0.08
8261,165.5,146.3,128.393411802,4.23,-1.78041543027,1.03591160221,-3.81291115555,-0.13
8262,169.3,144.8,137.824842105,4.24,0.474777448071,0,3.25273038909,-0.12
8263,156.1,146.1,136.684714833,4.44,-7.3590504451,0.897790055249,2.39859370297,0.08
8264,162.6,145.2,138.648217105,4.27,-3.50148367953,0.276243093923,3.86956923748,-0.09
8265,176,147.3,125.070398149,4.3,4.45103857567,1.72651933702,-6.30237696994,-0.06
8266,176.6,145.2,136.684714833,4.32,4.80712166172,0.276243093923,2.39859370297,-0.04
8267,173,144.3,128.393411802,4.34,2.6706231454,-0.345303867403,-3.81291115555,-0.02
8268,167.1,145.5,136.684714833,4.23,-0.830860534125,0.483425414365,2.39859370297,-0.13
8269,174.4,144.8,124.919575439,4.23,3.50148367953,0,-6.4153671714,-0.13
8270,163.3,144.5,124.919575439,4.31,-3.08605341246,-0.207182320442,-6.4153671714,-0.05
8271,169.3,143.3,128.393411802,4.3,0.474777448071,-1.03591160221,-3.81291115555,-0.06
8272,172.4,147.5,136.684714833,4.44,2.31454005935,1.86464088398,2.39859370297,0.08
8273,165.4,144.3,137.824842105,4.21,-1.83976261128,-0.345303867403,3.25273038909,-0.15
8274,169.4,144.3,122.121664327,4.35,0.53412462908,-0.345303867403,-8.51144765439,-0.01
8275,169.4,144.6,128.393411802,4.41,0.53412462908,-0.138121546961,-3.81291115555,0.05
8276,170.6,146.1,122.121664327,4.44,1.24629080119,0.897790055249,-8.51144765439,0.08
8277,168.2,145.1,124.919575439,4.46,-0.178041543027,0.207182320442,-6.4153671714,0.1
8278,168.6,144.4,158.476199458,4.29,0.0593471810089,-0.276243093923,18.7238820361,-0.07
8279,164.8,145.1,136.684714833,4.55,-2.19584569733,0.207182320442,2.39859370297,0.19
8280,174.4,143.9,158.476199458,4.55,3.50148367953,-0.621546961326,18.7238820361,0.19
8281,165.5,142.8,138.648217105,4.36,-1.78041543027,-1.38121546961,3.86956923748,0
8282,168.6,145.2,136.684714833,4.44,0.0593471810089,0.276243093923,2.39859370297,0.08
8283,169.2,143.4,137.824842105,4.23,0.415430267062,-0.966850828729,3.25273038909,-0.13
8284,168.2,144,137.824842105,4.3,-0.178041543027,-0.552486187845,3.25273038909,-0.06
8285,173,144.7,138.648217105,4.41,2.6706231454,-0.0690607734807,3.86956923748,0.05
8286,168.6,144.7,128.393411802,4.55,0.0593471810089,-0.0690607734807,-3.81291115555,0.19
8287,170.2,144.6,122.121664327,4.29,1.00890207715,-0.138121546961,-8.51144765439,-0.07
8288,168.7,144.5,122.121664327,4.53,0.118694362018,-0.207182320442,-8.51144765439,0.17
8289,173.3,144.4,122.121664327,4.42,2.84866468843,-0.276243093923,-8.51144765439,0.06
8290,167.9,143.9,135.295494737,4.35,-0.356083086053,-0.621546961326,1.35784686952,-0.01
8291,161.7,144.2,137.824842105,4.44,-4.03560830861,-0.414364640884,3.25273038909,0.08
8292,170.2,144.8,125.070398149,4.3,1.00890207715,0,-6.30237696994,-0.06
8293,168.6,144.9,135.295494737,4.24,0.0593471810089,0.0690607734807,1.35784686952,-0.12
8294,167.3,144.3,138.648217105,4.3,-0.712166172107,-0.345303867403,3.86956923748,-0.06
8295,159.8,141,128.393411802,4.39,-5.16320474777,-2.62430939227,-3.81291115555,0.03
8296,166.4,143.9,137.824842105,4.23,-1.24629080119,-0.621546961326,3.25273038909,-0.13
8297,174.5,148,158.476199458,4.42,3.56083086053,2.20994475138,18.7238820361,0.06
8298,165,146.3,136.684714833,4.29,-2.07715133531,1.03591160221,2.39859370297,-0.07
8299,169.9,143.9,158.476199458,4.42,0.830860534125,-0.621546961326,18.7238820361,0.06
8300,161.6,143.4,144.551595951,4.41,-4.09495548961,-0.966850828729,8.29213903749,0.05
8301,164.3,144.8,122.121664327,4.35,-2.49258160237,0,-8.51144765439,-0.01
8302,176.6,145.7,135.295494737,4.3,4.80712166172,0.621546961326,1.35784686952,-0.06
8303,169.8,144,122.121664327,4.3,0.771513353116,-0.552486187845,-8.51144765439,-0.06
8304,170,143.8,128.393411802,4.47,0.890207715134,-0.690607734807,-3.81291115555,0.11
8305,166.9,145.8,136.684714833,4.46,-0.949554896142,0.690607734807,2.39859370297,0.1
8306,169.4,144.9,138.648217105,4.46,0.53412462908,0.0690607734807,3.86956923748,0.1
8307,170.8,144.2,124.919575439,4.29,1.3649851632,-0.414364640884,-6.4153671714,-0.07
8308,170.2,140.4,135.295494737,4.47,1.00890207715,-3.03867403315,1.35784686952,0.11
8309,168.2,143.3,158.476199458,4.24,-0.178041543027,-1.03591160221,18.7238820361,-0.12
8310,185.7,143.8,137.824842105,4.42,10.2077151335,-0.690607734807,3.25273038909,0.06
8311,164.6,143.5,122.121664327,4.32,-2.31454005935,-0.897790055249,-8.51144765439,-0.04
8312,168.4,144.2,122.121664327,4.27,-0.0593471810089,-0.414364640884,-8.51144765439,-0.09
8313,163.3,147.9,158.476199458,4.35,-3.08605341246,2.1408839779,18.7238820361,-0.01
8314,168.7,141,128.393411802,4.36,0.118694362018,-2.62430939227,-3.81291115555,0
8315,174.3,145.2,144.551595951,4.29,3.44213649852,0.276243093923,8.29213903749,-0.07
8316,174.1,144.8,124.919575439,4.27,3.3234421365,0,-6.4153671714,-0.09
8317,169.4,141,125.070398149,4.41,0.53412462908,-2.62430939227,-6.30237696994,0.05
8318,170.2,144.3,124.919575439,4.38,1.00890207715,-0.345303867403,-6.4153671714,0.02
8319,170.1,148,158.476199458,4.34,0.949554896142,2.20994475138,18.7238820361,-0.02
8320,167.9,143.5,137.824842105,4.24,-0.356083086053,-0.897790055249,3.25273038909,-0.12
8321,168.6,142.8,122.121664327,4.3,0.0593471810089,-1.38121546961,-8.51144765439,-0.06
8322,172.4,144.5,138.648217105,4.32,2.31454005935,-0.207182320442,3.86956923748,-0.04
8323,161.6,143.4,135.295494737,4.45,-4.09495548961,-0.966850828729,1.35784686952,0.09
8324,164.5,143.4,144.551595951,4.3,-2.37388724036,-0.966850828729,8.29213903749,-0.06
8325,170.8,144.2,137.824842105,4.45,1.3649851632,-0.414364640884,3.25273038909,0.09
8326,167.4,145.1,136.684714833,4.42,-0.652818991098,0.207182320442,2.39859370297,0.06
8327,172.4,147.3,125.070398149,4.6,2.31454005935,1.72651933702,-6.30237696994,0.24
8328,173.3,144,144.551595951,4.31,2.84866468843,-0.552486187845,8.29213903749,-0.05
8329,199.6,141.4,137.824842105,4.46,18.4569732938,-2.34806629834,3.25273038909,0.1
8330,162.2,145.2,128.393411802,4.24,-3.73887240356,0.276243093923,-3.81291115555,-0.12
8331,170,140.4,125.070398149,4.6,0.890207715134,-3.03867403315,-6.30237696994,0.24
8332,169.9,144.6,128.393411802,4.31,0.830860534125,-0.138121546961,-3.81291115555,-0.05
8333,172.4,144.5,128.393411802,4.32,2.31454005935,-0.207182320442,-3.81291115555,-0.04
8334,169.9,143.6,138.648217105,4.47,0.830860534125,-0.828729281768,3.86956923748,0.11
8335,167.8,144.1,125.070398149,4.27,-0.415430267062,-0.483425414365,-6.30237696994,-0.09
8336,177.5,148,144.551595951,4.35,5.3412462908,2.20994475138,8.29213903749,-0.01
8337,167.1,144.6,138.648217105,4.21,-0.830860534125,-0.138121546961,3.86956923748,-0.15
8338,176.2,147.3,135.295494737,4.47,4.56973293769,1.72651933702,1.35784686952,0.11
8339,173.2,144.9,138.648217105,4.27,2.78931750742,0.0690607734807,3.86956923748,-0.09
8340,161.7,145.8,138.648217105,4.31,-4.03560830861,0.690607734807,3.86956923748,-0.05
8341,176,144.8,124.919575439,4.53,4.45103857567,0,-6.4153671714,0.17
8342,170.1,143.5,137.824842105,4.41,0.949554896142,-0.897790055249,3.25273038909,0.05
8343,165.4,142.8,135.295494737,4.38,-1.83976261128,-1.38121546961,1.35784686952,0.02
8344,169.8,143.8,158.476199458,4.39,0.771513353116,-0.690607734807,18.7238820361,0.03
8345,170.2,144.3,124.919575439,4.41,1.00890207715,-0.345303867403,-6.4153671714,0.05
8346,174.5,144.9,138.648217105,4.29,3.56083086053,0.0690607734807,3.86956923748,-0.07
8347,164.6,143.4,125.070398149,4.27,-2.31454005935,-0.966850828729,-6.30237696994,-0.09
8348,163.7,144.6,144.551595951,4.47,-2.84866468843,-0.138121546961,8.29213903749,0.11
8349,174.6,144.5,136.684714833,4.27,3.62017804154,-0.207182320442,2.39859370297,-0.09
8350,176,144.7,158.476199458,4.24,4.45103857567,-0.0690607734807,18.7238820361,-0.12
8351,169.4,146.3,128.393411802,4.39,0.53412462908,1.03591160221,-3.81291115555,0.03
8352,176.2,146.3,158.476199458,4.39,4.56973293769,1.03591160221,18.7238820361,0.03
8353,169.9,144.9,144.551595951,4.3,0.830860534125,0.0690607734807,8.29213903749,-0.06
8354,169.9,144.5,124.919575439,4.41,0.830860534125,-0.207182320442,-6.4153671714,0.05
8355,199.6,144.3,138.648217105,4.38,18.4569732938,-0.345303867403,3.86956923748,0.02
8356,167.8,143.8,137.824842105,4.36,-0.415430267062,-0.690607734807,3.25273038909,0
8357,199.6,144.2,122.121664327,4.39,18.4569732938,-0.414364640884,-8.51144765439,0.03
8358,171,144.8,144.551595951,4.23,1.48367952522,0,8.29213903749,-0.13
8359,169.8,144,137.824842105,4.29,0.771513353116,-0.552486187845,3.25273038909,-0.07
8360,165.4,144.3,135.295494737,4.36,-1.83976261128,-0.345303867403,1.35784686952,0
8361,164.3,141.4,158.476199458,4.32,-2.49258160237,-2.34806629834,18.7238820361,-0.04
8362,169.8,144,125.070398149,4.27,0.771513353116,-0.552486187845,-6.30237696994,-0.09
8363,158.9,144.5,137.824842105,4.3,-5.69732937685,-0.207182320442,3.25273038909,-0.06
8364,166.2,147.1,128.393411802,4.36,-1.3649851632,1.58839779006,-3.81291115555,0
8365,162.6,145.5,138.648217105,4.35,-3.50148367953,0.483425414365,3.86956923748,-0.01
8366,167.5,144.9,158.476199458,4.47,-0.593471810089,0.0690607734807,18.7238820361,0.11
8367,166.4,143.9,124.919575439,4.24,-1.24629080119,-0.621546961326,-6.4153671714,-0.12
8368,192.4,144.2,122.121664327,4.47,14.1839762611,-0.414364640884,-8.51144765439,0.11
8369,168.2,143.7,137.824842105,4.38,-0.178041543027,-0.759668508287,3.25273038909,0.02
8370,168.3,144.5,137.824842105,4.3,-0.118694362018,-0.207182320442,3.25273038909,-0.06
8371,170.8,144,124.919575439,4.21,1.3649851632,-0.552486187845,-6.4153671714,-0.15
8372,166.1,143.7,128.393411802,4.31,-1.42433234421,-0.759668508287,-3.81291115555,-0.05
8373,192.4,144,138.648217105,4.41,14.1839762611,-0.552486187845,3.86956923748,0.05
8374,174.6,147.1,124.919575439,4.53,3.62017804154,1.58839779006,-6.4153671714,0.17
8375,169.2,143.9,128.393411802,4.6,0.415430267062,-0.621546961326,-3.81291115555,0.24
8376,163.7,143.9,136.684714833,4.47,-2.84866468843,-0.621546961326,2.39859370297,0.11
8377,192.4,145.7,158.476199458,4.55,14.1839762611,0.621546961326,18.7238820361,0.19
8378,174.4,143.6,158.476199458,4.36,3.50148367953,-0.828729281768,18.7238820361,0
8379,165,144.2,128.393411802,4.41,-2.07715133531,-0.414364640884,-3.81291115555,0.05
8380,170,143.4,137.824842105,4.39,0.890207715134,-0.966850828729,3.25273038909,0.03
8381,171.8,147.5,135.295494737,4.27,1.95845697329,1.86464088398,1.35784686952,-0.09
8382,161.6,144.6,135.295494737,4.55,-4.09495548961,-0.138121546961,1.35784686952,0.19
8383,190.9,145.2,125.070398149,4.47,13.293768546,0.276243093923,-6.30237696994,0.11
8384,168.7,147.9,122.121664327,4.23,0.118694362018,2.1408839779,-8.51144765439,-0.13
8385,167.5,144.1,144.551595951,4.44,-0.593471810089,-0.483425414365,8.29213903749,0.08
8386,161.6,144.1,135.295494737,4.44,-4.09495548961,-0.483425414365,1.35784686952,0.08
8387,165.4,142.6,128.393411802,4.44,-1.83976261128,-1.51933701657,-3.81291115555,0.08
8388,176.2,143.5,136.684714833,4.38,4.56973293769,-0.897790055249,2.39859370297,0.02
8389,168.7,145.2,158.476199458,4.55,0.118694362018,0.276243093923,18.7238820361,0.19
8390,164.5,144.3,122.121664327,4.3,-2.37388724036,-0.345303867403,-8.51144765439,-0.06
8391,166.2,143.8,144.551595951,4.55,-1.3649851632,-0.690607734807,8.29213903749,0.19
8392,185.7,144.2,136.684714833,4.39,10.2077151335,-0.414364640884,2.39859370297,0.03
8393,170,144.6,136.684714833,4.55,0.890207715134,-0.138121546961,2.39859370297,0.19
8394,190.9,143.5,125.070398149,4.31,13.293768546,-0.897790055249,-6.30237696994,-0.05
8395,169.9,145.2,144.551595951,4.3,0.830860534125,0.276243093923,8.29213903749,-0.06
8396,192.4,144.5,144.551595951,4.3,14.1839762611,-0.207182320442,8.29213903749,-0.06
8397,170.2,145.1,158.476199458,4.36,1.00890207715,0.207182320442,18.7238820361,0
8398,171.2,144,136.684714833,4.41,1.60237388724,-0.552486187845,2.39859370297,0.05
8399,164.3,145.1,136.684714833,4.6,-2.49258160237,0.207182320442,2.39859370297,0.24
8400,169.2,143.9,144.551595951,4.6,0.415430267062,-0.621546961326,8.29213903749,0.24
8401,164.8,148,128.393411802,4.21,-2.19584569733,2.20994475138,-3.81291115555,-0.15
8402,170.2,145.2,135.295494737,4.32,1.00890207715,0.276243093923,1.35784686952,-0.04
8403,169.3,145.2,124.919575439,4.6,0.474777448071,0.276243093923,-6.4153671714,0.24
8404,169.4,144.8,138.648217105,4.3,0.53412462908,0,3.86956923748,-0.06
8405,167.6,142.8,128.393411802,4.46,-0.53412462908,-1.38121546961,-3.81291115555,0.1
8406,164.5,144.2,136.684714833,4.24,-2.37388724036,-0.414364640884,2.39859370297,-0.12
8407,158.9,141,135.295494737,4.27,-5.69732937685,-2.62430939227,1.35784686952,-0.09
8408,167.8,147.9,135.295494737,4.38,-0.415430267062,2.1408839779,1.35784686952,0.02
8409,161.7,142.6,136.684714833,4.41,-4.03560830861,-1.51933701657,2.39859370297,0.05
8410,162.6,144.8,128.393411802,4.34,-3.50148367953,0,-3.81291115555,-0.02
8411,176,144.4,125.070398149,4.47,4.45103857567,-0.276243093923,-6.30237696994,0.11
8412,168.4,144.4,125.070398149,4.47,-0.0593471810089,-0.276243093923,-6.30237696994,0.11
8413,165.4,144,135.295494737,4.46,-1.83976261128,-0.552486187845,1.35784686952,0.1
8414,160.6,144.6,158.476199458,4.44,-4.6884272997,-0.138121546961,18.7238820361,0.08
8415,166.2,146.9,124.919575439,4.3,-1.3649851632,1.45027624309,-6.4153671714,-0.06
8416,173.2,144.5,124.919575439,4.34,2.78931750742,-0.207182320442,-6.4153671714,-0.02
8417,165.5,145.5,124.919575439,4.23,-1.78041543027,0.483425414365,-6.4153671714,-0.13
8418,164.5,144.2,144.551595951,4.55,-2.37388724036,-0.414364640884,8.29213903749,0.19
8419,198.1,143.5,144.551595951,4.46,17.5667655786,-0.897790055249,8.29213903749,0.1
8420,176.6,144.8,125.070398149,4.35,4.80712166172,0,-6.30237696994,-0.01
8421,161.3,143.4,122.121664327,4.35,-4.27299703264,-0.966850828729,-8.51144765439,-0.01
8422,166.9,144.5,124.919575439,4.47,-0.949554896142,-0.207182320442,-6.4153671714,0.11
8423,171.2,147.9,138.648217105,4.45,1.60237388724,2.1408839779,3.86956923748,0.09
8424,174.6,144.8,144.551595951,4.41,3.62017804154,0,8.29213903749,0.05
8425,165.4,144.2,135.295494737,4.3,-1.83976261128,-0.414364640884,1.35784686952,-0.06
8426,168.2,144.7,137.824842105,4.39,-0.178041543027,-0.0690607734807,3.25273038909,0.03
8427,168.4,144.4,128.393411802,4.47,-0.0593471810089,-0.276243093923,-3.81291115555,0.11
8428,146.7,146.1,138.648217105,4.3,-12.9376854599,0.897790055249,3.86956923748,-0.06
8429,164.3,143.5,137.824842105,4.3,-2.49258160237,-0.897790055249,3.25273038909,-0.06
8430,169.2,143.3,158.476199458,4.32,0.415430267062,-1.03591160221,18.7238820361,-0.04
8431,168.6,144.2,144.551595951,4.35,0.0593471810089,-0.414364640884,8.29213903749,-0.01
8432,170.1,144.2,125.070398149,4.46,0.949554896142,-0.414364640884,-6.30237696994,0.1
8433,167.3,145.2,136.684714833,4.6,-0.712166172107,0.276243093923,2.39859370297,0.24
8434,167.1,143.3,135.295494737,4.6,-0.830860534125,-1.03591160221,1.35784686952,0.24
8435,166.1,143.5,158.476199458,4.24,-1.42433234421,-0.897790055249,18.7238820361,-0.12
8436,167.4,145.2,135.295494737,4.44,-0.652818991098,0.276243093923,1.35784686952,0.08
8437,199.9,146.1,158.476199458,4.31,18.6350148368,0.897790055249,18.7238820361,-0.05
8438,190.9,144.5,122.121664327,4.34,13.293768546,-0.207182320442,-8.51144765439,-0.02
8439,164.5,142.6,124.919575439,4.24,-2.37388724036,-1.51933701657,-6.4153671714,-0.12
8440,169.9,143.9,144.551595951,4.44,0.830860534125,-0.621546961326,8.29213903749,0.08
8441,169.2,144.2,144.551595951,4.55,0.415430267062,-0.414364640884,8.29213903749,0.19
8442,167.5,144.2,135.295494737,4.34,-0.593471810089,-0.414364640884,1.35784686952,-0.02
8443,167.5,143.2,128.393411802,4.29,-0.593471810089,-1.10497237569,-3.81291115555,-0.07
8444,167.3,144.5,135.295494737,4.55,-0.712166172107,-0.207182320442,1.35784686952,0.19
8445,171.2,144.8,128.393411802,4.32,1.60237388724,0,-3.81291115555,-0.04
8446,162.2,143.9,125.070398149,4.6,-3.73887240356,-0.621546961326,-6.30237696994,0.24
8447,174.1,143.5,158.476199458,4.36,3.3234421365,-0.897790055249,18.7238820361,0
8448,159.8,144.8,135.295494737,4.42,-5.16320474777,0,1.35784686952,0.06
8449,165.7,144.5,122.121664327,4.35,-1.66172106825,-0.207182320442,-8.51144765439,-0.01
8450,164.6,143.7,135.295494737,4.29,-2.31454005935,-0.759668508287,1.35784686952,-0.07
8451,165.7,144.8,158.476199458,4.31,-1.66172106825,0,18.7238820361,-0.05
8452,170.2,144.2,137.824842105,4.46,1.00890207715,-0.414364640884,3.25273038909,0.1
8453,156.1,145.2,137.824842105,4.39,-7.3590504451,0.276243093923,3.25273038909,0.03
8454,164.5,144.5,144.551595951,4.36,-2.37388724036,-0.207182320442,8.29213903749,0
8455,176.6,144.3,158.476199458,4.35,4.80712166172,-0.345303867403,18.7238820361,-0.01
8456,160.6,144.9,138.648217105,4.55,-4.6884272997,0.0690607734807,3.86956923748,0.19
8457,171.2,145.2,144.551595951,4.3,1.60237388724,0.276243093923,8.29213903749,-0.06
8458,199.6,147.3,124.919575439,4.53,18.4569732938,1.72651933702,-6.4153671714,0.17
8459,176,144.4,122.121664327,4.36,4.45103857567,-0.276243093923,-8.51144765439,0
8460,169.8,143.7,136.684714833,4.53,0.771513353116,-0.759668508287,2.39859370297,0.17
8461,163.3,143.8,124.919575439,4.6,-3.08605341246,-0.690607734807,-6.4153671714,0.24
8462,190.9,143.7,158.476199458,4.46,13.293768546,-0.759668508287,18.7238820361,0.1
8463,146.7,144,144.551595951,4.38,-12.9376854599,-0.552486187845,8.29213903749,0.02
8464,166.4,142.6,144.551595951,4.21,-1.24629080119,-1.51933701657,8.29213903749,-0.15
8465,165.4,145.2,135.295494737,4.35,-1.83976261128,0.276243093923,1.35784686952,-0.01
8466,161.7,144.9,124.919575439,4.47,-4.03560830861,0.0690607734807,-6.4153671714,0.11
8467,173,145.7,138.648217105,4.41,2.6706231454,0.621546961326,3.86956923748,0.05
8468,161.3,144.8,158.476199458,4.6,-4.27299703264,0,18.7238820361,0.24
8469,199.9,142.6,138.648217105,4.3,18.6350148368,-1.51933701657,3.86956923748,-0.06
8470,168.7,142.8,137.824842105,4.46,0.118694362018,-1.38121546961,3.25273038909,0.1
8471,167.9,144.1,138.648217105,4.24,-0.356083086053,-0.483425414365,3.86956923748,-0.12
8472,167.4,141,125.070398149,4.55,-0.652818991098,-2.62430939227,-6.30237696994,0.19
8473,168.6,143.5,137.824842105,4.46,0.0593471810089,-0.897790055249,3.25273038909,0.1
8474,170.2,148,158.476199458,4.39,1.00890207715,2.20994475138,18.7238820361,0.03
8475,166.2,145.2,144.551595951,4.44,-1.3649851632,0.276243093923,8.29213903749,0.08
8476,168.2,144.8,128.393411802,4.29,-0.178041543027,0,-3.81291115555,-0.07
8477,165.5,144.5,135.295494737,4.44,-1.78041543027,-0.207182320442,1.35784686952,0.08
8478,153.9,143.4,125.070398149,4.55,-8.6646884273,-0.966850828729,-6.30237696994,0.19
8479,161.6,144.4,128.393411802,4.47,-4.09495548961,-0.276243093923,-3.81291115555,0.11
8480,169.3,144.7,124.919575439,4.39,0.474777448071,-0.0690607734807,-6.4153671714,0.03
8481,165,145.2,138.648217105,4.6,-2.07715133531,0.276243093923,3.86956923748,0.24
8482,168.6,144.8,158.476199458,4.55,0.0593471810089,0,18.7238820361,0.19
8483,170.1,144.6,124.919575439,4.31,0.949554896142,-0.138121546961,-6.4153671714,-0.05
8484,173.3,148,158.476199458,4.3,2.84866468843,2.20994475138,18.7238820361,-0.06
8485,199.9,144,125.070398149,4.44,18.6350148368,-0.552486187845,-6.30237696994,0.08
8486,164.3,144,137.824842105,4.39,-2.49258160237,-0.552486187845,3.25273038909,0.03
8487,162.6,143.8,137.824842105,4.6,-3.50148367953,-0.690607734807,3.25273038909,0.24
8488,146.7,145.2,135.295494737,4.29,-12.9376854599,0.276243093923,1.35784686952,-0.07
8489,168.6,145.1,137.824842105,4.32,0.0593471810089,0.207182320442,3.25273038909,-0.04
8490,170.2,143.7,124.919575439,4.45,1.00890207715,-0.759668508287,-6.4153671714,0.09
8491,167.8,144,122.121664327,4.53,-0.415430267062,-0.552486187845,-8.51144765439,0.17
8492,162.2,143.8,122.121664327,4.32,-3.73887240356,-0.690607734807,-8.51144765439,-0.04
8493,168.3,144.2,144.551595951,4.32,-0.118694362018,-0.414364640884,8.29213903749,-0.04
8494,173.2,143.7,125.070398149,4.24,2.78931750742,-0.759668508287,-6.30237696994,-0.12
8495,169.2,143.9,144.551595951,4.47,0.415430267062,-0.621546961326,8.29213903749,0.11
8496,168.6,141,135.295494737,4.44,0.0593471810089,-2.62430939227,1.35784686952,0.08
8497,168.3,143.5,122.121664327,4.34,-0.118694362018,-0.897790055249,-8.51144765439,-0.02
8498,164.5,144.9,135.295494737,4.36,-2.37388724036,0.0690607734807,1.35784686952,0
8499,162.6,144.6,128.393411802,4.32,-3.50148367953,-0.138121546961,-3.81291115555,-0.04
8500,173.3,144.8,158.476199458,4.3,2.84866468843,0,18.7238820361,-0.06
8501,171.2,144.8,136.684714833,4.23,1.60237388724,0,2.39859370297,-0.13
8502,160.6,144.5,158.476199458,4.46,-4.6884272997,-0.207182320442,18.7238820361,0.1
8503,169.8,144.9,135.295494737,4.55,0.771513353116,0.0690607734807,1.35784686952,0.19
8504,167.4,143.8,137.824842105,4.32,-0.652818991098,-0.690607734807,3.25273038909,-0.04
8505,167.8,143.8,125.070398149,4.53,-0.415430267062,-0.690607734807,-6.30237696994,0.17
8506,173,144.2,136.684714833,4.44,2.6706231454,-0.414364640884,2.39859370297,0.08
8507,174.4,144.7,158.476199458,4.21,3.50148367953,-0.0690607734807,18.7238820361,-0.15
8508,163.7,143.4,144.551595951,4.3,-2.84866468843,-0.966850828729,8.29213903749,-0.06
8509,167.9,143.4,125.070398149,4.6,-0.356083086053,-0.966850828729,-6.30237696994,0.24
8510,165.7,144.3,158.476199458,4.46,-1.66172106825,-0.345303867403,18.7238820361,0.1
8511,176.6,145.8,144.551595951,4.44,4.80712166172,0.690607734807,8.29213903749,0.08
8512,171.8,144,158.476199458,4.41,1.95845697329,-0.552486187845,18.7238820361,0.05
8513,163.7,143.8,128.393411802,4.35,-2.84866468843,-0.690607734807,-3.81291115555,-0.01
8514,168.6,143.5,137.824842105,4.27,0.0593471810089,-0.897790055249,3.25273038909,-0.09
8515,146.7,143.8,158.476199458,4.29,-12.9376854599,-0.690607734807,18.7238820361,-0.07
8516,170.3,144.9,138.648217105,4.27,1.06824925816,0.0690607734807,3.86956923748,-0.09
8517,172.4,143.5,137.824842105,4.27,2.31454005935,-0.897790055249,3.25273038909,-0.09
8518,164.3,144.8,128.393411802,4.35,-2.49258160237,0,-3.81291115555,-0.01
8519,173.2,144.4,138.648217105,4.47,2.78931750742,-0.276243093923,3.86956923748,0.11
8520,165.4,141.6,158.476199458,4.3,-1.83976261128,-2.20994475138,18.7238820361,-0.06
8521,176.2,143.6,158.476199458,4.27,4.56973293769,-0.828729281768,18.7238820361,-0.09
8522,199.6,147.1,138.648217105,4.3,18.4569732938,1.58839779006,3.86956923748,-0.06
8523,176,144.2,137.824842105,4.53,4.45103857567,-0.414364640884,3.25273038909,0.17
8524,164.5,144.6,137.824842105,4.27,-2.37388724036,-0.138121546961,3.25273038909,-0.09
8525,168.6,147.3,125.070398149,4.41,0.0593471810089,1.72651933702,-6.30237696994,0.05
8526,165,144.4,135.295494737,4.23,-2.07715133531,-0.276243093923,1.35784686952,-0.13
8527,198.1,148.6,128.393411802,4.34,17.5667655786,2.62430939227,-3.81291115555,-0.02
8528,198.1,144,158.476199458,4.55,17.5667655786,-0.552486187845,18.7238820361,0.19
8529,167.8,144.4,158.476199458,4.21,-0.415430267062,-0.276243093923,18.7238820361,-0.15
8530,165.4,144.8,136.684714833,4.6,-1.83976261128,0,2.39859370297,0.24
8531,161.3,144.8,128.393411802,4.41,-4.27299703264,0,-3.81291115555,0.05
8532,162.2,144.8,144.551595951,4.39,-3.73887240356,0,8.29213903749,0.03
8533,185.7,148.6,144.551595951,4.39,10.2077151335,2.62430939227,8.29213903749,0.03
8534,171.2,146.3,125.070398149,4.44,1.60237388724,1.03591160221,-6.30237696994,0.08
8535,169.2,145.2,144.551595951,4.55,0.415430267062,0.276243093923,8.29213903749,0.19
8536,199.6,147.1,125.070398149,4.35,18.4569732938,1.58839779006,-6.30237696994,-0.01
8537,169.2,144.2,125.070398149,4.3,0.415430267062,-0.414364640884,-6.30237696994,-0.06
8538,161.3,144.5,122.121664327,4.38,-4.27299703264,-0.207182320442,-8.51144765439,0.02
8539,168.6,145.2,137.824842105,4.6,0.0593471810089,0.276243093923,3.25273038909,0.24
8540,161.6,144.7,125.070398149,4.23,-4.09495548961,-0.0690607734807,-6.30237696994,-0.13
8541,168.6,145.1,125.070398149,4.36,0.0593471810089,0.207182320442,-6.30237696994,0
8542,156.1,145.2,135.295494737,4.3,-7.3590504451,0.276243093923,1.35784686952,-0.06
8543,176.2,144,138.648217105,4.29,4.56973293769,-0.552486187845,3.86956923748,-0.07
8544,168.2,145.7,136.684714833,4.3,-0.178041543027,0.621546961326,2.39859370297,-0.06
8545,170.8,143.2,125.070398149,4.44,1.3649851632,-1.10497237569,-6.30237696994,0.08
8546,160.6,145.2,144.551595951,4.27,-4.6884272997,0.276243093923,8.29213903749,-0.09
8547,165,147.1,122.121664327,4.53,-2.07715133531,1.58839779006,-8.51144765439,0.17
8548,158.9,144.8,137.824842105,4.38,-5.69732937685,0,3.25273038909,0.02
8549,167.8,144,137.824842105,4.38,-0.415430267062,-0.552486187845,3.25273038909,0.02
8550,176,145.1,136.684714833,4.53,4.45103857567,0.207182320442,2.39859370297,0.17
8551,176.6,144.5,138.648217105,4.41,4.80712166172,-0.207182320442,3.86956923748,0.05
8552,173.3,143.3,158.476199458,4.27,2.84866468843,-1.03591160221,18.7238820361,-0.09
8553,168.6,143.7,136.684714833,4.41,0.0593471810089,-0.759668508287,2.39859370297,0.05
8554,168.2,144.8,125.070398149,4.38,-0.178041543027,0,-6.30237696994,0.02
8555,169.8,144.9,135.295494737,4.35,0.771513353116,0.0690607734807,1.35784686952,-0.01
8556,168.7,147.5,124.919575439,4.41,0.118694362018,1.86464088398,-6.4153671714,0.05
8557,169.4,143.5,122.121664327,4.27,0.53412462908,-0.897790055249,-8.51144765439,-0.09
8558,167.5,145.2,137.824842105,4.38,-0.593471810089,0.276243093923,3.25273038909,0.02
8559,192.4,143.9,137.824842105,4.27,14.1839762611,-0.621546961326,3.25273038909,-0.09
8560,170.6,144.4,122.121664327,4.3,1.24629080119,-0.276243093923,-8.51144765439,-0.06
8561,174.4,144.9,128.393411802,4.29,3.50148367953,0.0690607734807,-3.81291115555,-0.07
8562,190.9,143.4,124.919575439,4.29,13.293768546,-0.966850828729,-6.4153671714,-0.07
8563,164.3,144.9,125.070398149,4.42,-2.49258160237,0.0690607734807,-6.30237696994,0.06
8564,167.4,144.9,158.476199458,4.3,-0.652818991098,0.0690607734807,18.7238820361,-0.06
8565,164.8,144.8,137.824842105,4.39,-2.19584569733,0,3.25273038909,0.03
8566,198.1,144.2,124.919575439,4.55,17.5667655786,-0.414364640884,-6.4153671714,0.19
8567,167.6,144.8,128.393411802,4.44,-0.53412462908,0,-3.81291115555,0.08
8568,163.3,142.8,136.684714833,4.45,-3.08605341246,-1.38121546961,2.39859370297,0.09
8569,170.2,144.2,158.476199458,4.21,1.00890207715,-0.414364640884,18.7238820361,-0.15
8570,169.2,143.8,128.393411802,4.6,0.415430267062,-0.690607734807,-3.81291115555,0.24
8571,169.2,144.4,144.551595951,4.23,0.415430267062,-0.276243093923,8.29213903749,-0.13
8572,166.4,144.6,138.648217105,4.42,-1.24629080119,-0.138121546961,3.86956923748,0.06
8573,166.9,145.2,124.919575439,4.24,-0.949554896142,0.276243093923,-6.4153671714,-0.12
8574,170.6,142.8,135.295494737,4.3,1.24629080119,-1.38121546961,1.35784686952,-0.06
8575,161.7,143.4,125.070398149,4.3,-4.03560830861,-0.966850828729,-6.30237696994,-0.06
8576,170.2,144.8,158.476199458,4.34,1.00890207715,0,18.7238820361,-0.02
8577,170.3,143.2,125.070398149,4.35,1.06824925816,-1.10497237569,-6.30237696994,-0.01
8578,199.9,143.4,125.070398149,4.6,18.6350148368,-0.966850828729,-6.30237696994,0.24
8579,153.9,143.9,135.295494737,4.6,-8.6646884273,-0.621546961326,1.35784686952,0.24
8580,164.6,143.2,137.824842105,4.34,-2.31454005935,-1.10497237569,3.25273038909,-0.02
8581,171.8,143.7,125.070398149,4.34,1.95845697329,-0.759668508287,-6.30237696994,-0.02
8582,170.6,144.3,124.919575439,4.3,1.24629080119,-0.345303867403,-6.4153671714,-0.06
8583,169.8,145.8,138.648217105,4.29,0.771513353116,0.690607734807,3.86956923748,-0.07
8584,174.5,144.9,158.476199458,4.34,3.56083086053,0.0690607734807,18.7238820361,-0.02
8585,173,143.7,135.295494737,4.29,2.6706231454,-0.759668508287,1.35784686952,-0.07
8586,161.3,144.7,128.393411802,4.39,-4.27299703264,-0.0690607734807,-3.81291115555,0.03
8587,168.7,143.8,128.393411802,4.31,0.118694362018,-0.690607734807,-3.81291115555,-0.05
8588,146.7,145.2,137.824842105,4.6,-12.9376854599,0.276243093923,3.25273038909,0.24
8589,167.8,144.8,136.684714833,4.42,-0.415430267062,0,2.39859370297,0.06
8590,167.8,143.4,158.476199458,4.29,-0.415430267062,-0.966850828729,18.7238820361,-0.07
8591,176,144.8,124.919575439,4.6,4.45103857567,0,-6.4153671714,0.24
8592,166.1,144,144.551595951,4.23,-1.42433234421,-0.552486187845,8.29213903749,-0.13
8593,176.2,144.3,128.393411802,4.46,4.56973293769,-0.345303867403,-3.81291115555,0.1
8594,169.2,144.8,122.121664327,4.45,0.415430267062,0,-8.51144765439,0.09
8595,166.1,144,138.648217105,4.47,-1.42433234421,-0.552486187845,3.86956923748,0.11
8596,164.8,143.7,144.551595951,4.55,-2.19584569733,-0.759668508287,8.29213903749,0.19
8597,169.8,143.3,138.648217105,4.29,0.771513353116,-1.03591160221,3.86956923748,-0.07
8598,167.8,144.4,144.551595951,4.55,-0.415430267062,-0.276243093923,8.29213903749,0.19
8599,161.6,143.3,144.551595951,4.44,-4.09495548961,-1.03591160221,8.29213903749,0.08
8600,163.3,143.7,128.393411802,4.53,-3.08605341246,-0.759668508287,-3.81291115555,0.17
8601,176,146.9,137.824842105,4.29,4.45103857567,1.45027624309,3.25273038909,-0.07
8602,176.2,147.9,125.070398149,4.6,4.56973293769,2.1408839779,-6.30237696994,0.24
8603,170.2,144,144.551595951,4.31,1.00890207715,-0.552486187845,8.29213903749,-0.05
8604,167.8,144.2,138.648217105,4.29,-0.415430267062,-0.414364640884,3.86956923748,-0.07
8605,168.2,144.6,128.393411802,4.31,-0.178041543027,-0.138121546961,-3.81291115555,-0.05
8606,165.4,145.5,137.824842105,4.23,-1.83976261128,0.483425414365,3.25273038909,-0.13
8607,166.1,144.6,135.295494737,4.27,-1.42433234421,-0.138121546961,1.35784686952,-0.09
8608,190.9,141,124.919575439,4.42,13.293768546,-2.62430939227,-6.4153671714,0.06
8609,169.2,147.1,122.121664327,4.34,0.415430267062,1.58839779006,-8.51144765439,-0.02
8610,170.1,144,135.295494737,4.27,0.949554896142,-0.552486187845,1.35784686952,-0.09
8611,168.2,143.3,128.393411802,4.21,-0.178041543027,-1.03591160221,-3.81291115555,-0.15
8612,173.3,147.3,122.121664327,4.47,2.84866468843,1.72651933702,-8.51144765439,0.11
8613,176.2,144.2,158.476199458,4.24,4.56973293769,-0.414364640884,18.7238820361,-0.12
8614,158.9,144.8,138.648217105,4.42,-5.69732937685,0,3.86956923748,0.06
8615,167.3,145.5,135.295494737,4.3,-0.712166172107,0.483425414365,1.35784686952,-0.06
8616,165,144.8,128.393411802,4.3,-2.07715133531,0,-3.81291115555,-0.06
8617,163.3,144.5,158.476199458,4.34,-3.08605341246,-0.207182320442,18.7238820361,-0.02
8618,158.9,147.3,122.121664327,4.27,-5.69732937685,1.72651933702,-8.51144765439,-0.09
8619,176.6,142.6,125.070398149,4.3,4.80712166172,-1.51933701657,-6.30237696994,-0.06
8620,168.7,146.9,138.648217105,4.45,0.118694362018,1.45027624309,3.86956923748,0.09
8621,176.6,145.1,124.919575439,4.29,4.80712166172,0.207182320442,-6.4153671714,-0.07
8622,170.2,143.3,128.393411802,4.47,1.00890207715,-1.03591160221,-3.81291115555,0.11
8623,170.3,145.8,124.919575439,4.32,1.06824925816,0.690607734807,-6.4153671714,-0.04
8624,176.2,144.4,138.648217105,4.6,4.56973293769,-0.276243093923,3.86956923748,0.24
8625,174.1,144.6,124.919575439,4.29,3.3234421365,-0.138121546961,-6.4153671714,-0.07
8626,146.7,144.5,137.824842105,4.3,-12.9376854599,-0.207182320442,3.25273038909,-0.06
8627,167.5,148.6,125.070398149,4.29,-0.593471810089,2.62430939227,-6.30237696994,-0.07
8628,170.1,146.9,128.393411802,4.24,0.949554896142,1.45027624309,-3.81291115555,-0.12
8629,146.7,143.5,135.295494737,4.32,-12.9376854599,-0.897790055249,1.35784686952,-0.04
8630,174.3,144.5,125.070398149,4.27,3.44213649852,-0.207182320442,-6.30237696994,-0.09
8631,174.4,144.9,137.824842105,4.46,3.50148367953,0.0690607734807,3.25273038909,0.1
8632,166.1,143.8,136.684714833,4.39,-1.42433234421,-0.690607734807,2.39859370297,0.03
8633,167.5,144.3,135.295494737,4.35,-0.593471810089,-0.345303867403,1.35784686952,-0.01
8634,176.6,144.2,128.393411802,4.41,4.80712166172,-0.414364640884,-3.81291115555,0.05
8635,174.1,142.8,128.393411802,4.29,3.3234421365,-1.38121546961,-3.81291115555,-0.07
8636,161.7,146.9,128.393411802,4.23,-4.03560830861,1.45027624309,-3.81291115555,-0.13
8637,175.7,144.8,138.648217105,4.32,4.27299703264,0,3.86956923748,-0.04
8638,167.3,141.6,136.684714833,4.44,-0.712166172107,-2.20994475138,2.39859370297,0.08
8639,199.9,144.6,135.295494737,4.47,18.6350148368,-0.138121546961,1.35784686952,0.11
8640,167.8,143.2,138.648217105,4.6,-0.415430267062,-1.10497237569,3.86956923748,0.24
8641,185.7,144.5,138.648217105,4.53,10.2077151335,-0.207182320442,3.86956923748,0.17
8642,164.5,143.7,124.919575439,4.38,-2.37388724036,-0.759668508287,-6.4153671714,0.02
8643,164.3,143.2,124.919575439,4.3,-2.49258160237,-1.10497237569,-6.4153671714,-0.06
8644,167.1,144.2,138.648217105,4.42,-0.830860534125,-0.414364640884,3.86956923748,0.06
8645,174.4,143.3,137.824842105,4.44,3.50148367953,-1.03591160221,3.25273038909,0.08
8646,168.6,144.3,144.551595951,4.38,0.0593471810089,-0.345303867403,8.29213903749,0.02
8647,171.8,144.3,124.919575439,4.36,1.95845697329,-0.345303867403,-6.4153671714,0
8648,190.9,143.5,136.684714833,4.32,13.293768546,-0.897790055249,2.39859370297,-0.04
8649,172.4,142.6,135.295494737,4.27,2.31454005935,-1.51933701657,1.35784686952,-0.09
8650,161.7,144.5,125.070398149,4.32,-4.03560830861,-0.207182320442,-6.30237696994,-0.04
8651,170,141.6,137.824842105,4.44,0.890207715134,-2.20994475138,3.25273038909,0.08
8652,166.9,144.7,158.476199458,4.38,-0.949554896142,-0.0690607734807,18.7238820361,0.02
8653,169.2,146.1,137.824842105,4.6,0.415430267062,0.897790055249,3.25273038909,0.24
8654,169.4,144.9,135.295494737,4.35,0.53412462908,0.0690607734807,1.35784686952,-0.01
8655,174.4,144.9,144.551595951,4.47,3.50148367953,0.0690607734807,8.29213903749,0.11
8656,146.7,143.5,158.476199458,4.32,-12.9376854599,-0.897790055249,18.7238820361,-0.04
8657,163.3,144.1,136.684714833,4.3,-3.08605341246,-0.483425414365,2.39859370297,-0.06
8658,168.6,143.9,122.121664327,4.46,0.0593471810089,-0.621546961326,-8.51144765439,0.1
8659,169.4,144,144.551595951,4.35,0.53412462908,-0.552486187845,8.29213903749,-0.01
8660,170.2,144,135.295494737,4.45,1.00890207715,-0.552486187845,1.35784686952,0.09
8661,198.1,143.9,125.070398149,4.44,17.5667655786,-0.621546961326,-6.30237696994,0.08
8662,173,144.8,124.919575439,4.45,2.6706231454,0,-6.4153671714,0.09
8663,167.8,144.2,136.684714833,4.3,-0.415430267062,-0.414364640884,2.39859370297,-0.06
8664,177.5,145.1,138.648217105,4.42,5.3412462908,0.207182320442,3.86956923748,0.06
8665,170.2,145.7,136.684714833,4.45,1.00890207715,0.621546961326,2.39859370297,0.09
8666,174.1,144,136.684714833,4.6,3.3234421365,-0.552486187845,2.39859370297,0.24
8667,174.3,144.6,144.551595951,4.34,3.44213649852,-0.138121546961,8.29213903749,-0.02
8668,166.1,143.6,138.648217105,4.29,-1.42433234421,-0.828729281768,3.86956923748,-0.07
8669,169.2,146.1,122.121664327,4.3,0.415430267062,0.897790055249,-8.51144765439,-0.06
8670,185.7,145.5,138.648217105,4.38,10.2077151335,0.483425414365,3.86956923748,0.02
8671,165.7,143.9,135.295494737,4.44,-1.66172106825,-0.621546961326,1.35784686952,0.08
8672,169.2,141.6,124.919575439,4.31,0.415430267062,-2.20994475138,-6.4153671714,-0.05
8673,174.4,144.5,137.824842105,4.44,3.50148367953,-0.207182320442,3.25273038909,0.08
8674,170.6,144.5,137.824842105,4.55,1.24629080119,-0.207182320442,3.25273038909,0.19
8675,168.4,144.9,125.070398149,4.44,-0.0593471810089,0.0690607734807,-6.30237696994,0.08
8676,165.4,143.8,135.295494737,4.34,-1.83976261128,-0.690607734807,1.35784686952,-0.02
8677,177.5,142.8,122.121664327,4.32,5.3412462908,-1.38121546961,-8.51144765439,-0.04
8678,169.4,144.6,122.121664327,4.29,0.53412462908,-0.138121546961,-8.51144765439,-0.07
8679,171,144.2,136.684714833,4.3,1.48367952522,-0.414364640884,2.39859370297,-0.06
8680,166.9,148.6,125.070398149,4.3,-0.949554896142,2.62430939227,-6.30237696994,-0.06
8681,167.5,144.5,158.476199458,4.29,-0.593471810089,-0.207182320442,18.7238820361,-0.07
8682,174.1,144.6,135.295494737,4.31,3.3234421365,-0.138121546961,1.35784686952,-0.05
8683,169.4,144.2,144.551595951,4.44,0.53412462908,-0.414364640884,8.29213903749,0.08
8684,165.5,144.5,137.824842105,4.21,-1.78041543027,-0.207182320442,3.25273038909,-0.15
8685,169.4,143.5,125.070398149,4.41,0.53412462908,-0.897790055249,-6.30237696994,0.05
8686,158.9,143.8,138.648217105,4.32,-5.69732937685,-0.690607734807,3.86956923748,-0.04
8687,160.6,141.6,136.684714833,4.55,-4.6884272997,-2.20994475138,2.39859370297,0.19
8688,166.9,144.6,125.070398149,4.21,-0.949554896142,-0.138121546961,-6.30237696994,-0.15
8689,173.2,145.8,128.393411802,4.3,2.78931750742,0.690607734807,-3.81291115555,-0.06
8690,165.5,144.5,137.824842105,4.36,-1.78041543027,-0.207182320442,3.25273038909,0
8691,170.6,144.2,135.295494737,4.35,1.24629080119,-0.414364640884,1.35784686952,-0.01
8692,163.7,140.4,136.684714833,4.3,-2.84866468843,-3.03867403315,2.39859370297,-0.06
8693,174.5,144.6,137.824842105,4.55,3.56083086053,-0.138121546961,3.25273038909,0.19
8694,166.2,144.2,135.295494737,4.23,-1.3649851632,-0.414364640884,1.35784686952,-0.13
8695,162.9,144.2,144.551595951,4.3,-3.3234421365,-0.414364640884,8.29213903749,-0.06
8696,199.9,143.9,124.919575439,4.39,18.6350148368,-0.621546961326,-6.4153671714,0.03
8697,163.7,144.6,125.070398149,4.47,-2.84866468843,-0.138121546961,-6.30237696994,0.11
8698,171.2,144.2,144.551595951,4.34,1.60237388724,-0.414364640884,8.29213903749,-0.02
8699,168.3,144.1,125.070398149,4.27,-0.118694362018,-0.483425414365,-6.30237696994,-0.09
8700,168.4,143.6,138.648217105,4.41,-0.0593471810089,-0.828729281768,3.86956923748,0.05
8701,159.8,144.3,136.684714833,4.55,-5.16320474777,-0.345303867403,2.39859370297,0.19
8702,198.1,144.4,122.121664327,4.47,17.5667655786,-0.276243093923,-8.51144765439,0.11
8703,161.3,143.7,138.648217105,4.27,-4.27299703264,-0.759668508287,3.86956923748,-0.09
8704,171.2,144.8,136.684714833,4.42,1.60237388724,0,2.39859370297,0.06
8705,165.4,144.9,137.824842105,4.31,-1.83976261128,0.0690607734807,3.25273038909,-0.05
8706,167.9,144,136.684714833,4.32,-0.356083086053,-0.552486187845,2.39859370297,-0.04
8707,167.1,144.2,138.648217105,4.23,-0.830860534125,-0.414364640884,3.86956923748,-0.13
8708,164.5,147.9,124.919575439,4.41,-2.37388724036,2.1408839779,-6.4153671714,0.05
8709,170.3,144,138.648217105,4.42,1.06824925816,-0.552486187845,3.86956923748,0.06
8710,161.3,143.2,122.121664327,4.32,-4.27299703264,-1.10497237569,-8.51144765439,-0.04
8711,175.7,144.6,158.476199458,4.31,4.27299703264,-0.138121546961,18.7238820361,-0.05
8712,171,147.5,122.121664327,4.3,1.48367952522,1.86464088398,-8.51144765439,-0.06
8713,165,144.4,122.121664327,4.38,-2.07715133531,-0.276243093923,-8.51144765439,0.02
8714,165.5,145.1,137.824842105,4.39,-1.78041543027,0.207182320442,3.25273038909,0.03
8715,168.6,143.2,125.070398149,4.27,0.0593471810089,-1.10497237569,-6.30237696994,-0.09
8716,174.5,144.2,122.121664327,4.53,3.56083086053,-0.414364640884,-8.51144765439,0.17
8717,174.4,144.1,135.295494737,4.6,3.50148367953,-0.483425414365,1.35784686952,0.24
8718,161.3,144.4,137.824842105,4.6,-4.27299703264,-0.276243093923,3.25273038909,0.24
8719,190.9,144.8,125.070398149,4.3,13.293768546,0,-6.30237696994,-0.06
8720,165,143.3,135.295494737,4.35,-2.07715133531,-1.03591160221,1.35784686952,-0.01
8721,169.3,147.5,125.070398149,4.47,0.474777448071,1.86464088398,-6.30237696994,0.11
8722,164.5,146.1,138.648217105,4.35,-2.37388724036,0.897790055249,3.86956923748,-0.01
8723,173.3,143.7,125.070398149,4.39,2.84866468843,-0.759668508287,-6.30237696994,0.03
8724,176.6,144.9,144.551595951,4.55,4.80712166172,0.0690607734807,8.29213903749,0.19
8725,174.5,141.6,128.393411802,4.34,3.56083086053,-2.20994475138,-3.81291115555,-0.02
8726,167.6,144,138.648217105,4.29,-0.53412462908,-0.552486187845,3.86956923748,-0.07
8727,161.7,142.8,158.476199458,4.23,-4.03560830861,-1.38121546961,18.7238820361,-0.13
8728,198.1,144.8,135.295494737,4.44,17.5667655786,0,1.35784686952,0.08
8729,162.2,148.6,138.648217105,4.35,-3.73887240356,2.62430939227,3.86956923748,-0.01
8730,162.2,144.4,136.684714833,4.34,-3.73887240356,-0.276243093923,2.39859370297,-0.02
8731,164.6,143.7,128.393411802,4.3,-2.31454005935,-0.759668508287,-3.81291115555,-0.06
8732,170.1,142.8,122.121664327,4.29,0.949554896142,-1.38121546961,-8.51144765439,-0.07
8733,164.5,143.9,158.476199458,4.44,-2.37388724036,-0.621546961326,18.7238820361,0.08
8734,169.2,143.3,138.648217105,4.44,0.415430267062,-1.03591160221,3.86956923748,0.08
8735,170.2,144.9,137.824842105,4.6,1.00890207715,0.0690607734807,3.25273038909,0.24
8736,168.3,143.8,138.648217105,4.24,-0.118694362018,-0.690607734807,3.86956923748,-0.12
8737,162.9,145.2,124.919575439,4.27,-3.3234421365,0.276243093923,-6.4153671714,-0.09
8738,167.4,146.3,136.684714833,4.42,-0.652818991098,1.03591160221,2.39859370297,0.06
8739,175.7,143.8,135.295494737,4.46,4.27299703264,-0.690607734807,1.35784686952,0.1
8740,163.7,144.3,136.684714833,4.27,-2.84866468843,-0.345303867403,2.39859370297,-0.09
8741,153.9,147.1,125.070398149,4.45,-8.6646884273,1.58839779006,-6.30237696994,0.09
8742,176.2,145.7,158.476199458,4.53,4.56973293769,0.621546961326,18.7238820361,0.17
8743,165.4,143.8,124.919575439,4.41,-1.83976261128,-0.690607734807,-6.4153671714,0.05
8744,170.8,140.4,144.551595951,4.29,1.3649851632,-3.03867403315,8.29213903749,-0.07
8745,169.2,143.7,122.121664327,4.24,0.415430267062,-0.759668508287,-8.51144765439,-0.12
8746,164.8,144.4,158.476199458,4.27,-2.19584569733,-0.276243093923,18.7238820361,-0.09
8747,164.5,141.4,122.121664327,4.24,-2.37388724036,-2.34806629834,-8.51144765439,-0.12
8748,198.1,144.4,138.648217105,4.27,17.5667655786,-0.276243093923,3.86956923748,-0.09
8749,165.5,148,125.070398149,4.27,-1.78041543027,2.20994475138,-6.30237696994,-0.09
8750,167.3,144.9,137.824842105,4.27,-0.712166172107,0.0690607734807,3.25273038909,-0.09
8751,165,144.9,158.476199458,4.47,-2.07715133531,0.0690607734807,18.7238820361,0.11
8752,158.9,144.6,135.295494737,4.3,-5.69732937685,-0.138121546961,1.35784686952,-0.06
8753,170.8,144.2,135.295494737,4.46,1.3649851632,-0.414364640884,1.35784686952,0.1
8754,169.2,147.1,137.824842105,4.47,0.415430267062,1.58839779006,3.25273038909,0.11
8755,170.1,146.9,138.648217105,4.21,0.949554896142,1.45027624309,3.86956923748,-0.15
8756,168.3,147.1,125.070398149,4.24,-0.118694362018,1.58839779006,-6.30237696994,-0.12
8757,167.3,143.5,135.295494737,4.27,-0.712166172107,-0.897790055249,1.35784686952,-0.09
8758,169.2,148.6,158.476199458,4.39,0.415430267062,2.62430939227,18.7238820361,0.03
8759,163.7,143.7,122.121664327,4.53,-2.84866468843,-0.759668508287,-8.51144765439,0.17
8760,172.4,141.4,137.824842105,4.46,2.31454005935,-2.34806629834,3.25273038909,0.1
8761,167.3,144.6,144.551595951,4.31,-0.712166172107,-0.138121546961,8.29213903749,-0.05
8762,167.1,143.2,136.684714833,4.32,-0.830860534125,-1.10497237569,2.39859370297,-0.04
8763,175.7,141,137.824842105,4.29,4.27299703264,-2.62430939227,3.25273038909,-0.07
8764,167.1,143.9,124.919575439,4.53,-0.830860534125,-0.621546961326,-6.4153671714,0.17
8765,175.7,143.7,136.684714833,4.6,4.27299703264,-0.759668508287,2.39859370297,0.24
8766,156.1,143.3,158.476199458,4.24,-7.3590504451,-1.03591160221,18.7238820361,-0.12
8767,185.7,144.2,137.824842105,4.32,10.2077151335,-0.414364640884,3.25273038909,-0.04
8768,174.5,143.7,138.648217105,4.27,3.56083086053,-0.759668508287,3.86956923748,-0.09
8769,168.3,144.9,125.070398149,4.24,-0.118694362018,0.0690607734807,-6.30237696994,-0.12
8770,169.4,144.4,122.121664327,4.38,0.53412462908,-0.276243093923,-8.51144765439,0.02
8771,173.2,144.6,122.121664327,4.3,2.78931750742,-0.138121546961,-8.51144765439,-0.06
8772,174.5,143.4,158.476199458,4.44,3.56083086053,-0.966850828729,18.7238820361,0.08
8773,164.8,144,124.919575439,4.24,-2.19584569733,-0.552486187845,-6.4153671714,-0.12
8774,199.6,144.8,128.393411802,4.3,18.4569732938,0,-3.81291115555,-0.06
8775,164.5,144.5,128.393411802,4.53,-2.37388724036,-0.207182320442,-3.81291115555,0.17
8776,174.4,145.1,125.070398149,4.6,3.50148367953,0.207182320442,-6.30237696994,0.24
8777,167.8,142.6,138.648217105,4.41,-0.415430267062,-1.51933701657,3.86956923748,0.05
8778,170.1,144.5,158.476199458,4.39,0.949554896142,-0.207182320442,18.7238820361,0.03
8779,167.8,144.5,122.121664327,4.6,-0.415430267062,-0.207182320442,-8.51144765439,0.24
8780,199.6,145.1,128.393411802,4.44,18.4569732938,0.207182320442,-3.81291115555,0.08
8781,199.6,143.4,125.070398149,4.47,18.4569732938,-0.966850828729,-6.30237696994,0.11
8782,167.3,144.5,122.121664327,4.32,-0.712166172107,-0.207182320442,-8.51144765439,-0.04
8783,163.7,147.9,125.070398149,4.3,-2.84866468843,2.1408839779,-6.30237696994,-0.06
8784,169.9,141,144.551595951,4.47,0.830860534125,-2.62430939227,8.29213903749,0.11
8785,169.4,144.5,135.295494737,4.24,0.53412462908,-0.207182320442,1.35784686952,-0.12
8786,166.1,144.7,144.551595951,4.44,-1.42433234421,-0.0690607734807,8.29213903749,0.08
8787,170.1,148.6,135.295494737,4.39,0.949554896142,2.62430939227,1.35784686952,0.03
8788,173.3,145.1,122.121664327,4.35,2.84866468843,0.207182320442,-8.51144765439,-0.01
8789,172.4,144.2,158.476199458,4.36,2.31454005935,-0.414364640884,18.7238820361,0
8790,168.4,147.5,136.684714833,4.35,-0.0593471810089,1.86464088398,2.39859370297,-0.01
8791,163.7,144.6,144.551595951,4.29,-2.84866468843,-0.138121546961,8.29213903749,-0.07
8792,170.8,141.6,138.648217105,4.34,1.3649851632,-2.20994475138,3.86956923748,-0.02
8793,165,146.3,122.121664327,4.39,-2.07715133531,1.03591160221,-8.51144765439,0.03
8794,172.4,144.8,122.121664327,4.44,2.31454005935,0,-8.51144765439,0.08
8795,174.6,142.8,144.551595951,4.55,3.62017804154,-1.38121546961,8.29213903749,0.19
8796,172.4,148.6,125.070398149,4.27,2.31454005935,2.62430939227,-6.30237696994,-0.09
8797,162.6,144.8,135.295494737,4.47,-3.50148367953,0,1.35784686952,0.11
8798,192.4,147.1,128.393411802,4.44,14.1839762611,1.58839779006,-3.81291115555,0.08
8799,169.8,143.9,158.476199458,4.27,0.771513353116,-0.621546961326,18.7238820361,-0.09
8800,172.4,143.9,158.476199458,4.41,2.31454005935,-0.621546961326,18.7238820361,0.05
8801,169.8,145.1,122.121664327,4.3,0.771513353116,0.207182320442,-8.51144765439,-0.06
8802,170.2,141,124.919575439,4.34,1.00890207715,-2.62430939227,-6.4153671714,-0.02
8803,165.5,144.8,138.648217105,4.41,-1.78041543027,0,3.86956923748,0.05
8804,167.6,144.2,136.684714833,4.29,-0.53412462908,-0.414364640884,2.39859370297,-0.07
8805,167.6,143.5,138.648217105,4.6,-0.53412462908,-0.897790055249,3.86956923748,0.24
8806,174.4,144.3,124.919575439,4.55,3.50148367953,-0.345303867403,-6.4153671714,0.19
8807,169.4,144.6,144.551595951,4.27,0.53412462908,-0.138121546961,8.29213903749,-0.09
8808,169.2,146.9,158.476199458,4.31,0.415430267062,1.45027624309,18.7238820361,-0.05
8809,169.8,144.2,135.295494737,4.3,0.771513353116,-0.414364640884,1.35784686952,-0.06
8810,168.4,144.6,122.121664327,4.45,-0.0593471810089,-0.138121546961,-8.51144765439,0.09
8811,198.1,143.2,136.684714833,4.47,17.5667655786,-1.10497237569,2.39859370297,0.11
8812,167.8,142.6,138.648217105,4.44,-0.415430267062,-1.51933701657,3.86956923748,0.08
8813,161.6,145.1,144.551595951,4.45,-4.09495548961,0.207182320442,8.29213903749,0.09
8814,162.9,144.9,158.476199458,4.6,-3.3234421365,0.0690607734807,18.7238820361,0.24
8815,167.4,143.7,124.919575439,4.46,-0.652818991098,-0.759668508287,-6.4153671714,0.1
8816,158.9,143.9,128.393411802,4.3,-5.69732937685,-0.621546961326,-3.81291115555,-0.06
8817,165.7,143.5,128.393411802,4.23,-1.66172106825,-0.897790055249,-3.81291115555,-0.13
8818,158.9,146.3,128.393411802,4.6,-5.69732937685,1.03591160221,-3.81291115555,0.24
8819,166.4,144.6,137.824842105,4.46,-1.24629080119,-0.138121546961,3.25273038909,0.1
8820,165.4,145.2,125.070398149,4.44,-1.83976261128,0.276243093923,-6.30237696994,0.08
8821,177.5,144.5,137.824842105,4.3,5.3412462908,-0.207182320442,3.25273038909,-0.06
8822,174.5,144,122.121664327,4.27,3.56083086053,-0.552486187845,-8.51144765439,-0.09
8823,176.6,143.7,137.824842105,4.53,4.80712166172,-0.759668508287,3.25273038909,0.17
8824,168.4,145.2,128.393411802,4.32,-0.0593471810089,0.276243093923,-3.81291115555,-0.04
8825,169.4,143.2,137.824842105,4.44,0.53412462908,-1.10497237569,3.25273038909,0.08
8826,173.3,144.8,128.393411802,4.6,2.84866468843,0,-3.81291115555,0.24
8827,176.2,143.7,128.393411802,4.38,4.56973293769,-0.759668508287,-3.81291115555,0.02
8828,167.5,143.3,124.919575439,4.47,-0.593471810089,-1.03591160221,-6.4153671714,0.11
8829,174.5,143.7,135.295494737,4.32,3.56083086053,-0.759668508287,1.35784686952,-0.04
8830,170.1,143.3,128.393411802,4.23,0.949554896142,-1.03591160221,-3.81291115555,-0.13
8831,166.9,144,124.919575439,4.47,-0.949554896142,-0.552486187845,-6.4153671714,0.11
8832,169.2,144,136.684714833,4.6,0.415430267062,-0.552486187845,2.39859370297,0.24
8833,171.2,144.6,124.919575439,4.3,1.60237388724,-0.138121546961,-6.4153671714,-0.06
8834,165.4,144.8,138.648217105,4.6,-1.83976261128,0,3.86956923748,0.24
8835,167.6,144,144.551595951,4.41,-0.53412462908,-0.552486187845,8.29213903749,0.05
8836,172.4,144.8,124.919575439,4.38,2.31454005935,0,-6.4153671714,0.02
8837,168.4,145.1,137.824842105,4.23,-0.0593471810089,0.207182320442,3.25273038909,-0.13
8838,168.7,140.4,135.295494737,4.47,0.118694362018,-3.03867403315,1.35784686952,0.11
8839,168.4,144.4,137.824842105,4.47,-0.0593471810089,-0.276243093923,3.25273038909,0.11
8840,170.2,143.4,125.070398149,4.44,1.00890207715,-0.966850828729,-6.30237696994,0.08
8841,174.1,144,122.121664327,4.42,3.3234421365,-0.552486187845,-8.51144765439,0.06
8842,167.9,143.3,124.919575439,4.3,-0.356083086053,-1.03591160221,-6.4153671714,-0.06
8843,168.6,143.3,135.295494737,4.39,0.0593471810089,-1.03591160221,1.35784686952,0.03
8844,170.2,144.9,122.121664327,4.53,1.00890207715,0.0690607734807,-8.51144765439,0.17
8845,159.8,144.8,124.919575439,4.23,-5.16320474777,0,-6.4153671714,-0.13
8846,171.8,144.6,125.070398149,4.44,1.95845697329,-0.138121546961,-6.30237696994,0.08
8847,165.5,144.8,137.824842105,4.29,-1.78041543027,0,3.25273038909,-0.07
8848,163.7,144.2,122.121664327,4.21,-2.84866468843,-0.414364640884,-8.51144765439,-0.15
8849,162.9,144.2,128.393411802,4.32,-3.3234421365,-0.414364640884,-3.81291115555,-0.04
8850,173.2,144.9,136.684714833,4.39,2.78931750742,0.0690607734807,2.39859370297,0.03
8851,170.1,144.3,136.684714833,4.45,0.949554896142,-0.345303867403,2.39859370297,0.09
8852,159.8,144.2,138.648217105,4.45,-5.16320474777,-0.414364640884,3.86956923748,0.09
8853,161.3,147.9,158.476199458,4.31,-4.27299703264,2.1408839779,18.7238820361,-0.05
8854,177.5,143.5,144.551595951,4.46,5.3412462908,-0.897790055249,8.29213903749,0.1
8855,174.5,145.2,135.295494737,4.47,3.56083086053,0.276243093923,1.35784686952,0.11
8856,162.6,145.2,135.295494737,4.36,-3.50148367953,0.276243093923,1.35784686952,0
8857,146.7,141.6,128.393411802,4.45,-12.9376854599,-2.20994475138,-3.81291115555,0.09
8858,165.5,143.7,125.070398149,4.23,-1.78041543027,-0.759668508287,-6.30237696994,-0.13
8859,169.8,144.2,158.476199458,4.24,0.771513353116,-0.414364640884,18.7238820361,-0.12
8860,169.9,144.5,125.070398149,4.32,0.830860534125,-0.207182320442,-6.30237696994,-0.04
8861,164.5,145.1,136.684714833,4.24,-2.37388724036,0.207182320442,2.39859370297,-0.12
8862,160.6,144.6,137.824842105,4.38,-4.6884272997,-0.138121546961,3.25273038909,0.02
8863,165,144.5,135.295494737,4.21,-2.07715133531,-0.207182320442,1.35784686952,-0.15
8864,165.4,144.8,138.648217105,4.34,-1.83976261128,0,3.86956923748,-0.02
8865,171,145.5,137.824842105,4.47,1.48367952522,0.483425414365,3.25273038909,0.11
8866,170,144.8,138.648217105,4.41,0.890207715134,0,3.86956923748,0.05
8867,170,143.6,128.393411802,4.36,0.890207715134,-0.828729281768,-3.81291115555,0
8868,164.6,147.5,138.648217105,4.53,-2.31454005935,1.86464088398,3.86956923748,0.17
8869,163.7,144.8,158.476199458,4.55,-2.84866468843,0,18.7238820361,0.19
8870,167.9,144.4,158.476199458,4.46,-0.356083086053,-0.276243093923,18.7238820361,0.1
8871,163.7,144.5,128.393411802,4.38,-2.84866468843,-0.207182320442,-3.81291115555,0.02
8872,166.4,143.3,128.393411802,4.27,-1.24629080119,-1.03591160221,-3.81291115555,-0.09
8873,171.8,143.7,138.648217105,4.55,1.95845697329,-0.759668508287,3.86956923748,0.19
8874,168.7,146.3,144.551595951,4.21,0.118694362018,1.03591160221,8.29213903749,-0.15
8875,167.3,144,138.648217105,4.24,-0.712166172107,-0.552486187845,3.86956923748,-0.12
8876,166.2,145.2,158.476199458,4.31,-1.3649851632,0.276243093923,18.7238820361,-0.05
8877,168.6,144.5,158.476199458,4.46,0.0593471810089,-0.207182320442,18.7238820361,0.1
8878,168.2,140.4,125.070398149,4.47,-0.178041543027,-3.03867403315,-6.30237696994,0.11
8879,176,143.7,135.295494737,4.27,4.45103857567,-0.759668508287,1.35784686952,-0.09
8880,161.6,141.6,137.824842105,4.24,-4.09495548961,-2.20994475138,3.25273038909,-0.12
8881,168.3,143.7,144.551595951,4.34,-0.118694362018,-0.759668508287,8.29213903749,-0.02
8882,169.2,146.9,128.393411802,4.32,0.415430267062,1.45027624309,-3.81291115555,-0.04
8883,165.4,144.4,138.648217105,4.24,-1.83976261128,-0.276243093923,3.86956923748,-0.12
8884,168.4,143.5,136.684714833,4.29,-0.0593471810089,-0.897790055249,2.39859370297,-0.07
8885,167.8,144.9,122.121664327,4.53,-0.415430267062,0.0690607734807,-8.51144765439,0.17
8886,146.7,143.9,128.393411802,4.32,-12.9376854599,-0.621546961326,-3.81291115555,-0.04
8887,167.3,147.1,137.824842105,4.34,-0.712166172107,1.58839779006,3.25273038909,-0.02
8888,170,144.6,135.295494737,4.46,0.890207715134,-0.138121546961,1.35784686952,0.1
8889,153.9,143.3,144.551595951,4.46,-8.6646884273,-1.03591160221,8.29213903749,0.1
8890,165.7,144,144.551595951,4.42,-1.66172106825,-0.552486187845,8.29213903749,0.06
8891,164.3,143.3,122.121664327,4.6,-2.49258160237,-1.03591160221,-8.51144765439,0.24
8892,164.8,143.8,138.648217105,4.47,-2.19584569733,-0.690607734807,3.86956923748,0.11
8893,165.4,143.7,122.121664327,4.32,-1.83976261128,-0.759668508287,-8.51144765439,-0.04
8894,171.2,143.5,137.824842105,4.55,1.60237388724,-0.897790055249,3.25273038909,0.19
8895,170,144.9,137.824842105,4.3,0.890207715134,0.0690607734807,3.25273038909,-0.06
8896,174.6,145.1,128.393411802,4.3,3.62017804154,0.207182320442,-3.81291115555,-0.06
8897,168.3,144.8,136.684714833,4.38,-0.118694362018,0,2.39859370297,0.02
8898,170.2,144.5,136.684714833,4.35,1.00890207715,-0.207182320442,2.39859370297,-0.01
8899,165.7,141,158.476199458,4.46,-1.66172106825,-2.62430939227,18.7238820361,0.1
8900,174.5,144.6,136.684714833,4.45,3.56083086053,-0.138121546961,2.39859370297,0.09
8901,168.3,143.4,158.476199458,4.41,-0.118694362018,-0.966850828729,18.7238820361,0.05
8902,169.2,144.5,122.121664327,4.3,0.415430267062,-0.207182320442,-8.51144765439,-0.06
8903,175.7,143.9,124.919575439,4.38,4.27299703264,-0.621546961326,-6.4153671714,0.02
8904,173,143.7,136.684714833,4.55,2.6706231454,-0.759668508287,2.39859370297,0.19
8905,161.7,143.6,158.476199458,4.35,-4.03560830861,-0.828729281768,18.7238820361,-0.01
8906,164.3,141.6,125.070398149,4.27,-2.49258160237,-2.20994475138,-6.30237696994,-0.09
8907,192.4,144.2,138.648217105,4.46,14.1839762611,-0.414364640884,3.86956923748,0.1
8908,164.5,143.9,125.070398149,4.53,-2.37388724036,-0.621546961326,-6.30237696994,0.17
8909,164.3,143.7,128.393411802,4.21,-2.49258160237,-0.759668508287,-3.81291115555,-0.15
8910,167.8,143.5,144.551595951,4.23,-0.415430267062,-0.897790055249,8.29213903749,-0.13
8911,173,144,128.393411802,4.27,2.6706231454,-0.552486187845,-3.81291115555,-0.09
8912,190.9,144,137.824842105,4.21,13.293768546,-0.552486187845,3.25273038909,-0.15
8913,165.7,144,122.121664327,4.42,-1.66172106825,-0.552486187845,-8.51144765439,0.06
8914,173,144.8,125.070398149,4.42,2.6706231454,0,-6.30237696994,0.06
8915,160.6,144,137.824842105,4.3,-4.6884272997,-0.552486187845,3.25273038909,-0.06
8916,168.2,144.8,158.476199458,4.21,-0.178041543027,0,18.7238820361,-0.15
8917,160.6,147.9,138.648217105,4.36,-4.6884272997,2.1408839779,3.86956923748,0
8918,172.4,146.1,125.070398149,4.45,2.31454005935,0.897790055249,-6.30237696994,0.09
8919,176,143.7,122.121664327,4.32,4.45103857567,-0.759668508287,-8.51144765439,-0.04
8920,168.7,144.8,158.476199458,4.36,0.118694362018,0,18.7238820361,0
8921,167.8,145.7,124.919575439,4.45,-0.415430267062,0.621546961326,-6.4153671714,0.09
8922,168.3,144,125.070398149,4.41,-0.118694362018,-0.552486187845,-6.30237696994,0.05
8923,169.2,143.9,124.919575439,4.27,0.415430267062,-0.621546961326,-6.4153671714,-0.09
8924,168.4,144.6,158.476199458,4.6,-0.0593471810089,-0.138121546961,18.7238820361,0.24
8925,177.5,143.2,158.476199458,4.6,5.3412462908,-1.10497237569,18.7238820361,0.24
8926,171,143.6,128.393411802,4.23,1.48367952522,-0.828729281768,-3.81291115555,-0.13
8927,165.7,144.2,122.121664327,4.44,-1.66172106825,-0.414364640884,-8.51144765439,0.08
8928,168.6,147.1,124.919575439,4.35,0.0593471810089,1.58839779006,-6.4153671714,-0.01
8929,176.6,146.3,128.393411802,4.23,4.80712166172,1.03591160221,-3.81291115555,-0.13
8930,185.7,144.3,138.648217105,4.29,10.2077151335,-0.345303867403,3.86956923748,-0.07
8931,175.7,144.8,144.551595951,4.3,4.27299703264,0,8.29213903749,-0.06
8932,165.4,143.5,124.919575439,4.34,-1.83976261128,-0.897790055249,-6.4153671714,-0.02
8933,164.8,143.4,128.393411802,4.29,-2.19584569733,-0.966850828729,-3.81291115555,-0.07
8934,173.2,142.6,137.824842105,4.39,2.78931750742,-1.51933701657,3.25273038909,0.03
8935,199.6,147.9,135.295494737,4.32,18.4569732938,2.1408839779,1.35784686952,-0.04
8936,169.3,144.5,128.393411802,4.47,0.474777448071,-0.207182320442,-3.81291115555,0.11
8937,199.6,143.7,125.070398149,4.31,18.4569732938,-0.759668508287,-6.30237696994,-0.05
8938,170.8,144,122.121664327,4.39,1.3649851632,-0.552486187845,-8.51144765439,0.03
8939,170,144.2,138.648217105,4.44,0.890207715134,-0.414364640884,3.86956923748,0.08
8940,170.2,144.5,137.824842105,4.41,1.00890207715,-0.207182320442,3.25273038909,0.05
8941,164.3,144.3,136.684714833,4.46,-2.49258160237,-0.345303867403,2.39859370297,0.1
8942,190.9,144.6,138.648217105,4.29,13.293768546,-0.138121546961,3.86956923748,-0.07
8943,169.4,143.7,158.476199458,4.35,0.53412462908,-0.759668508287,18.7238820361,-0.01
8944,169.4,140.4,122.121664327,4.47,0.53412462908,-3.03867403315,-8.51144765439,0.11
8945,161.3,143.3,125.070398149,4.38,-4.27299703264,-1.03591160221,-6.30237696994,0.02
8946,171.8,146.3,144.551595951,4.41,1.95845697329,1.03591160221,8.29213903749,0.05
8947,167.5,143.9,122.121664327,4.55,-0.593471810089,-0.621546961326,-8.51144765439,0.19
8948,177.5,143.5,135.295494737,4.29,5.3412462908,-0.897790055249,1.35784686952,-0.07
8949,158.9,143.2,128.393411802,4.3,-5.69732937685,-1.10497237569,-3.81291115555,-0.06
8950,165.4,143.2,138.648217105,4.3,-1.83976261128,-1.10497237569,3.86956923748,-0.06
8951,199.6,144.8,122.121664327,4.3,18.4569732938,0,-8.51144765439,-0.06
8952,170,144,136.684714833,4.47,0.890207715134,-0.552486187845,2.39859370297,0.11
8953,156.1,144.5,144.551595951,4.27,-7.3590504451,-0.207182320442,8.29213903749,-0.09
8954,168.7,145.8,122.121664327,4.29,0.118694362018,0.690607734807,-8.51144765439,-0.07
8955,167.6,140.4,158.476199458,4.53,-0.53412462908,-3.03867403315,18.7238820361,0.17
8956,167.8,143.2,158.476199458,4.45,-0.415430267062,-1.10497237569,18.7238820361,0.09
8957,171.2,144.5,136.684714833,4.45,1.60237388724,-0.207182320442,2.39859370297,0.09
8958,170.2,144.4,144.551595951,4.3,1.00890207715,-0.276243093923,8.29213903749,-0.06
8959,167.6,145.2,128.393411802,4.44,-0.53412462908,0.276243093923,-3.81291115555,0.08
8960,168.4,144.4,125.070398149,4.47,-0.0593471810089,-0.276243093923,-6.30237696994,0.11
8961,163.7,144.3,158.476199458,4.32,-2.84866468843,-0.345303867403,18.7238820361,-0.04
8962,163.3,143.4,158.476199458,4.55,-3.08605341246,-0.966850828729,18.7238820361,0.19
8963,176,144.3,137.824842105,4.53,4.45103857567,-0.345303867403,3.25273038909,0.17
8964,174.5,143.4,137.824842105,4.23,3.56083086053,-0.966850828729,3.25273038909,-0.13
8965,160.6,144.5,144.551595951,4.3,-4.6884272997,-0.207182320442,8.29213903749,-0.06
8966,199.9,141,158.476199458,4.6,18.6350148368,-2.62430939227,18.7238820361,0.24
8967,170.1,144.2,124.919575439,4.41,0.949554896142,-0.414364640884,-6.4153671714,0.05
8968,167.3,145.2,125.070398149,4.45,-0.712166172107,0.276243093923,-6.30237696994,0.09
8969,199.9,144.5,144.551595951,4.24,18.6350148368,-0.207182320442,8.29213903749,-0.12
8970,167.8,144.6,124.919575439,4.47,-0.415430267062,-0.138121546961,-6.4153671714,0.11
8971,162.9,144.9,128.393411802,4.47,-3.3234421365,0.0690607734807,-3.81291115555,0.11
8972,176,144.9,135.295494737,4.23,4.45103857567,0.0690607734807,1.35784686952,-0.13
8973,161.3,144.5,136.684714833,4.23,-4.27299703264,-0.207182320442,2.39859370297,-0.13
8974,174.5,143.7,136.684714833,4.21,3.56083086053,-0.759668508287,2.39859370297,-0.15
8975,162.2,144.5,128.393411802,4.44,-3.73887240356,-0.207182320442,-3.81291115555,0.08
8976,161.3,140.4,128.393411802,4.45,-4.27299703264,-3.03867403315,-3.81291115555,0.09
8977,167.1,143.9,122.121664327,4.41,-0.830860534125,-0.621546961326,-8.51144765439,0.05
8978,146.7,148.6,136.684714833,4.31,-12.9376854599,2.62430939227,2.39859370297,-0.05
8979,162.6,144.4,137.824842105,4.3,-3.50148367953,-0.276243093923,3.25273038909,-0.06
8980,174.5,143.4,158.476199458,4.53,3.56083086053,-0.966850828729,18.7238820361,0.17
8981,166.1,143.7,125.070398149,4.24,-1.42433234421,-0.759668508287,-6.30237696994,-0.12
8982,162.2,144.5,125.070398149,4.35,-3.73887240356,-0.207182320442,-6.30237696994,-0.01
8983,177.5,144.8,135.295494737,4.41,5.3412462908,0,1.35784686952,0.05
8984,153.9,147.9,135.295494737,4.53,-8.6646884273,2.1408839779,1.35784686952,0.17
8985,176,143.5,135.295494737,4.27,4.45103857567,-0.897790055249,1.35784686952,-0.09
8986,162.6,141.6,144.551595951,4.27,-3.50148367953,-2.20994475138,8.29213903749,-0.09
8987,173,144,158.476199458,4.34,2.6706231454,-0.552486187845,18.7238820361,-0.02
8988,146.7,144.8,158.476199458,4.41,-12.9376854599,0,18.7238820361,0.05
8989,168.2,145.8,128.393411802,4.46,-0.178041543027,0.690607734807,-3.81291115555,0.1
8990,170.1,144.5,122.121664327,4.44,0.949554896142,-0.207182320442,-8.51144765439,0.08
8991,174.3,146.3,135.295494737,4.46,3.44213649852,1.03591160221,1.35784686952,0.1
8992,170.2,145.2,137.824842105,4.32,1.00890207715,0.276243093923,3.25273038909,-0.04
8993,167.3,144.3,138.648217105,4.41,-0.712166172107,-0.345303867403,3.86956923748,0.05
8994,167.1,143.7,136.684714833,4.55,-0.830860534125,-0.759668508287,2.39859370297,0.19
8995,174.6,145.7,125.070398149,4.27,3.62017804154,0.621546961326,-6.30237696994,-0.09
8996,160.6,145.2,124.919575439,4.27,-4.6884272997,0.276243093923,-6.4153671714,-0.09
8997,163.7,145.5,122.121664327,4.29,-2.84866468843,0.483425414365,-8.51144765439,-0.07
8998,165.5,145.2,124.919575439,4.3,-1.78041543027,0.276243093923,-6.4153671714,-0.06
8999,199.6,143.9,124.919575439,4.47,18.4569732938,-0.621546961326,-6.4153671714,0.11
9000,176.6,144,128.393411802,4.32,4.80712166172,-0.552486187845,-3.81291115555,-0.04
9001,167.8,144.8,137.824842105,4.3,-0.415430267062,0,3.25273038909,-0.06
9002,199.9,144.6,124.919575439,4.35,18.6350148368,-0.138121546961,-6.4153671714,-0.01
9003,165,144,122.121664327,4.32,-2.07715133531,-0.552486187845,-8.51144765439,-0.04
9004,176.2,144,138.648217105,4.32,4.56973293769,-0.552486187845,3.86956923748,-0.04
9005,163.7,147.5,137.824842105,4.35,-2.84866468843,1.86464088398,3.25273038909,-0.01
9006,168.2,143.5,158.476199458,4.42,-0.178041543027,-0.897790055249,18.7238820361,0.06
9007,166.9,143.7,138.648217105,4.29,-0.949554896142,-0.759668508287,3.86956923748,-0.07
9008,163.3,144,135.295494737,4.45,-3.08605341246,-0.552486187845,1.35784686952,0.09
9009,190.9,144.4,124.919575439,4.44,13.293768546,-0.276243093923,-6.4153671714,0.08
9010,168.6,144,122.121664327,4.38,0.0593471810089,-0.552486187845,-8.51144765439,0.02
9011,168.3,144,144.551595951,4.21,-0.118694362018,-0.552486187845,8.29213903749,-0.15
9012,172.4,147.9,125.070398149,4.36,2.31454005935,2.1408839779,-6.30237696994,0
9013,167.9,143.9,136.684714833,4.44,-0.356083086053,-0.621546961326,2.39859370297,0.08
9014,165.4,143.9,128.393411802,4.23,-1.83976261128,-0.621546961326,-3.81291115555,-0.13
9015,169.2,143.7,138.648217105,4.6,0.415430267062,-0.759668508287,3.86956923748,0.24
9016,198.1,144.2,125.070398149,4.32,17.5667655786,-0.414364640884,-6.30237696994,-0.04
9017,161.6,142.8,158.476199458,4.3,-4.09495548961,-1.38121546961,18.7238820361,-0.06
9018,166.9,144.8,124.919575439,4.44,-0.949554896142,0,-6.4153671714,0.08
9019,176.6,143.6,135.295494737,4.41,4.80712166172,-0.828729281768,1.35784686952,0.05
9020,161.6,144.8,125.070398149,4.44,-4.09495548961,0,-6.30237696994,0.08
9021,173,144.4,138.648217105,4.44,2.6706231454,-0.276243093923,3.86956923748,0.08
9022,153.9,144.8,137.824842105,4.34,-8.6646884273,0,3.25273038909,-0.02
9023,162.9,144.4,128.393411802,4.29,-3.3234421365,-0.276243093923,-3.81291115555,-0.07
9024,167.4,144.2,125.070398149,4.35,-0.652818991098,-0.414364640884,-6.30237696994,-0.01
9025,164.6,144.1,135.295494737,4.32,-2.31454005935,-0.483425414365,1.35784686952,-0.04
9026,171.8,147.9,158.476199458,4.39,1.95845697329,2.1408839779,18.7238820361,0.03
9027,168.2,144.5,128.393411802,4.27,-0.178041543027,-0.207182320442,-3.81291115555,-0.09
9028,161.3,144.8,128.393411802,4.36,-4.27299703264,0,-3.81291115555,0
9029,171.2,144.3,135.295494737,4.41,1.60237388724,-0.345303867403,1.35784686952,0.05
9030,174.5,144.8,135.295494737,4.31,3.56083086053,0,1.35784686952,-0.05
9031,169.2,143.2,144.551595951,4.35,0.415430267062,-1.10497237569,8.29213903749,-0.01
9032,173.2,144,136.684714833,4.42,2.78931750742,-0.552486187845,2.39859370297,0.06
9033,173.2,143.8,158.476199458,4.35,2.78931750742,-0.690607734807,18.7238820361,-0.01
9034,175.7,144,124.919575439,4.42,4.27299703264,-0.552486187845,-6.4153671714,0.06
9035,168.4,143.3,158.476199458,4.47,-0.0593471810089,-1.03591160221,18.7238820361,0.11
9036,165,144.4,124.919575439,4.35,-2.07715133531,-0.276243093923,-6.4153671714,-0.01
9037,174.5,144.4,122.121664327,4.36,3.56083086053,-0.276243093923,-8.51144765439,0
9038,167.8,144.2,124.919575439,4.44,-0.415430267062,-0.414364640884,-6.4153671714,0.08
9039,168.4,144.5,158.476199458,4.3,-0.0593471810089,-0.207182320442,18.7238820361,-0.06
9040,176.2,143.7,138.648217105,4.39,4.56973293769,-0.759668508287,3.86956923748,0.03
9041,176.6,148.6,125.070398149,4.39,4.80712166172,2.62430939227,-6.30237696994,0.03
9042,167.5,144.2,158.476199458,4.38,-0.593471810089,-0.414364640884,18.7238820361,0.02
9043,198.1,143.7,138.648217105,4.6,17.5667655786,-0.759668508287,3.86956923748,0.24
9044,190.9,144,158.476199458,4.34,13.293768546,-0.552486187845,18.7238820361,-0.02
9045,173,147.5,138.648217105,4.42,2.6706231454,1.86464088398,3.86956923748,0.06
9046,175.7,143.4,138.648217105,4.35,4.27299703264,-0.966850828729,3.86956923748,-0.01
9047,176.6,143.9,128.393411802,4.44,4.80712166172,-0.621546961326,-3.81291115555,0.08
9048,163.7,143.4,135.295494737,4.53,-2.84866468843,-0.966850828729,1.35784686952,0.17
9049,170.6,144.4,135.295494737,4.47,1.24629080119,-0.276243093923,1.35784686952,0.11
9050,167.5,143.7,135.295494737,4.36,-0.593471810089,-0.759668508287,1.35784686952,0
9051,166.1,141,124.919575439,4.39,-1.42433234421,-2.62430939227,-6.4153671714,0.03
9052,167.8,143.4,144.551595951,4.29,-0.415430267062,-0.966850828729,8.29213903749,-0.07
9053,198.1,145.2,136.684714833,4.53,17.5667655786,0.276243093923,2.39859370297,0.17
9054,174.5,144,125.070398149,4.27,3.56083086053,-0.552486187845,-6.30237696994,-0.09
9055,169.2,144.2,135.295494737,4.39,0.415430267062,-0.414364640884,1.35784686952,0.03
9056,167.5,144.9,124.919575439,4.35,-0.593471810089,0.0690607734807,-6.4153671714,-0.01
9057,167.8,144.8,128.393411802,4.6,-0.415430267062,0,-3.81291115555,0.24
9058,165.5,144.2,125.070398149,4.27,-1.78041543027,-0.414364640884,-6.30237696994,-0.09
9059,167.9,146.9,137.824842105,4.6,-0.356083086053,1.45027624309,3.25273038909,0.24
9060,169.9,143.2,138.648217105,4.27,0.830860534125,-1.10497237569,3.86956923748,-0.09
9061,198.1,144,124.919575439,4.41,17.5667655786,-0.552486187845,-6.4153671714,0.05
9062,170.3,141.4,135.295494737,4.53,1.06824925816,-2.34806629834,1.35784686952,0.17
9063,169.4,146.9,158.476199458,4.47,0.53412462908,1.45027624309,18.7238820361,0.11
9064,176.2,144.8,124.919575439,4.44,4.56973293769,0,-6.4153671714,0.08
9065,167.8,144.1,138.648217105,4.3,-0.415430267062,-0.483425414365,3.86956923748,-0.06
9066,165,143.6,136.684714833,4.47,-2.07715133531,-0.828729281768,2.39859370297,0.11
9067,164.6,141,137.824842105,4.44,-2.31454005935,-2.62430939227,3.25273038909,0.08
9068,159.8,144.2,138.648217105,4.27,-5.16320474777,-0.414364640884,3.86956923748,-0.09
9069,199.9,142.8,135.295494737,4.3,18.6350148368,-1.38121546961,1.35784686952,-0.06
9070,165.5,144.7,124.919575439,4.31,-1.78041543027,-0.0690607734807,-6.4153671714,-0.05
9071,174.5,147.1,122.121664327,4.24,3.56083086053,1.58839779006,-8.51144765439,-0.12
9072,167.1,146.1,122.121664327,4.41,-0.830860534125,0.897790055249,-8.51144765439,0.05
9073,167.6,144.4,135.295494737,4.44,-0.53412462908,-0.276243093923,1.35784686952,0.08
9074,164.5,144.4,125.070398149,4.41,-2.37388724036,-0.276243093923,-6.30237696994,0.05
9075,170.1,144.1,122.121664327,4.29,0.949554896142,-0.483425414365,-8.51144765439,-0.07
9076,163.7,143.5,136.684714833,4.53,-2.84866468843,-0.897790055249,2.39859370297,0.17
9077,169.8,143.6,137.824842105,4.6,0.771513353116,-0.828729281768,3.25273038909,0.24
9078,170.8,144.2,128.393411802,4.21,1.3649851632,-0.414364640884,-3.81291115555,-0.15
9079,164.3,143.7,135.295494737,4.6,-2.49258160237,-0.759668508287,1.35784686952,0.24
9080,171.8,144,128.393411802,4.47,1.95845697329,-0.552486187845,-3.81291115555,0.11
9081,167.8,140.4,158.476199458,4.23,-0.415430267062,-3.03867403315,18.7238820361,-0.13
9082,167.3,144.3,125.070398149,4.42,-0.712166172107,-0.345303867403,-6.30237696994,0.06
9083,166.4,144.8,122.121664327,4.44,-1.24629080119,0,-8.51144765439,0.08
9084,171,144.5,135.295494737,4.29,1.48367952522,-0.207182320442,1.35784686952,-0.07
9085,169.2,144.7,124.919575439,4.44,0.415430267062,-0.0690607734807,-6.4153671714,0.08
9086,170.1,143.8,137.824842105,4.39,0.949554896142,-0.690607734807,3.25273038909,0.03
9087,161.6,144.5,158.476199458,4.35,-4.09495548961,-0.207182320442,18.7238820361,-0.01
9088,168.2,144.4,128.393411802,4.34,-0.178041543027,-0.276243093923,-3.81291115555,-0.02
9089,199.9,144.5,158.476199458,4.45,18.6350148368,-0.207182320442,18.7238820361,0.09
9090,168.2,144.9,144.551595951,4.27,-0.178041543027,0.0690607734807,8.29213903749,-0.09
9091,167.3,143.7,136.684714833,4.44,-0.712166172107,-0.759668508287,2.39859370297,0.08
9092,171.8,144.5,158.476199458,4.6,1.95845697329,-0.207182320442,18.7238820361,0.24
9093,167.5,143.8,138.648217105,4.6,-0.593471810089,-0.690607734807,3.86956923748,0.24
9094,170.2,145.1,125.070398149,4.53,1.00890207715,0.207182320442,-6.30237696994,0.17
9095,176,143.5,135.295494737,4.53,4.45103857567,-0.897790055249,1.35784686952,0.17
9096,160.6,144.5,124.919575439,4.6,-4.6884272997,-0.207182320442,-6.4153671714,0.24
9097,170.1,147.3,137.824842105,4.34,0.949554896142,1.72651933702,3.25273038909,-0.02
9098,190.9,143.4,128.393411802,4.41,13.293768546,-0.966850828729,-3.81291115555,0.05
9099,169.2,146.3,122.121664327,4.42,0.415430267062,1.03591160221,-8.51144765439,0.06
9100,174.6,144.2,138.648217105,4.46,3.62017804154,-0.414364640884,3.86956923748,0.1
9101,162.9,144.9,137.824842105,4.35,-3.3234421365,0.0690607734807,3.25273038909,-0.01
9102,167.5,144.2,125.070398149,4.35,-0.593471810089,-0.414364640884,-6.30237696994,-0.01
9103,167.6,144.9,125.070398149,4.31,-0.53412462908,0.0690607734807,-6.30237696994,-0.05
9104,167.6,144.9,138.648217105,4.32,-0.53412462908,0.0690607734807,3.86956923748,-0.04
9105,174.1,143.7,125.070398149,4.3,3.3234421365,-0.759668508287,-6.30237696994,-0.06
9106,168.4,145.1,135.295494737,4.46,-0.0593471810089,0.207182320442,1.35784686952,0.1
9107,146.7,144.5,158.476199458,4.46,-12.9376854599,-0.207182320442,18.7238820361,0.1
9108,153.9,144.2,122.121664327,4.3,-8.6646884273,-0.414364640884,-8.51144765439,-0.06
9109,174.1,144.5,144.551595951,4.3,3.3234421365,-0.207182320442,8.29213903749,-0.06
9110,167.4,144.8,122.121664327,4.3,-0.652818991098,0,-8.51144765439,-0.06
9111,185.7,144.4,144.551595951,4.42,10.2077151335,-0.276243093923,8.29213903749,0.06
9112,165,143.7,125.070398149,4.47,-2.07715133531,-0.759668508287,-6.30237696994,0.11
9113,166.2,144.1,136.684714833,4.6,-1.3649851632,-0.483425414365,2.39859370297,0.24
9114,169.4,144.9,136.684714833,4.6,0.53412462908,0.0690607734807,2.39859370297,0.24
9115,168.3,142.8,158.476199458,4.27,-0.118694362018,-1.38121546961,18.7238820361,-0.09
9116,163.3,143.3,158.476199458,4.23,-3.08605341246,-1.03591160221,18.7238820361,-0.13
9117,168.6,144.9,128.393411802,4.39,0.0593471810089,0.0690607734807,-3.81291115555,0.03
9118,165.5,144.2,135.295494737,4.32,-1.78041543027,-0.414364640884,1.35784686952,-0.04
9119,192.4,144.8,137.824842105,4.38,14.1839762611,0,3.25273038909,0.02
9120,171.8,146.3,158.476199458,4.45,1.95845697329,1.03591160221,18.7238820361,0.09
9121,170.2,143.9,158.476199458,4.29,1.00890207715,-0.621546961326,18.7238820361,-0.07
9122,161.7,144.6,122.121664327,4.35,-4.03560830861,-0.138121546961,-8.51144765439,-0.01
9123,167.4,143.5,158.476199458,4.6,-0.652818991098,-0.897790055249,18.7238820361,0.24
9124,161.6,144.8,125.070398149,4.39,-4.09495548961,0,-6.30237696994,0.03
9125,165.4,145.7,136.684714833,4.38,-1.83976261128,0.621546961326,2.39859370297,0.02
9126,176.6,144.2,124.919575439,4.38,4.80712166172,-0.414364640884,-6.4153671714,0.02
9127,170,145.7,144.551595951,4.27,0.890207715134,0.621546961326,8.29213903749,-0.09
9128,199.6,145.2,158.476199458,4.38,18.4569732938,0.276243093923,18.7238820361,0.02
9129,169.4,144.2,122.121664327,4.55,0.53412462908,-0.414364640884,-8.51144765439,0.19
9130,168.2,148,124.919575439,4.27,-0.178041543027,2.20994475138,-6.4153671714,-0.09
9131,165,141.6,144.551595951,4.29,-2.07715133531,-2.20994475138,8.29213903749,-0.07
9132,166.4,144.8,138.648217105,4.21,-1.24629080119,0,3.86956923748,-0.15
9133,167.5,144.8,158.476199458,4.3,-0.593471810089,0,18.7238820361,-0.06
9134,159.8,144.5,135.295494737,4.24,-5.16320474777,-0.207182320442,1.35784686952,-0.12
9135,185.7,144.8,144.551595951,4.46,10.2077151335,0,8.29213903749,0.1
9136,146.7,143.4,125.070398149,4.41,-12.9376854599,-0.966850828729,-6.30237696994,0.05
9137,169.9,143.8,124.919575439,4.35,0.830860534125,-0.690607734807,-6.4153671714,-0.01
9138,168.2,143.9,136.684714833,4.41,-0.178041543027,-0.621546961326,2.39859370297,0.05
9139,198.1,141.6,135.295494737,4.45,17.5667655786,-2.20994475138,1.35784686952,0.09
9140,166.1,144.9,135.295494737,4.24,-1.42433234421,0.0690607734807,1.35784686952,-0.12
9141,164.8,144.6,128.393411802,4.24,-2.19584569733,-0.138121546961,-3.81291115555,-0.12
9142,169.8,143.8,122.121664327,4.21,0.771513353116,-0.690607734807,-8.51144765439,-0.15
9143,167.5,144.4,135.295494737,4.3,-0.593471810089,-0.276243093923,1.35784686952,-0.06
9144,176.2,144,158.476199458,4.23,4.56973293769,-0.552486187845,18.7238820361,-0.13
9145,156.1,145.2,128.393411802,4.35,-7.3590504451,0.276243093923,-3.81291115555,-0.01
9146,167.9,143.7,128.393411802,4.47,-0.356083086053,-0.759668508287,-3.81291115555,0.11
9147,168.2,144.9,144.551595951,4.41,-0.178041543027,0.0690607734807,8.29213903749,0.05
9148,165,142.8,158.476199458,4.53,-2.07715133531,-1.38121546961,18.7238820361,0.17
9149,170.6,144.8,135.295494737,4.46,1.24629080119,0,1.35784686952,0.1
9150,153.9,143.5,144.551595951,4.41,-8.6646884273,-0.897790055249,8.29213903749,0.05
9151,164.3,140.4,135.295494737,4.47,-2.49258160237,-3.03867403315,1.35784686952,0.11
9152,167.6,144.4,135.295494737,4.34,-0.53412462908,-0.276243093923,1.35784686952,-0.02
9153,167.3,144.9,158.476199458,4.23,-0.712166172107,0.0690607734807,18.7238820361,-0.13
9154,169.9,148.6,137.824842105,4.38,0.830860534125,2.62430939227,3.25273038909,0.02
9155,167.6,143.4,125.070398149,4.29,-0.53412462908,-0.966850828729,-6.30237696994,-0.07
9156,166.2,144.9,137.824842105,4.44,-1.3649851632,0.0690607734807,3.25273038909,0.08
9157,176.6,143.8,128.393411802,4.39,4.80712166172,-0.690607734807,-3.81291115555,0.03
9158,169.8,144.2,135.295494737,4.23,0.771513353116,-0.414364640884,1.35784686952,-0.13
9159,174.6,144,135.295494737,4.21,3.62017804154,-0.552486187845,1.35784686952,-0.15
9160,162.9,143.2,136.684714833,4.29,-3.3234421365,-1.10497237569,2.39859370297,-0.07
9161,166.2,143.9,124.919575439,4.44,-1.3649851632,-0.621546961326,-6.4153671714,0.08
9162,165.4,144,135.295494737,4.47,-1.83976261128,-0.552486187845,1.35784686952,0.11
9163,199.6,144.8,128.393411802,4.35,18.4569732938,0,-3.81291115555,-0.01
9164,161.3,145.8,136.684714833,4.47,-4.27299703264,0.690607734807,2.39859370297,0.11
9165,171.2,144.8,122.121664327,4.35,1.60237388724,0,-8.51144765439,-0.01
9166,192.4,144.6,138.648217105,4.27,14.1839762611,-0.138121546961,3.86956923748,-0.09
9167,176.6,144.5,124.919575439,4.6,4.80712166172,-0.207182320442,-6.4153671714,0.24
9168,167.9,144,128.393411802,4.29,-0.356083086053,-0.552486187845,-3.81291115555,-0.07
9169,171.8,144.2,137.824842105,4.36,1.95845697329,-0.414364640884,3.25273038909,0
9170,156.1,144.1,124.919575439,4.21,-7.3590504451,-0.483425414365,-6.4153671714,-0.15
9171,173.2,143.3,136.684714833,4.44,2.78931750742,-1.03591160221,2.39859370297,0.08
9172,161.6,143.8,135.295494737,4.47,-4.09495548961,-0.690607734807,1.35784686952,0.11
9173,162.9,143.9,128.393411802,4.38,-3.3234421365,-0.621546961326,-3.81291115555,0.02
9174,167.3,144.3,124.919575439,4.44,-0.712166172107,-0.345303867403,-6.4153671714,0.08
9175,153.9,144.1,124.919575439,4.27,-8.6646884273,-0.483425414365,-6.4153671714,-0.09
9176,169.4,144.9,138.648217105,4.44,0.53412462908,0.0690607734807,3.86956923748,0.08
9177,169.9,144.9,124.919575439,4.32,0.830860534125,0.0690607734807,-6.4153671714,-0.04
9178,164.3,143.7,122.121664327,4.3,-2.49258160237,-0.759668508287,-8.51144765439,-0.06
9179,160.6,144.8,128.393411802,4.36,-4.6884272997,0,-3.81291115555,0
9180,159.8,144.9,138.648217105,4.34,-5.16320474777,0.0690607734807,3.86956923748,-0.02
9181,166.4,144,144.551595951,4.42,-1.24629080119,-0.552486187845,8.29213903749,0.06
9182,170.6,144.8,144.551595951,4.42,1.24629080119,0,8.29213903749,0.06
9183,173,147.5,158.476199458,4.23,2.6706231454,1.86464088398,18.7238820361,-0.13
9184,173.2,144.6,136.684714833,4.6,2.78931750742,-0.138121546961,2.39859370297,0.24
9185,176,144.5,135.295494737,4.29,4.45103857567,-0.207182320442,1.35784686952,-0.07
9186,198.1,144.1,158.476199458,4.38,17.5667655786,-0.483425414365,18.7238820361,0.02
9187,161.3,143.7,138.648217105,4.44,-4.27299703264,-0.759668508287,3.86956923748,0.08
9188,164.8,144.3,128.393411802,4.32,-2.19584569733,-0.345303867403,-3.81291115555,-0.04
9189,167.1,145.2,144.551595951,4.29,-0.830860534125,0.276243093923,8.29213903749,-0.07
9190,165.4,145.7,125.070398149,4.34,-1.83976261128,0.621546961326,-6.30237696994,-0.02
9191,167.6,144.9,138.648217105,4.3,-0.53412462908,0.0690607734807,3.86956923748,-0.06
9192,174.6,147.9,158.476199458,4.44,3.62017804154,2.1408839779,18.7238820361,0.08
9193,166.1,143.3,158.476199458,4.39,-1.42433234421,-1.03591160221,18.7238820361,0.03
9194,165.7,143.9,137.824842105,4.47,-1.66172106825,-0.621546961326,3.25273038909,0.11
9195,171.2,147.3,124.919575439,4.35,1.60237388724,1.72651933702,-6.4153671714,-0.01
9196,167.5,146.3,144.551595951,4.38,-0.593471810089,1.03591160221,8.29213903749,0.02
9197,192.4,144.5,128.393411802,4.55,14.1839762611,-0.207182320442,-3.81291115555,0.19
9198,162.6,144,124.919575439,4.35,-3.50148367953,-0.552486187845,-6.4153671714,-0.01
9199,153.9,141.6,122.121664327,4.46,-8.6646884273,-2.20994475138,-8.51144765439,0.1
9200,172.4,145.1,144.551595951,4.41,2.31454005935,0.207182320442,8.29213903749,0.05
9201,175.7,144.4,158.476199458,4.38,4.27299703264,-0.276243093923,18.7238820361,0.02
9202,169.8,144,158.476199458,4.38,0.771513353116,-0.552486187845,18.7238820361,0.02
9203,170.1,144.2,136.684714833,4.23,0.949554896142,-0.414364640884,2.39859370297,-0.13
9204,170,144.9,158.476199458,4.21,0.890207715134,0.0690607734807,18.7238820361,-0.15
9205,166.4,143.2,136.684714833,4.42,-1.24629080119,-1.10497237569,2.39859370297,0.06
9206,161.6,147.3,138.648217105,4.3,-4.09495548961,1.72651933702,3.86956923748,-0.06
9207,185.7,144.2,137.824842105,4.39,10.2077151335,-0.414364640884,3.25273038909,0.03
9208,170.2,141,124.919575439,4.29,1.00890207715,-2.62430939227,-6.4153671714,-0.07
9209,168.7,143.3,158.476199458,4.46,0.118694362018,-1.03591160221,18.7238820361,0.1
9210,166.2,148.6,135.295494737,4.27,-1.3649851632,2.62430939227,1.35784686952,-0.09
9211,174.1,144.9,128.393411802,4.3,3.3234421365,0.0690607734807,-3.81291115555,-0.06
9212,168.2,144.4,158.476199458,4.46,-0.178041543027,-0.276243093923,18.7238820361,0.1
9213,164.8,144.5,136.684714833,4.24,-2.19584569733,-0.207182320442,2.39859370297,-0.12
9214,167.5,144.6,144.551595951,4.32,-0.593471810089,-0.138121546961,8.29213903749,-0.04
9215,163.3,144.8,122.121664327,4.29,-3.08605341246,0,-8.51144765439,-0.07
9216,164.8,143.4,138.648217105,4.6,-2.19584569733,-0.966850828729,3.86956923748,0.24
9217,164.5,144.5,135.295494737,4.32,-2.37388724036,-0.207182320442,1.35784686952,-0.04
9218,173,144.2,124.919575439,4.47,2.6706231454,-0.414364640884,-6.4153671714,0.11
9219,158.9,144.8,137.824842105,4.36,-5.69732937685,0,3.25273038909,0
9220,170.6,143.5,158.476199458,4.41,1.24629080119,-0.897790055249,18.7238820361,0.05
9221,165.4,143.9,124.919575439,4.46,-1.83976261128,-0.621546961326,-6.4153671714,0.1
9222,169.2,143.3,144.551595951,4.3,0.415430267062,-1.03591160221,8.29213903749,-0.06
9223,168.3,144.8,128.393411802,4.32,-0.118694362018,0,-3.81291115555,-0.04
9224,167.3,144.7,124.919575439,4.39,-0.712166172107,-0.0690607734807,-6.4153671714,0.03
9225,162.6,148.6,158.476199458,4.3,-3.50148367953,2.62430939227,18.7238820361,-0.06
9226,167.3,144.3,136.684714833,4.27,-0.712166172107,-0.345303867403,2.39859370297,-0.09
9227,174.4,144.6,158.476199458,4.39,3.50148367953,-0.138121546961,18.7238820361,0.03
9228,171.2,144.8,135.295494737,4.41,1.60237388724,0,1.35784686952,0.05
9229,172.4,141,136.684714833,4.27,2.31454005935,-2.62430939227,2.39859370297,-0.09
9230,174.1,145.2,158.476199458,4.6,3.3234421365,0.276243093923,18.7238820361,0.24
9231,162.9,143.7,158.476199458,4.29,-3.3234421365,-0.759668508287,18.7238820361,-0.07
9232,175.7,142.8,135.295494737,4.45,4.27299703264,-1.38121546961,1.35784686952,0.09
9233,175.7,144,125.070398149,4.35,4.27299703264,-0.552486187845,-6.30237696994,-0.01
9234,170.1,144.9,158.476199458,4.44,0.949554896142,0.0690607734807,18.7238820361,0.08
9235,173.2,144.5,135.295494737,4.47,2.78931750742,-0.207182320442,1.35784686952,0.11
9236,192.4,145.1,128.393411802,4.39,14.1839762611,0.207182320442,-3.81291115555,0.03
9237,169.4,144.2,125.070398149,4.47,0.53412462908,-0.414364640884,-6.30237696994,0.11
9238,171.8,145.7,158.476199458,4.47,1.95845697329,0.621546961326,18.7238820361,0.11
9239,177.5,143.7,144.551595951,4.27,5.3412462908,-0.759668508287,8.29213903749,-0.09
9240,162.9,147.3,128.393411802,4.34,-3.3234421365,1.72651933702,-3.81291115555,-0.02
9241,170.1,143.2,137.824842105,4.46,0.949554896142,-1.10497237569,3.25273038909,0.1
9242,176,144.4,135.295494737,4.39,4.45103857567,-0.276243093923,1.35784686952,0.03
9243,166.1,144.8,138.648217105,4.53,-1.42433234421,0,3.86956923748,0.17
9244,167.5,144.5,128.393411802,4.27,-0.593471810089,-0.207182320442,-3.81291115555,-0.09
9245,170.1,143.9,135.295494737,4.35,0.949554896142,-0.621546961326,1.35784686952,-0.01
9246,170.6,145.7,138.648217105,4.35,1.24629080119,0.621546961326,3.86956923748,-0.01
9247,171.8,148.6,135.295494737,4.24,1.95845697329,2.62430939227,1.35784686952,-0.12
9248,158.9,144,122.121664327,4.3,-5.69732937685,-0.552486187845,-8.51144765439,-0.06
9249,167.8,147.3,124.919575439,4.23,-0.415430267062,1.72651933702,-6.4153671714,-0.13
9250,170.2,144,138.648217105,4.31,1.00890207715,-0.552486187845,3.86956923748,-0.05
9251,176.6,144.6,144.551595951,4.32,4.80712166172,-0.138121546961,8.29213903749,-0.04
9252,168.7,145.5,128.393411802,4.24,0.118694362018,0.483425414365,-3.81291115555,-0.12
9253,162.6,144.1,138.648217105,4.55,-3.50148367953,-0.483425414365,3.86956923748,0.19
9254,161.3,144.2,137.824842105,4.46,-4.27299703264,-0.414364640884,3.25273038909,0.1
9255,164.5,144.5,124.919575439,4.32,-2.37388724036,-0.207182320442,-6.4153671714,-0.04
9256,168.2,144.2,144.551595951,4.47,-0.178041543027,-0.414364640884,8.29213903749,0.11
9257,174.4,144.4,128.393411802,4.3,3.50148367953,-0.276243093923,-3.81291115555,-0.06
9258,177.5,144.6,122.121664327,4.27,5.3412462908,-0.138121546961,-8.51144765439,-0.09
9259,163.7,145.1,128.393411802,4.46,-2.84866468843,0.207182320442,-3.81291115555,0.1
9260,177.5,147.9,138.648217105,4.53,5.3412462908,2.1408839779,3.86956923748,0.17
9261,166.9,143.8,124.919575439,4.38,-0.949554896142,-0.690607734807,-6.4153671714,0.02
9262,162.6,146.3,122.121664327,4.32,-3.50148367953,1.03591160221,-8.51144765439,-0.04
9263,167.8,144,125.070398149,4.29,-0.415430267062,-0.552486187845,-6.30237696994,-0.07
9264,169.9,144.2,137.824842105,4.36,0.830860534125,-0.414364640884,3.25273038909,0
9265,169.2,143.9,137.824842105,4.55,0.415430267062,-0.621546961326,3.25273038909,0.19
9266,170.2,140.4,158.476199458,4.29,1.00890207715,-3.03867403315,18.7238820361,-0.07
9267,168.4,145.1,135.295494737,4.24,-0.0593471810089,0.207182320442,1.35784686952,-0.12
9268,166.9,144,135.295494737,4.42,-0.949554896142,-0.552486187845,1.35784686952,0.06
9269,168.3,147.5,122.121664327,4.27,-0.118694362018,1.86464088398,-8.51144765439,-0.09
9270,190.9,143.6,124.919575439,4.46,13.293768546,-0.828729281768,-6.4153671714,0.1
9271,166.2,144.3,144.551595951,4.3,-1.3649851632,-0.345303867403,8.29213903749,-0.06
9272,167.5,143.9,135.295494737,4.46,-0.593471810089,-0.621546961326,1.35784686952,0.1
9273,198.1,146.9,136.684714833,4.31,17.5667655786,1.45027624309,2.39859370297,-0.05
9274,170.2,145.1,135.295494737,4.47,1.00890207715,0.207182320442,1.35784686952,0.11
9275,173,143.7,136.684714833,4.41,2.6706231454,-0.759668508287,2.39859370297,0.05
9276,169.4,144.2,128.393411802,4.55,0.53412462908,-0.414364640884,-3.81291115555,0.19
9277,165.5,144.3,135.295494737,4.46,-1.78041543027,-0.345303867403,1.35784686952,0.1
9278,167.3,141,138.648217105,4.45,-0.712166172107,-2.62430939227,3.86956923748,0.09
9279,161.6,144,137.824842105,4.41,-4.09495548961,-0.552486187845,3.25273038909,0.05
9280,173.2,143.3,122.121664327,4.41,2.78931750742,-1.03591160221,-8.51144765439,0.05
9281,167.1,146.9,124.919575439,4.44,-0.830860534125,1.45027624309,-6.4153671714,0.08
9282,199.9,143.8,137.824842105,4.38,18.6350148368,-0.690607734807,3.25273038909,0.02
9283,173,147.5,137.824842105,4.6,2.6706231454,1.86464088398,3.25273038909,0.24
9284,163.7,147.3,158.476199458,4.34,-2.84866468843,1.72651933702,18.7238820361,-0.02
9285,176,144.5,138.648217105,4.53,4.45103857567,-0.207182320442,3.86956923748,0.17
9286,185.7,142.8,122.121664327,4.34,10.2077151335,-1.38121546961,-8.51144765439,-0.02
9287,199.6,144.4,128.393411802,4.36,18.4569732938,-0.276243093923,-3.81291115555,0
9288,174.5,141,128.393411802,4.27,3.56083086053,-2.62430939227,-3.81291115555,-0.09
9289,167.3,143.7,125.070398149,4.47,-0.712166172107,-0.759668508287,-6.30237696994,0.11
9290,174.6,143.5,158.476199458,4.23,3.62017804154,-0.897790055249,18.7238820361,-0.13
9291,164.5,144.9,122.121664327,4.39,-2.37388724036,0.0690607734807,-8.51144765439,0.03
9292,170.1,144.6,124.919575439,4.47,0.949554896142,-0.138121546961,-6.4153671714,0.11
9293,192.4,144,135.295494737,4.34,14.1839762611,-0.552486187845,1.35784686952,-0.02
9294,168.4,143.6,125.070398149,4.36,-0.0593471810089,-0.828729281768,-6.30237696994,0
9295,165.4,143.3,124.919575439,4.3,-1.83976261128,-1.03591160221,-6.4153671714,-0.06
9296,164.8,143.2,125.070398149,4.35,-2.19584569733,-1.10497237569,-6.30237696994,-0.01
9297,163.7,143.5,125.070398149,4.44,-2.84866468843,-0.897790055249,-6.30237696994,0.08
9298,167.5,148,138.648217105,4.44,-0.593471810089,2.20994475138,3.86956923748,0.08
9299,165.4,147.1,125.070398149,4.47,-1.83976261128,1.58839779006,-6.30237696994,0.11
9300,170.1,144.8,124.919575439,4.47,0.949554896142,0,-6.4153671714,0.11
9301,160.6,141.4,144.551595951,4.27,-4.6884272997,-2.34806629834,8.29213903749,-0.09
9302,163.7,144.6,137.824842105,4.29,-2.84866468843,-0.138121546961,3.25273038909,-0.07
9303,170.3,144.6,125.070398149,4.29,1.06824925816,-0.138121546961,-6.30237696994,-0.07
9304,168.4,144.5,125.070398149,4.6,-0.0593471810089,-0.207182320442,-6.30237696994,0.24
9305,167.8,147.1,137.824842105,4.42,-0.415430267062,1.58839779006,3.25273038909,0.06
9306,176.2,144,144.551595951,4.38,4.56973293769,-0.552486187845,8.29213903749,0.02
9307,174.5,143.2,125.070398149,4.24,3.56083086053,-1.10497237569,-6.30237696994,-0.12
9308,163.3,147.5,125.070398149,4.32,-3.08605341246,1.86464088398,-6.30237696994,-0.04
9309,173.3,144.9,138.648217105,4.38,2.84866468843,0.0690607734807,3.86956923748,0.02
9310,168.2,143.4,138.648217105,4.47,-0.178041543027,-0.966850828729,3.86956923748,0.11
9311,170.2,143.9,144.551595951,4.29,1.00890207715,-0.621546961326,8.29213903749,-0.07
9312,161.7,144.2,144.551595951,4.6,-4.03560830861,-0.414364640884,8.29213903749,0.24
9313,170.1,145.2,135.295494737,4.47,0.949554896142,0.276243093923,1.35784686952,0.11
9314,190.9,144,137.824842105,4.29,13.293768546,-0.552486187845,3.25273038909,-0.07
9315,169.2,144.8,158.476199458,4.32,0.415430267062,0,18.7238820361,-0.04
9316,162.2,145.7,124.919575439,4.24,-3.73887240356,0.621546961326,-6.4153671714,-0.12
9317,162.2,144.9,158.476199458,4.6,-3.73887240356,0.0690607734807,18.7238820361,0.24
9318,173.3,146.9,137.824842105,4.42,2.84866468843,1.45027624309,3.25273038909,0.06
9319,169.4,143.9,144.551595951,4.47,0.53412462908,-0.621546961326,8.29213903749,0.11
9320,168.4,143.3,158.476199458,4.27,-0.0593471810089,-1.03591160221,18.7238820361,-0.09
9321,171.2,145.1,138.648217105,4.23,1.60237388724,0.207182320442,3.86956923748,-0.13
9322,167.5,144.4,125.070398149,4.55,-0.593471810089,-0.276243093923,-6.30237696994,0.19
9323,198.1,146.3,135.295494737,4.41,17.5667655786,1.03591160221,1.35784686952,0.05
9324,166.2,143.3,122.121664327,4.41,-1.3649851632,-1.03591160221,-8.51144765439,0.05
9325,173.2,140.4,144.551595951,4.36,2.78931750742,-3.03867403315,8.29213903749,0
9326,173,141.4,128.393411802,4.45,2.6706231454,-2.34806629834,-3.81291115555,0.09
9327,192.4,146.1,125.070398149,4.42,14.1839762611,0.897790055249,-6.30237696994,0.06
9328,171,144.5,128.393411802,4.24,1.48367952522,-0.207182320442,-3.81291115555,-0.12
9329,167.3,143.3,124.919575439,4.53,-0.712166172107,-1.03591160221,-6.4153671714,0.17
9330,168.4,143.5,158.476199458,4.32,-0.0593471810089,-0.897790055249,18.7238820361,-0.04
9331,161.7,144.5,122.121664327,4.35,-4.03560830861,-0.207182320442,-8.51144765439,-0.01
9332,164.5,145.1,158.476199458,4.23,-2.37388724036,0.207182320442,18.7238820361,-0.13
9333,176,144.6,125.070398149,4.32,4.45103857567,-0.138121546961,-6.30237696994,-0.04
9334,169.4,144.4,136.684714833,4.31,0.53412462908,-0.276243093923,2.39859370297,-0.05
9335,166.4,145.2,125.070398149,4.47,-1.24629080119,0.276243093923,-6.30237696994,0.11
9336,174.1,144,144.551595951,4.29,3.3234421365,-0.552486187845,8.29213903749,-0.07
9337,162.2,144.3,158.476199458,4.3,-3.73887240356,-0.345303867403,18.7238820361,-0.06
9338,167.1,141,122.121664327,4.44,-0.830860534125,-2.62430939227,-8.51144765439,0.08
9339,170,147.9,125.070398149,4.42,0.890207715134,2.1408839779,-6.30237696994,0.06
9340,164.5,143.6,125.070398149,4.47,-2.37388724036,-0.828729281768,-6.30237696994,0.11
9341,168.6,144.2,122.121664327,4.36,0.0593471810089,-0.414364640884,-8.51144765439,0
9342,146.7,141,137.824842105,4.42,-12.9376854599,-2.62430939227,3.25273038909,0.06
9343,165.4,144.4,137.824842105,4.23,-1.83976261128,-0.276243093923,3.25273038909,-0.13
9344,169.4,143.7,125.070398149,4.21,0.53412462908,-0.759668508287,-6.30237696994,-0.15
9345,159.8,143.6,125.070398149,4.46,-5.16320474777,-0.828729281768,-6.30237696994,0.1
9346,185.7,146.1,144.551595951,4.42,10.2077151335,0.897790055249,8.29213903749,0.06
9347,169.4,144.5,124.919575439,4.32,0.53412462908,-0.207182320442,-6.4153671714,-0.04
9348,192.4,140.4,137.824842105,4.38,14.1839762611,-3.03867403315,3.25273038909,0.02
9349,164.5,144,128.393411802,4.27,-2.37388724036,-0.552486187845,-3.81291115555,-0.09
9350,164.5,144.2,122.121664327,4.32,-2.37388724036,-0.414364640884,-8.51144765439,-0.04
9351,176,144.5,125.070398149,4.27,4.45103857567,-0.207182320442,-6.30237696994,-0.09
9352,164.6,141,137.824842105,4.35,-2.31454005935,-2.62430939227,3.25273038909,-0.01
9353,164.5,143.8,128.393411802,4.3,-2.37388724036,-0.690607734807,-3.81291115555,-0.06
9354,176,143.4,138.648217105,4.23,4.45103857567,-0.966850828729,3.86956923748,-0.13
9355,170,144.8,122.121664327,4.46,0.890207715134,0,-8.51144765439,0.1
9356,167.8,144.9,135.295494737,4.55,-0.415430267062,0.0690607734807,1.35784686952,0.19
9357,174.4,143.7,138.648217105,4.23,3.50148367953,-0.759668508287,3.86956923748,-0.13
9358,168.3,144.5,144.551595951,4.29,-0.118694362018,-0.207182320442,8.29213903749,-0.07
9359,163.7,144.2,136.684714833,4.45,-2.84866468843,-0.414364640884,2.39859370297,0.09
9360,164.6,143.6,144.551595951,4.45,-2.31454005935,-0.828729281768,8.29213903749,0.09
9361,166.2,144.9,124.919575439,4.42,-1.3649851632,0.0690607734807,-6.4153671714,0.06
9362,173.2,146.9,138.648217105,4.35,2.78931750742,1.45027624309,3.86956923748,-0.01
9363,169.4,146.9,128.393411802,4.46,0.53412462908,1.45027624309,-3.81291115555,0.1
9364,169.2,144.5,125.070398149,4.35,0.415430267062,-0.207182320442,-6.30237696994,-0.01
9365,171.2,144,137.824842105,4.42,1.60237388724,-0.552486187845,3.25273038909,0.06
9366,168.3,147.9,124.919575439,4.29,-0.118694362018,2.1408839779,-6.4153671714,-0.07
9367,170.6,144,125.070398149,4.6,1.24629080119,-0.552486187845,-6.30237696994,0.24
9368,170.6,144.8,144.551595951,4.27,1.24629080119,0,8.29213903749,-0.09
9369,168.4,146.1,158.476199458,4.3,-0.0593471810089,0.897790055249,18.7238820361,-0.06
9370,173.2,143.9,137.824842105,4.44,2.78931750742,-0.621546961326,3.25273038909,0.08
9371,173,144,158.476199458,4.32,2.6706231454,-0.552486187845,18.7238820361,-0.04
9372,161.3,144.6,138.648217105,4.34,-4.27299703264,-0.138121546961,3.86956923748,-0.02
9373,170.2,144.4,135.295494737,4.44,1.00890207715,-0.276243093923,1.35784686952,0.08
9374,167.1,143.8,122.121664327,4.41,-0.830860534125,-0.690607734807,-8.51144765439,0.05
9375,156.1,146.3,137.824842105,4.41,-7.3590504451,1.03591160221,3.25273038909,0.05
9376,170.2,144,144.551595951,4.23,1.00890207715,-0.552486187845,8.29213903749,-0.13
9377,166.4,144.8,136.684714833,4.32,-1.24629080119,0,2.39859370297,-0.04
9378,161.7,144.2,158.476199458,4.53,-4.03560830861,-0.414364640884,18.7238820361,0.17
9379,164.3,144.6,124.919575439,4.27,-2.49258160237,-0.138121546961,-6.4153671714,-0.09
9380,170.3,145.8,125.070398149,4.47,1.06824925816,0.690607734807,-6.30237696994,0.11
9381,166.1,146.9,125.070398149,4.32,-1.42433234421,1.45027624309,-6.30237696994,-0.04
9382,199.6,144.9,144.551595951,4.53,18.4569732938,0.0690607734807,8.29213903749,0.17
9383,169.3,143.5,125.070398149,4.36,0.474777448071,-0.897790055249,-6.30237696994,0
9384,170.1,143.4,122.121664327,4.44,0.949554896142,-0.966850828729,-8.51144765439,0.08
9385,199.6,143.8,125.070398149,4.42,18.4569732938,-0.690607734807,-6.30237696994,0.06
9386,176.2,144.4,124.919575439,4.3,4.56973293769,-0.276243093923,-6.4153671714,-0.06
9387,167.8,144.5,136.684714833,4.35,-0.415430267062,-0.207182320442,2.39859370297,-0.01
9388,176,144.4,125.070398149,4.3,4.45103857567,-0.276243093923,-6.30237696994,-0.06
9389,162.2,144.4,122.121664327,4.23,-3.73887240356,-0.276243093923,-8.51144765439,-0.13
9390,198.1,145.5,136.684714833,4.44,17.5667655786,0.483425414365,2.39859370297,0.08
9391,164.3,144.5,122.121664327,4.47,-2.49258160237,-0.207182320442,-8.51144765439,0.11
9392,169.9,143.6,128.393411802,4.6,0.830860534125,-0.828729281768,-3.81291115555,0.24
9393,168.4,143.7,158.476199458,4.3,-0.0593471810089,-0.759668508287,18.7238820361,-0.06
9394,176.2,144.2,138.648217105,4.32,4.56973293769,-0.414364640884,3.86956923748,-0.04
9395,166.9,144.8,144.551595951,4.44,-0.949554896142,0,8.29213903749,0.08
9396,176,146.9,124.919575439,4.6,4.45103857567,1.45027624309,-6.4153671714,0.24
9397,168.7,143.6,136.684714833,4.24,0.118694362018,-0.828729281768,2.39859370297,-0.12
9398,166.9,144.8,122.121664327,4.44,-0.949554896142,0,-8.51144765439,0.08
9399,162.2,143.9,125.070398149,4.46,-3.73887240356,-0.621546961326,-6.30237696994,0.1
9400,168.2,144,135.295494737,4.29,-0.178041543027,-0.552486187845,1.35784686952,-0.07
9401,167.5,143.5,125.070398149,4.53,-0.593471810089,-0.897790055249,-6.30237696994,0.17
9402,164.5,144.8,144.551595951,4.27,-2.37388724036,0,8.29213903749,-0.09
9403,168.6,144.2,138.648217105,4.35,0.0593471810089,-0.414364640884,3.86956923748,-0.01
9404,175.7,148.6,136.684714833,4.41,4.27299703264,2.62430939227,2.39859370297,0.05
9405,165.7,144.8,125.070398149,4.3,-1.66172106825,0,-6.30237696994,-0.06
9406,161.3,141.6,158.476199458,4.32,-4.27299703264,-2.20994475138,18.7238820361,-0.04
9407,173.3,145.1,122.121664327,4.27,2.84866468843,0.207182320442,-8.51144765439,-0.09
9408,163.3,143.7,137.824842105,4.39,-3.08605341246,-0.759668508287,3.25273038909,0.03
9409,169.8,143.4,128.393411802,4.27,0.771513353116,-0.966850828729,-3.81291115555,-0.09
9410,163.7,144,125.070398149,4.39,-2.84866468843,-0.552486187845,-6.30237696994,0.03
9411,162.2,144.2,138.648217105,4.47,-3.73887240356,-0.414364640884,3.86956923748,0.11
9412,158.9,143.7,158.476199458,4.23,-5.69732937685,-0.759668508287,18.7238820361,-0.13
9413,167.8,144.8,125.070398149,4.44,-0.415430267062,0,-6.30237696994,0.08
9414,198.1,145.1,128.393411802,4.45,17.5667655786,0.207182320442,-3.81291115555,0.09
9415,165.5,144,137.824842105,4.46,-1.78041543027,-0.552486187845,3.25273038909,0.1
9416,171.2,144.9,125.070398149,4.53,1.60237388724,0.0690607734807,-6.30237696994,0.17
9417,170.6,142.6,137.824842105,4.45,1.24629080119,-1.51933701657,3.25273038909,0.09
9418,170.1,144.5,122.121664327,4.35,0.949554896142,-0.207182320442,-8.51144765439,-0.01
9419,170.1,144.5,128.393411802,4.38,0.949554896142,-0.207182320442,-3.81291115555,0.02
9420,162.6,144.4,128.393411802,4.21,-3.50148367953,-0.276243093923,-3.81291115555,-0.15
9421,176.2,144,158.476199458,4.42,4.56973293769,-0.552486187845,18.7238820361,0.06
9422,167.5,147.3,124.919575439,4.32,-0.593471810089,1.72651933702,-6.4153671714,-0.04
9423,167.5,147.5,137.824842105,4.41,-0.593471810089,1.86464088398,3.25273038909,0.05
9424,176.6,144,137.824842105,4.47,4.80712166172,-0.552486187845,3.25273038909,0.11
9425,164.8,144.9,124.919575439,4.3,-2.19584569733,0.0690607734807,-6.4153671714,-0.06
9426,164.3,145.2,124.919575439,4.24,-2.49258160237,0.276243093923,-6.4153671714,-0.12
9427,165.5,144.8,128.393411802,4.6,-1.78041543027,0,-3.81291115555,0.24
9428,165.4,144.8,136.684714833,4.36,-1.83976261128,0,2.39859370297,0
9429,165.5,148.6,136.684714833,4.27,-1.78041543027,2.62430939227,2.39859370297,-0.09
9430,167.8,144.4,135.295494737,4.27,-0.415430267062,-0.276243093923,1.35784686952,-0.09
9431,167.5,143.3,136.684714833,4.3,-0.593471810089,-1.03591160221,2.39859370297,-0.06
9432,168.4,144.4,136.684714833,4.36,-0.0593471810089,-0.276243093923,2.39859370297,0
9433,176.6,144.4,128.393411802,4.39,4.80712166172,-0.276243093923,-3.81291115555,0.03
9434,169.9,143.9,144.551595951,4.23,0.830860534125,-0.621546961326,8.29213903749,-0.13
9435,161.6,146.9,144.551595951,4.46,-4.09495548961,1.45027624309,8.29213903749,0.1
9436,170,142.8,138.648217105,4.32,0.890207715134,-1.38121546961,3.86956923748,-0.04
9437,174.3,145.5,136.684714833,4.6,3.44213649852,0.483425414365,2.39859370297,0.24
9438,166.4,144.2,128.393411802,4.32,-1.24629080119,-0.414364640884,-3.81291115555,-0.04
9439,163.7,145.2,124.919575439,4.32,-2.84866468843,0.276243093923,-6.4153671714,-0.04
9440,165.4,143.6,138.648217105,4.44,-1.83976261128,-0.828729281768,3.86956923748,0.08
9441,192.4,144.2,135.295494737,4.47,14.1839762611,-0.414364640884,1.35784686952,0.11
9442,168.2,145.8,158.476199458,4.24,-0.178041543027,0.690607734807,18.7238820361,-0.12
9443,174.5,143.9,122.121664327,4.3,3.56083086053,-0.621546961326,-8.51144765439,-0.06
9444,169.4,145.2,124.919575439,4.53,0.53412462908,0.276243093923,-6.4153671714,0.17
9445,174.1,144.8,158.476199458,4.21,3.3234421365,0,18.7238820361,-0.15
9446,169.9,144.4,136.684714833,4.38,0.830860534125,-0.276243093923,2.39859370297,0.02
9447,192.4,145.8,137.824842105,4.6,14.1839762611,0.690607734807,3.25273038909,0.24
9448,168.6,143.4,125.070398149,4.24,0.0593471810089,-0.966850828729,-6.30237696994,-0.12
9449,161.3,143.5,138.648217105,4.47,-4.27299703264,-0.897790055249,3.86956923748,0.11
9450,198.1,144.2,144.551595951,4.6,17.5667655786,-0.414364640884,8.29213903749,0.24
9451,176.2,143.9,136.684714833,4.31,4.56973293769,-0.621546961326,2.39859370297,-0.05
9452,171,145.7,122.121664327,4.32,1.48367952522,0.621546961326,-8.51144765439,-0.04
9453,176,144.8,138.648217105,4.41,4.45103857567,0,3.86956923748,0.05
9454,170.2,145.1,125.070398149,4.47,1.00890207715,0.207182320442,-6.30237696994,0.11
9455,170.2,145.7,158.476199458,4.24,1.00890207715,0.621546961326,18.7238820361,-0.12
9456,156.1,146.1,128.393411802,4.3,-7.3590504451,0.897790055249,-3.81291115555,-0.06
9457,163.7,142.6,144.551595951,4.6,-2.84866468843,-1.51933701657,8.29213903749,0.24
9458,167.4,144.8,124.919575439,4.21,-0.652818991098,0,-6.4153671714,-0.15
9459,174.1,143.6,125.070398149,4.24,3.3234421365,-0.828729281768,-6.30237696994,-0.12
9460,164.6,144.5,124.919575439,4.27,-2.31454005935,-0.207182320442,-6.4153671714,-0.09
9461,190.9,142.8,144.551595951,4.38,13.293768546,-1.38121546961,8.29213903749,0.02
9462,171.8,143.3,144.551595951,4.23,1.95845697329,-1.03591160221,8.29213903749,-0.13
9463,173.2,145.1,137.824842105,4.38,2.78931750742,0.207182320442,3.25273038909,0.02
9464,166.2,144,122.121664327,4.47,-1.3649851632,-0.552486187845,-8.51144765439,0.11
9465,199.6,145.2,125.070398149,4.44,18.4569732938,0.276243093923,-6.30237696994,0.08
9466,168.2,141,125.070398149,4.45,-0.178041543027,-2.62430939227,-6.30237696994,0.09
9467,170.6,147.9,125.070398149,4.32,1.24629080119,2.1408839779,-6.30237696994,-0.04
9468,167.5,144.4,144.551595951,4.45,-0.593471810089,-0.276243093923,8.29213903749,0.09
9469,153.9,143.7,137.824842105,4.41,-8.6646884273,-0.759668508287,3.25273038909,0.05
9470,175.7,143.3,158.476199458,4.34,4.27299703264,-1.03591160221,18.7238820361,-0.02
9471,166.9,144.2,136.684714833,4.36,-0.949554896142,-0.414364640884,2.39859370297,0
9472,170.2,144.9,128.393411802,4.47,1.00890207715,0.0690607734807,-3.81291115555,0.11
9473,171.2,144.8,124.919575439,4.55,1.60237388724,0,-6.4153671714,0.19
9474,177.5,144,128.393411802,4.3,5.3412462908,-0.552486187845,-3.81291115555,-0.06
9475,163.7,144.5,136.684714833,4.29,-2.84866468843,-0.207182320442,2.39859370297,-0.07
9476,165.5,143.5,124.919575439,4.47,-1.78041543027,-0.897790055249,-6.4153671714,0.11
9477,162.2,144.6,158.476199458,4.32,-3.73887240356,-0.138121546961,18.7238820361,-0.04
9478,168.4,144.9,135.295494737,4.32,-0.0593471810089,0.0690607734807,1.35784686952,-0.04
9479,169.4,144.5,158.476199458,4.31,0.53412462908,-0.207182320442,18.7238820361,-0.05
9480,190.9,144.8,158.476199458,4.45,13.293768546,0,18.7238820361,0.09
9481,161.3,144.5,136.684714833,4.46,-4.27299703264,-0.207182320442,2.39859370297,0.1
9482,174.5,144.8,137.824842105,4.53,3.56083086053,0,3.25273038909,0.17
9483,167.8,144.8,124.919575439,4.6,-0.415430267062,0,-6.4153671714,0.24
9484,192.4,143.9,124.919575439,4.44,14.1839762611,-0.621546961326,-6.4153671714,0.08
9485,162.9,147.3,138.648217105,4.34,-3.3234421365,1.72651933702,3.86956923748,-0.02
9486,153.9,144.2,122.121664327,4.39,-8.6646884273,-0.414364640884,-8.51144765439,0.03
9487,170.1,144.8,137.824842105,4.53,0.949554896142,0,3.25273038909,0.17
9488,174.5,143.4,158.476199458,4.55,3.56083086053,-0.966850828729,18.7238820361,0.19
9489,167.8,143.7,135.295494737,4.6,-0.415430267062,-0.759668508287,1.35784686952,0.24
9490,168.3,145.2,122.121664327,4.35,-0.118694362018,0.276243093923,-8.51144765439,-0.01
9491,167.8,144,122.121664327,4.32,-0.415430267062,-0.552486187845,-8.51144765439,-0.04
9492,169.2,144.2,125.070398149,4.27,0.415430267062,-0.414364640884,-6.30237696994,-0.09
9493,169.9,144.4,135.295494737,4.46,0.830860534125,-0.276243093923,1.35784686952,0.1
9494,167.8,144.3,137.824842105,4.24,-0.415430267062,-0.345303867403,3.25273038909,-0.12
9495,167.1,144.8,137.824842105,4.27,-0.830860534125,0,3.25273038909,-0.09
9496,173.2,147.1,138.648217105,4.46,2.78931750742,1.58839779006,3.86956923748,0.1
9497,164.5,144.3,125.070398149,4.44,-2.37388724036,-0.345303867403,-6.30237696994,0.08
9498,169.4,145.2,124.919575439,4.46,0.53412462908,0.276243093923,-6.4153671714,0.1
9499,185.7,147.3,137.824842105,4.38,10.2077151335,1.72651933702,3.25273038909,0.02
9500,164.6,143.9,137.824842105,4.31,-2.31454005935,-0.621546961326,3.25273038909,-0.05
9501,165.4,143.9,136.684714833,4.36,-1.83976261128,-0.621546961326,2.39859370297,0
9502,169.4,144.9,158.476199458,4.31,0.53412462908,0.0690607734807,18.7238820361,-0.05
9503,160.6,144.2,144.551595951,4.21,-4.6884272997,-0.414364640884,8.29213903749,-0.15
9504,164.3,144.8,135.295494737,4.46,-2.49258160237,0,1.35784686952,0.1
9505,161.7,145.2,128.393411802,4.27,-4.03560830861,0.276243093923,-3.81291115555,-0.09
9506,174.5,143.7,135.295494737,4.36,3.56083086053,-0.759668508287,1.35784686952,0
9507,170.1,145.2,124.919575439,4.29,0.949554896142,0.276243093923,-6.4153671714,-0.07
9508,168.6,144.5,135.295494737,4.3,0.0593471810089,-0.207182320442,1.35784686952,-0.06
9509,176,146.3,144.551595951,4.53,4.45103857567,1.03591160221,8.29213903749,0.17
9510,166.4,144.8,122.121664327,4.32,-1.24629080119,0,-8.51144765439,-0.04
9511,169.4,144.9,135.295494737,4.32,0.53412462908,0.0690607734807,1.35784686952,-0.04
9512,168.4,147.1,124.919575439,4.34,-0.0593471810089,1.58839779006,-6.4153671714,-0.02
9513,168.6,145.2,122.121664327,4.36,0.0593471810089,0.276243093923,-8.51144765439,0
9514,160.6,144,128.393411802,4.36,-4.6884272997,-0.552486187845,-3.81291115555,0
9515,170.1,143.5,124.919575439,4.27,0.949554896142,-0.897790055249,-6.4153671714,-0.09
9516,168.6,148.6,137.824842105,4.42,0.0593471810089,2.62430939227,3.25273038909,0.06
9517,163.7,147.9,125.070398149,4.27,-2.84866468843,2.1408839779,-6.30237696994,-0.09
9518,175.7,144.8,124.919575439,4.6,4.27299703264,0,-6.4153671714,0.24
9519,156.1,143.9,125.070398149,4.3,-7.3590504451,-0.621546961326,-6.30237696994,-0.06
9520,167.5,144.4,128.393411802,4.3,-0.593471810089,-0.276243093923,-3.81291115555,-0.06
9521,160.6,145.5,137.824842105,4.35,-4.6884272997,0.483425414365,3.25273038909,-0.01
9522,163.7,148.6,135.295494737,4.36,-2.84866468843,2.62430939227,1.35784686952,0
9523,171.2,144.6,135.295494737,4.29,1.60237388724,-0.138121546961,1.35784686952,-0.07
9524,167.6,144.9,128.393411802,4.42,-0.53412462908,0.0690607734807,-3.81291115555,0.06
9525,173.3,144.5,158.476199458,4.38,2.84866468843,-0.207182320442,18.7238820361,0.02
9526,167.5,144.8,125.070398149,4.3,-0.593471810089,0,-6.30237696994,-0.06
9527,165.7,143.4,125.070398149,4.44,-1.66172106825,-0.966850828729,-6.30237696994,0.08
9528,167.8,144.3,138.648217105,4.29,-0.415430267062,-0.345303867403,3.86956923748,-0.07
9529,166.2,143.4,135.295494737,4.24,-1.3649851632,-0.966850828729,1.35784686952,-0.12
9530,161.3,144.8,135.295494737,4.55,-4.27299703264,0,1.35784686952,0.19
9531,168.6,144.4,137.824842105,4.21,0.0593471810089,-0.276243093923,3.25273038909,-0.15
9532,199.6,144.5,135.295494737,4.41,18.4569732938,-0.207182320442,1.35784686952,0.05
9533,168.7,146.3,138.648217105,4.35,0.118694362018,1.03591160221,3.86956923748,-0.01
9534,171.2,144.8,125.070398149,4.45,1.60237388724,0,-6.30237696994,0.09
9535,161.6,144.1,158.476199458,4.44,-4.09495548961,-0.483425414365,18.7238820361,0.08
9536,161.6,141.4,122.121664327,4.44,-4.09495548961,-2.34806629834,-8.51144765439,0.08
9537,168.3,144.4,138.648217105,4.53,-0.118694362018,-0.276243093923,3.86956923748,0.17
9538,167.5,147.9,122.121664327,4.35,-0.593471810089,2.1408839779,-8.51144765439,-0.01
9539,170.2,145.1,125.070398149,4.29,1.00890207715,0.207182320442,-6.30237696994,-0.07
9540,172.4,148,135.295494737,4.3,2.31454005935,2.20994475138,1.35784686952,-0.06
9541,162.9,144,135.295494737,4.55,-3.3234421365,-0.552486187845,1.35784686952,0.19
9542,167.8,144.8,125.070398149,4.42,-0.415430267062,0,-6.30237696994,0.06
9543,166.4,147.3,122.121664327,4.34,-1.24629080119,1.72651933702,-8.51144765439,-0.02
9544,168.6,144.2,135.295494737,4.34,0.0593471810089,-0.414364640884,1.35784686952,-0.02
9545,168.2,144.9,135.295494737,4.27,-0.178041543027,0.0690607734807,1.35784686952,-0.09
9546,165,143.2,137.824842105,4.45,-2.07715133531,-1.10497237569,3.25273038909,0.09
9547,169.4,144.6,136.684714833,4.34,0.53412462908,-0.138121546961,2.39859370297,-0.02
9548,170.6,144.2,137.824842105,4.35,1.24629080119,-0.414364640884,3.25273038909,-0.01
9549,170.2,141.4,137.824842105,4.6,1.00890207715,-2.34806629834,3.25273038909,0.24
9550,168.6,143.3,158.476199458,4.21,0.0593471810089,-1.03591160221,18.7238820361,-0.15
9551,168.7,145.2,124.919575439,4.3,0.118694362018,0.276243093923,-6.4153671714,-0.06
9552,164.6,144.4,138.648217105,4.3,-2.31454005935,-0.276243093923,3.86956923748,-0.06
9553,164.5,142.6,144.551595951,4.3,-2.37388724036,-1.51933701657,8.29213903749,-0.06
9554,169.3,148.6,128.393411802,4.31,0.474777448071,2.62430939227,-3.81291115555,-0.05
9555,169.4,143.2,135.295494737,4.41,0.53412462908,-1.10497237569,1.35784686952,0.05
9556,174.3,143.6,158.476199458,4.41,3.44213649852,-0.828729281768,18.7238820361,0.05
9557,169.3,143.5,135.295494737,4.32,0.474777448071,-0.897790055249,1.35784686952,-0.04
9558,174.4,146.1,158.476199458,4.32,3.50148367953,0.897790055249,18.7238820361,-0.04
9559,170.2,142.6,125.070398149,4.3,1.00890207715,-1.51933701657,-6.30237696994,-0.06
9560,165.5,143.5,128.393411802,4.27,-1.78041543027,-0.897790055249,-3.81291115555,-0.09
9561,164.5,144.9,135.295494737,4.36,-2.37388724036,0.0690607734807,1.35784686952,0
9562,175.7,143.5,144.551595951,4.46,4.27299703264,-0.897790055249,8.29213903749,0.1
9563,174.3,146.1,144.551595951,4.29,3.44213649852,0.897790055249,8.29213903749,-0.07
9564,170.2,143.4,122.121664327,4.24,1.00890207715,-0.966850828729,-8.51144765439,-0.12
9565,164.6,146.3,136.684714833,4.34,-2.31454005935,1.03591160221,2.39859370297,-0.02
9566,170.2,144.8,144.551595951,4.39,1.00890207715,0,8.29213903749,0.03
9567,165.4,145.7,122.121664327,4.41,-1.83976261128,0.621546961326,-8.51144765439,0.05
9568,166.1,143.6,137.824842105,4.41,-1.42433234421,-0.828729281768,3.25273038909,0.05
9569,199.9,144,136.684714833,4.39,18.6350148368,-0.552486187845,2.39859370297,0.03
9570,173,145.1,137.824842105,4.41,2.6706231454,0.207182320442,3.25273038909,0.05
9571,163.7,144.4,136.684714833,4.27,-2.84866468843,-0.276243093923,2.39859370297,-0.09
9572,176.6,144.5,135.295494737,4.29,4.80712166172,-0.207182320442,1.35784686952,-0.07
9573,162.6,144.8,138.648217105,4.24,-3.50148367953,0,3.86956923748,-0.12
9574,174.1,144.5,136.684714833,4.46,3.3234421365,-0.207182320442,2.39859370297,0.1
9575,164.8,144.4,137.824842105,4.53,-2.19584569733,-0.276243093923,3.25273038909,0.17
9576,168.3,144,135.295494737,4.39,-0.118694362018,-0.552486187845,1.35784686952,0.03
9577,176,143.3,124.919575439,4.29,4.45103857567,-1.03591160221,-6.4153671714,-0.07
9578,199.9,144.5,125.070398149,4.38,18.6350148368,-0.207182320442,-6.30237696994,0.02
9579,170.2,141,135.295494737,4.23,1.00890207715,-2.62430939227,1.35784686952,-0.13
9580,167.9,147.9,125.070398149,4.53,-0.356083086053,2.1408839779,-6.30237696994,0.17
9581,176,143.2,122.121664327,4.24,4.45103857567,-1.10497237569,-8.51144765439,-0.12
9582,161.7,142.6,124.919575439,4.23,-4.03560830861,-1.51933701657,-6.4153671714,-0.13
9583,170.2,145.2,125.070398149,4.44,1.00890207715,0.276243093923,-6.30237696994,0.08
9584,162.6,145.2,136.684714833,4.36,-3.50148367953,0.276243093923,2.39859370297,0
9585,164.3,144.8,124.919575439,4.53,-2.49258160237,0,-6.4153671714,0.17
9586,173,144.8,125.070398149,4.36,2.6706231454,0,-6.30237696994,0
9587,170.3,144.8,125.070398149,4.41,1.06824925816,0,-6.30237696994,0.05
9588,169.8,144.2,128.393411802,4.27,0.771513353116,-0.414364640884,-3.81291115555,-0.09
9589,174.3,145.1,137.824842105,4.32,3.44213649852,0.207182320442,3.25273038909,-0.04
9590,170,143.2,125.070398149,4.53,0.890207715134,-1.10497237569,-6.30237696994,0.17
9591,171.8,143.6,128.393411802,4.32,1.95845697329,-0.828729281768,-3.81291115555,-0.04
9592,169.2,143.5,138.648217105,4.3,0.415430267062,-0.897790055249,3.86956923748,-0.06
9593,164.8,144.2,124.919575439,4.34,-2.19584569733,-0.414364640884,-6.4153671714,-0.02
9594,158.9,145.1,125.070398149,4.47,-5.69732937685,0.207182320442,-6.30237696994,0.11
9595,161.6,148,125.070398149,4.34,-4.09495548961,2.20994475138,-6.30237696994,-0.02
9596,190.9,144.9,136.684714833,4.32,13.293768546,0.0690607734807,2.39859370297,-0.04
9597,176,143.9,124.919575439,4.24,4.45103857567,-0.621546961326,-6.4153671714,-0.12
9598,169.4,144.7,137.824842105,4.35,0.53412462908,-0.0690607734807,3.25273038909,-0.01
9599,165.7,143.4,122.121664327,4.39,-1.66172106825,-0.966850828729,-8.51144765439,0.03
9600,153.9,141.4,125.070398149,4.36,-8.6646884273,-2.34806629834,-6.30237696994,0
9601,166.2,144.6,144.551595951,4.45,-1.3649851632,-0.138121546961,8.29213903749,0.09
9602,146.7,144.9,125.070398149,4.3,-12.9376854599,0.0690607734807,-6.30237696994,-0.06
9603,173.3,147.3,137.824842105,4.46,2.84866468843,1.72651933702,3.25273038909,0.1
9604,167.9,144,122.121664327,4.27,-0.356083086053,-0.552486187845,-8.51144765439,-0.09
9605,165.4,144.4,128.393411802,4.27,-1.83976261128,-0.276243093923,-3.81291115555,-0.09
9606,169.2,143.2,136.684714833,4.39,0.415430267062,-1.10497237569,2.39859370297,0.03
9607,169.4,145.2,124.919575439,4.24,0.53412462908,0.276243093923,-6.4153671714,-0.12
9608,161.6,147.9,122.121664327,4.42,-4.09495548961,2.1408839779,-8.51144765439,0.06
9609,167.8,147.3,135.295494737,4.45,-0.415430267062,1.72651933702,1.35784686952,0.09
9610,162.6,148,125.070398149,4.27,-3.50148367953,2.20994475138,-6.30237696994,-0.09
9611,163.7,144.4,138.648217105,4.41,-2.84866468843,-0.276243093923,3.86956923748,0.05
9612,165,143.2,122.121664327,4.46,-2.07715133531,-1.10497237569,-8.51144765439,0.1
9613,166.9,145.2,137.824842105,4.31,-0.949554896142,0.276243093923,3.25273038909,-0.05
9614,170.1,145.7,125.070398149,4.47,0.949554896142,0.621546961326,-6.30237696994,0.11
9615,192.4,143.5,135.295494737,4.3,14.1839762611,-0.897790055249,1.35784686952,-0.06
9616,169.8,143.7,128.393411802,4.27,0.771513353116,-0.759668508287,-3.81291115555,-0.09
9617,176.6,144,135.295494737,4.23,4.80712166172,-0.552486187845,1.35784686952,-0.13
9618,174.3,144.6,135.295494737,4.47,3.44213649852,-0.138121546961,1.35784686952,0.11
9619,176,143.4,138.648217105,4.38,4.45103857567,-0.966850828729,3.86956923748,0.02
9620,164.6,144.4,122.121664327,4.24,-2.31454005935,-0.276243093923,-8.51144765439,-0.12
9621,161.3,143.7,128.393411802,4.38,-4.27299703264,-0.759668508287,-3.81291115555,0.02
9622,165.7,144.5,138.648217105,4.32,-1.66172106825,-0.207182320442,3.86956923748,-0.04
9623,167.6,145.1,137.824842105,4.32,-0.53412462908,0.207182320442,3.25273038909,-0.04
9624,174.6,143.7,158.476199458,4.3,3.62017804154,-0.759668508287,18.7238820361,-0.06
9625,198.1,144.8,122.121664327,4.45,17.5667655786,0,-8.51144765439,0.09
9626,171.8,145.2,144.551595951,4.31,1.95845697329,0.276243093923,8.29213903749,-0.05
9627,199.9,145.2,124.919575439,4.35,18.6350148368,0.276243093923,-6.4153671714,-0.01
9628,168.7,143.3,135.295494737,4.3,0.118694362018,-1.03591160221,1.35784686952,-0.06
9629,167.8,144.6,137.824842105,4.47,-0.415430267062,-0.138121546961,3.25273038909,0.11
9630,171.2,141,138.648217105,4.3,1.60237388724,-2.62430939227,3.86956923748,-0.06
9631,169.8,143.7,136.684714833,4.6,0.771513353116,-0.759668508287,2.39859370297,0.24
9632,167.8,145.2,124.919575439,4.55,-0.415430267062,0.276243093923,-6.4153671714,0.19
9633,174.6,144.3,137.824842105,4.41,3.62017804154,-0.345303867403,3.25273038909,0.05
9634,162.9,144.4,124.919575439,4.38,-3.3234421365,-0.276243093923,-6.4153671714,0.02
9635,165.4,144,125.070398149,4.53,-1.83976261128,-0.552486187845,-6.30237696994,0.17
9636,173.2,143.4,138.648217105,4.24,2.78931750742,-0.966850828729,3.86956923748,-0.12
9637,176.6,146.3,138.648217105,4.3,4.80712166172,1.03591160221,3.86956923748,-0.06
9638,164.5,144.5,128.393411802,4.3,-2.37388724036,-0.207182320442,-3.81291115555,-0.06
9639,168.4,148,137.824842105,4.35,-0.0593471810089,2.20994475138,3.25273038909,-0.01
9640,170.2,144.5,144.551595951,4.44,1.00890207715,-0.207182320442,8.29213903749,0.08
9641,167.6,143.7,136.684714833,4.3,-0.53412462908,-0.759668508287,2.39859370297,-0.06
9642,176.2,147.1,136.684714833,4.27,4.56973293769,1.58839779006,2.39859370297,-0.09
9643,177.5,144.1,125.070398149,4.31,5.3412462908,-0.483425414365,-6.30237696994,-0.05
9644,170.2,146.3,122.121664327,4.44,1.00890207715,1.03591160221,-8.51144765439,0.08
9645,169.4,143.5,125.070398149,4.44,0.53412462908,-0.897790055249,-6.30237696994,0.08
9646,192.4,144.7,135.295494737,4.21,14.1839762611,-0.0690607734807,1.35784686952,-0.15
9647,169.2,142.8,125.070398149,4.44,0.415430267062,-1.38121546961,-6.30237696994,0.08
9648,165.7,143.5,144.551595951,4.53,-1.66172106825,-0.897790055249,8.29213903749,0.17
9649,174.1,143.3,125.070398149,4.41,3.3234421365,-1.03591160221,-6.30237696994,0.05
9650,168.2,143.9,125.070398149,4.27,-0.178041543027,-0.621546961326,-6.30237696994,-0.09
9651,169.4,145.1,158.476199458,4.35,0.53412462908,0.207182320442,18.7238820361,-0.01
9652,164.5,144.9,137.824842105,4.47,-2.37388724036,0.0690607734807,3.25273038909,0.11
9653,161.3,146.9,124.919575439,4.35,-4.27299703264,1.45027624309,-6.4153671714,-0.01
9654,169.2,144.9,144.551595951,4.34,0.415430267062,0.0690607734807,8.29213903749,-0.02
9655,176.2,144.8,124.919575439,4.21,4.56973293769,0,-6.4153671714,-0.15
9656,176.6,144,158.476199458,4.46,4.80712166172,-0.552486187845,18.7238820361,0.1
9657,167.4,144.5,138.648217105,4.34,-0.652818991098,-0.207182320442,3.86956923748,-0.02
9658,164.5,144.2,158.476199458,4.39,-2.37388724036,-0.414364640884,18.7238820361,0.03
9659,166.9,145.2,124.919575439,4.39,-0.949554896142,0.276243093923,-6.4153671714,0.03
9660,170.1,143.4,125.070398149,4.44,0.949554896142,-0.966850828729,-6.30237696994,0.08
9661,165.4,144.6,124.919575439,4.44,-1.83976261128,-0.138121546961,-6.4153671714,0.08
9662,167.8,144.2,158.476199458,4.53,-0.415430267062,-0.414364640884,18.7238820361,0.17
9663,167.4,145.2,158.476199458,4.38,-0.652818991098,0.276243093923,18.7238820361,0.02
9664,166.4,143.9,158.476199458,4.35,-1.24629080119,-0.621546961326,18.7238820361,-0.01
9665,166.2,142.6,158.476199458,4.24,-1.3649851632,-1.51933701657,18.7238820361,-0.12
9666,168.2,143.9,138.648217105,4.29,-0.178041543027,-0.621546961326,3.86956923748,-0.07
9667,174.5,144.2,128.393411802,4.29,3.56083086053,-0.414364640884,-3.81291115555,-0.07
9668,168.4,144.6,137.824842105,4.44,-0.0593471810089,-0.138121546961,3.25273038909,0.08
9669,169.2,146.1,136.684714833,4.41,0.415430267062,0.897790055249,2.39859370297,0.05
9670,170.1,144.5,144.551595951,4.55,0.949554896142,-0.207182320442,8.29213903749,0.19
9671,168.6,145.5,137.824842105,4.41,0.0593471810089,0.483425414365,3.25273038909,0.05
9672,173.3,145.5,122.121664327,4.41,2.84866468843,0.483425414365,-8.51144765439,0.05
9673,164.5,148,124.919575439,4.24,-2.37388724036,2.20994475138,-6.4153671714,-0.12
9674,171.8,144.1,128.393411802,4.55,1.95845697329,-0.483425414365,-3.81291115555,0.19
9675,169.2,143.5,122.121664327,4.3,0.415430267062,-0.897790055249,-8.51144765439,-0.06
9676,174.5,144.3,136.684714833,4.39,3.56083086053,-0.345303867403,2.39859370297,0.03
9677,169.2,144.8,135.295494737,4.23,0.415430267062,0,1.35784686952,-0.13
9678,160.6,143.9,125.070398149,4.41,-4.6884272997,-0.621546961326,-6.30237696994,0.05
9679,164.5,143.6,158.476199458,4.6,-2.37388724036,-0.828729281768,18.7238820361,0.24
9680,159.8,146.9,158.476199458,4.27,-5.16320474777,1.45027624309,18.7238820361,-0.09
9681,170.2,145.7,128.393411802,4.3,1.00890207715,0.621546961326,-3.81291115555,-0.06
9682,170.2,144.3,137.824842105,4.46,1.00890207715,-0.345303867403,3.25273038909,0.1
9683,174.5,146.3,136.684714833,4.31,3.56083086053,1.03591160221,2.39859370297,-0.05
9684,173,145.7,135.295494737,4.34,2.6706231454,0.621546961326,1.35784686952,-0.02
9685,167.5,144.5,138.648217105,4.34,-0.593471810089,-0.207182320442,3.86956923748,-0.02
9686,164.3,144.9,125.070398149,4.24,-2.49258160237,0.0690607734807,-6.30237696994,-0.12
9687,169.2,145.2,137.824842105,4.3,0.415430267062,0.276243093923,3.25273038909,-0.06
9688,170.1,144.9,125.070398149,4.6,0.949554896142,0.0690607734807,-6.30237696994,0.24
9689,167.1,143.8,144.551595951,4.35,-0.830860534125,-0.690607734807,8.29213903749,-0.01
9690,156.1,143.8,136.684714833,4.53,-7.3590504451,-0.690607734807,2.39859370297,0.17
9691,198.1,143.7,124.919575439,4.47,17.5667655786,-0.759668508287,-6.4153671714,0.11
9692,176,145.2,137.824842105,4.36,4.45103857567,0.276243093923,3.25273038909,0
9693,170.2,145.7,137.824842105,4.35,1.00890207715,0.621546961326,3.25273038909,-0.01
9694,170.3,144.4,138.648217105,4.3,1.06824925816,-0.276243093923,3.86956923748,-0.06
9695,159.8,143.3,122.121664327,4.46,-5.16320474777,-1.03591160221,-8.51144765439,0.1
9696,161.7,143.6,135.295494737,4.23,-4.03560830861,-0.828729281768,1.35784686952,-0.13
9697,168.2,144.5,124.919575439,4.32,-0.178041543027,-0.207182320442,-6.4153671714,-0.04
9698,170.2,143.8,136.684714833,4.31,1.00890207715,-0.690607734807,2.39859370297,-0.05
9699,176.6,144.7,128.393411802,4.36,4.80712166172,-0.0690607734807,-3.81291115555,0
9700,167.8,144.8,138.648217105,4.44,-0.415430267062,0,3.86956923748,0.08
9701,174.3,145.2,128.393411802,4.38,3.44213649852,0.276243093923,-3.81291115555,0.02
9702,163.7,144.9,136.684714833,4.21,-2.84866468843,0.0690607734807,2.39859370297,-0.15
9703,169.9,144.5,136.684714833,4.47,0.830860534125,-0.207182320442,2.39859370297,0.11
9704,171.2,143.7,122.121664327,4.32,1.60237388724,-0.759668508287,-8.51144765439,-0.04
9705,164.8,145.5,122.121664327,4.41,-2.19584569733,0.483425414365,-8.51144765439,0.05
9706,168.2,141.6,144.551595951,4.47,-0.178041543027,-2.20994475138,8.29213903749,0.11
9707,166.2,144.6,124.919575439,4.53,-1.3649851632,-0.138121546961,-6.4153671714,0.17
9708,169.3,144,138.648217105,4.55,0.474777448071,-0.552486187845,3.86956923748,0.19
9709,176.6,146.3,138.648217105,4.34,4.80712166172,1.03591160221,3.86956923748,-0.02
9710,177.5,144.4,124.919575439,4.42,5.3412462908,-0.276243093923,-6.4153671714,0.06
9711,169.4,144.9,144.551595951,4.6,0.53412462908,0.0690607734807,8.29213903749,0.24
9712,171.2,147.5,124.919575439,4.3,1.60237388724,1.86464088398,-6.4153671714,-0.06
9713,170.1,144.2,137.824842105,4.32,0.949554896142,-0.414364640884,3.25273038909,-0.04
9714,174.4,143.8,125.070398149,4.34,3.50148367953,-0.690607734807,-6.30237696994,-0.02
9715,166.9,143.4,122.121664327,4.6,-0.949554896142,-0.966850828729,-8.51144765439,0.24
9716,192.4,144.4,125.070398149,4.45,14.1839762611,-0.276243093923,-6.30237696994,0.09
9717,170.8,144.5,122.121664327,4.41,1.3649851632,-0.207182320442,-8.51144765439,0.05
9718,167.5,144.4,138.648217105,4.44,-0.593471810089,-0.276243093923,3.86956923748,0.08
9719,169.2,144.6,136.684714833,4.35,0.415430267062,-0.138121546961,2.39859370297,-0.01
9720,165,141,135.295494737,4.36,-2.07715133531,-2.62430939227,1.35784686952,0
9721,167.8,141.4,124.919575439,4.38,-0.415430267062,-2.34806629834,-6.4153671714,0.02
9722,199.6,143.5,125.070398149,4.41,18.4569732938,-0.897790055249,-6.30237696994,0.05
9723,168.6,143.9,144.551595951,4.46,0.0593471810089,-0.621546961326,8.29213903749,0.1
9724,171.8,143.5,158.476199458,4.29,1.95845697329,-0.897790055249,18.7238820361,-0.07
9725,164.6,141,136.684714833,4.29,-2.31454005935,-2.62430939227,2.39859370297,-0.07
9726,166.9,143.8,137.824842105,4.44,-0.949554896142,-0.690607734807,3.25273038909,0.08
9727,167.9,144.9,144.551595951,4.46,-0.356083086053,0.0690607734807,8.29213903749,0.1
9728,164.5,144.6,124.919575439,4.31,-2.37388724036,-0.138121546961,-6.4153671714,-0.05
9729,170.6,144.8,136.684714833,4.31,1.24629080119,0,2.39859370297,-0.05
9730,171,147.9,128.393411802,4.42,1.48367952522,2.1408839779,-3.81291115555,0.06
9731,168.3,146.9,125.070398149,4.46,-0.118694362018,1.45027624309,-6.30237696994,0.1
9732,174.3,144.3,128.393411802,4.34,3.44213649852,-0.345303867403,-3.81291115555,-0.02
9733,171.8,144,144.551595951,4.36,1.95845697329,-0.552486187845,8.29213903749,0
9734,161.3,144.8,122.121664327,4.24,-4.27299703264,0,-8.51144765439,-0.12
9735,174.5,145.5,135.295494737,4.27,3.56083086053,0.483425414365,1.35784686952,-0.09
9736,198.1,145.2,144.551595951,4.27,17.5667655786,0.276243093923,8.29213903749,-0.09
9737,163.7,144.4,144.551595951,4.35,-2.84866468843,-0.276243093923,8.29213903749,-0.01
9738,167.4,148,125.070398149,4.3,-0.652818991098,2.20994475138,-6.30237696994,-0.06
9739,190.9,144.4,128.393411802,4.32,13.293768546,-0.276243093923,-3.81291115555,-0.04
9740,168.4,144.5,128.393411802,4.27,-0.0593471810089,-0.207182320442,-3.81291115555,-0.09
9741,163.3,145.2,144.551595951,4.36,-3.08605341246,0.276243093923,8.29213903749,0
9742,165,144.1,135.295494737,4.39,-2.07715133531,-0.483425414365,1.35784686952,0.03
9743,166.1,146.1,124.919575439,4.53,-1.42433234421,0.897790055249,-6.4153671714,0.17
9744,168.6,144.5,138.648217105,4.32,0.0593471810089,-0.207182320442,3.86956923748,-0.04
9745,167.1,144.8,128.393411802,4.41,-0.830860534125,0,-3.81291115555,0.05
9746,176,143.4,125.070398149,4.35,4.45103857567,-0.966850828729,-6.30237696994,-0.01
9747,164.5,143.4,158.476199458,4.47,-2.37388724036,-0.966850828729,18.7238820361,0.11
9748,172.4,143.4,128.393411802,4.31,2.31454005935,-0.966850828729,-3.81291115555,-0.05
9749,176.2,144.9,158.476199458,4.47,4.56973293769,0.0690607734807,18.7238820361,0.11
9750,160.6,146.3,136.684714833,4.27,-4.6884272997,1.03591160221,2.39859370297,-0.09
9751,162.9,144,138.648217105,4.27,-3.3234421365,-0.552486187845,3.86956923748,-0.09
9752,169.4,146.9,125.070398149,4.32,0.53412462908,1.45027624309,-6.30237696994,-0.04
9753,170.8,144.8,137.824842105,4.34,1.3649851632,0,3.25273038909,-0.02
9754,161.6,146.1,125.070398149,4.3,-4.09495548961,0.897790055249,-6.30237696994,-0.06
9755,164.5,146.1,124.919575439,4.35,-2.37388724036,0.897790055249,-6.4153671714,-0.01
9756,161.3,144.5,158.476199458,4.41,-4.27299703264,-0.207182320442,18.7238820361,0.05
9757,160.6,144.5,138.648217105,4.39,-4.6884272997,-0.207182320442,3.86956923748,0.03
9758,170.8,142.8,158.476199458,4.55,1.3649851632,-1.38121546961,18.7238820361,0.19
9759,164.5,143.5,138.648217105,4.42,-2.37388724036,-0.897790055249,3.86956923748,0.06
9760,163.3,146.9,158.476199458,4.32,-3.08605341246,1.45027624309,18.7238820361,-0.04
9761,190.9,145.1,144.551595951,4.38,13.293768546,0.207182320442,8.29213903749,0.02
9762,164.5,143.2,137.824842105,4.47,-2.37388724036,-1.10497237569,3.25273038909,0.11
9763,170.2,144,137.824842105,4.3,1.00890207715,-0.552486187845,3.25273038909,-0.06
9764,170.2,144.8,136.684714833,4.29,1.00890207715,0,2.39859370297,-0.07
9765,170.1,144.6,128.393411802,4.6,0.949554896142,-0.138121546961,-3.81291115555,0.24
9766,173,144.9,124.919575439,4.38,2.6706231454,0.0690607734807,-6.4153671714,0.02
9767,168.2,144.8,136.684714833,4.35,-0.178041543027,0,2.39859370297,-0.01
9768,174.4,144.5,122.121664327,4.41,3.50148367953,-0.207182320442,-8.51144765439,0.05
9769,170.8,143.4,137.824842105,4.39,1.3649851632,-0.966850828729,3.25273038909,0.03
9770,163.7,147.9,136.684714833,4.6,-2.84866468843,2.1408839779,2.39859370297,0.24
9771,174.4,147.5,136.684714833,4.35,3.50148367953,1.86464088398,2.39859370297,-0.01
9772,174.5,144.6,144.551595951,4.47,3.56083086053,-0.138121546961,8.29213903749,0.11
9773,170.1,147.3,138.648217105,4.3,0.949554896142,1.72651933702,3.86956923748,-0.06
9774,153.9,143.3,158.476199458,4.36,-8.6646884273,-1.03591160221,18.7238820361,0
9775,174.6,144.8,144.551595951,4.45,3.62017804154,0,8.29213903749,0.09
9776,170.1,143.3,136.684714833,4.6,0.949554896142,-1.03591160221,2.39859370297,0.24
9777,176,144.2,138.648217105,4.41,4.45103857567,-0.414364640884,3.86956923748,0.05
9778,173.2,143.9,158.476199458,4.41,2.78931750742,-0.621546961326,18.7238820361,0.05
9779,165.5,143.8,137.824842105,4.38,-1.78041543027,-0.690607734807,3.25273038909,0.02
9780,167.8,144.6,125.070398149,4.29,-0.415430267062,-0.138121546961,-6.30237696994,-0.07
9781,163.3,143.3,125.070398149,4.24,-3.08605341246,-1.03591160221,-6.30237696994,-0.12
9782,167.6,146.3,136.684714833,4.46,-0.53412462908,1.03591160221,2.39859370297,0.1
9783,167.6,144.2,158.476199458,4.47,-0.53412462908,-0.414364640884,18.7238820361,0.11
9784,172.4,145.1,124.919575439,4.27,2.31454005935,0.207182320442,-6.4153671714,-0.09
9785,165.7,145.2,137.824842105,4.39,-1.66172106825,0.276243093923,3.25273038909,0.03
9786,167.8,144.9,136.684714833,4.44,-0.415430267062,0.0690607734807,2.39859370297,0.08
9787,161.6,144.8,158.476199458,4.6,-4.09495548961,0,18.7238820361,0.24
9788,192.4,147.3,124.919575439,4.6,14.1839762611,1.72651933702,-6.4153671714,0.24
9789,171,144.9,128.393411802,4.47,1.48367952522,0.0690607734807,-3.81291115555,0.11
9790,170.6,143.8,138.648217105,4.3,1.24629080119,-0.690607734807,3.86956923748,-0.06
9791,192.4,145.2,144.551595951,4.44,14.1839762611,0.276243093923,8.29213903749,0.08
9792,163.7,145.2,158.476199458,4.53,-2.84866468843,0.276243093923,18.7238820361,0.17
9793,199.6,143.4,122.121664327,4.44,18.4569732938,-0.966850828729,-8.51144765439,0.08
9794,170.1,141.6,158.476199458,4.24,0.949554896142,-2.20994475138,18.7238820361,-0.12
9795,198.1,144.5,144.551595951,4.53,17.5667655786,-0.207182320442,8.29213903749,0.17
9796,170.2,144.6,158.476199458,4.32,1.00890207715,-0.138121546961,18.7238820361,-0.04
9797,168.6,145.2,144.551595951,4.47,0.0593471810089,0.276243093923,8.29213903749,0.11
9798,146.7,144,135.295494737,4.53,-12.9376854599,-0.552486187845,1.35784686952,0.17
9799,165.5,143.3,122.121664327,4.39,-1.78041543027,-1.03591160221,-8.51144765439,0.03
9800,169.9,148,158.476199458,4.21,0.830860534125,2.20994475138,18.7238820361,-0.15
9801,172.4,144.5,138.648217105,4.41,2.31454005935,-0.207182320442,3.86956923748,0.05
9802,174.4,144.5,138.648217105,4.27,3.50148367953,-0.207182320442,3.86956923748,-0.09
9803,165.7,144.4,135.295494737,4.29,-1.66172106825,-0.276243093923,1.35784686952,-0.07
9804,170.3,144.3,124.919575439,4.39,1.06824925816,-0.345303867403,-6.4153671714,0.03
9805,167.8,143.5,158.476199458,4.21,-0.415430267062,-0.897790055249,18.7238820361,-0.15
9806,161.3,145.8,128.393411802,4.29,-4.27299703264,0.690607734807,-3.81291115555,-0.07
9807,192.4,141,136.684714833,4.3,14.1839762611,-2.62430939227,2.39859370297,-0.06
9808,166.9,144.5,128.393411802,4.24,-0.949554896142,-0.207182320442,-3.81291115555,-0.12
9809,168.6,143.4,124.919575439,4.55,0.0593471810089,-0.966850828729,-6.4153671714,0.19
9810,167.4,144.5,124.919575439,4.36,-0.652818991098,-0.207182320442,-6.4153671714,0
9811,168.2,145.1,138.648217105,4.3,-0.178041543027,0.207182320442,3.86956923748,-0.06
9812,169.2,144,137.824842105,4.45,0.415430267062,-0.552486187845,3.25273038909,0.09
9813,165,144.3,137.824842105,4.6,-2.07715133531,-0.345303867403,3.25273038909,0.24
9814,169.9,143.9,128.393411802,4.21,0.830860534125,-0.621546961326,-3.81291115555,-0.15
9815,163.7,144.5,138.648217105,4.41,-2.84866468843,-0.207182320442,3.86956923748,0.05
9816,160.6,144.2,135.295494737,4.55,-4.6884272997,-0.414364640884,1.35784686952,0.19
9817,169.4,144.2,125.070398149,4.29,0.53412462908,-0.414364640884,-6.30237696994,-0.07
9818,163.7,143.3,122.121664327,4.6,-2.84866468843,-1.03591160221,-8.51144765439,0.24
9819,164.6,142.6,137.824842105,4.23,-2.31454005935,-1.51933701657,3.25273038909,-0.13
9820,174.6,144.8,125.070398149,4.3,3.62017804154,0,-6.30237696994,-0.06
9821,169.8,141.4,137.824842105,4.34,0.771513353116,-2.34806629834,3.25273038909,-0.02
9822,165.4,143.4,158.476199458,4.29,-1.83976261128,-0.966850828729,18.7238820361,-0.07
9823,174.6,143.9,144.551595951,4.29,3.62017804154,-0.621546961326,8.29213903749,-0.07
9824,173.3,147.9,122.121664327,4.36,2.84866468843,2.1408839779,-8.51144765439,0
9825,163.7,144.4,124.919575439,4.39,-2.84866468843,-0.276243093923,-6.4153671714,0.03
9826,169.9,143.3,125.070398149,4.46,0.830860534125,-1.03591160221,-6.30237696994,0.1
9827,199.9,145.2,136.684714833,4.3,18.6350148368,0.276243093923,2.39859370297,-0.06
9828,171.8,144.8,125.070398149,4.41,1.95845697329,0,-6.30237696994,0.05
9829,167.9,144,136.684714833,4.31,-0.356083086053,-0.552486187845,2.39859370297,-0.05
9830,160.6,147.3,135.295494737,4.3,-4.6884272997,1.72651933702,1.35784686952,-0.06
9831,153.9,145.7,124.919575439,4.44,-8.6646884273,0.621546961326,-6.4153671714,0.08
9832,171.8,144,144.551595951,4.34,1.95845697329,-0.552486187845,8.29213903749,-0.02
9833,169.2,144.4,158.476199458,4.21,0.415430267062,-0.276243093923,18.7238820361,-0.15
9834,167.1,142.6,138.648217105,4.21,-0.830860534125,-1.51933701657,3.86956923748,-0.15
9835,170.8,141.4,144.551595951,4.46,1.3649851632,-2.34806629834,8.29213903749,0.1
9836,167.3,144.5,135.295494737,4.41,-0.712166172107,-0.207182320442,1.35784686952,0.05
9837,168.4,140.4,125.070398149,4.42,-0.0593471810089,-3.03867403315,-6.30237696994,0.06
9838,161.6,148,137.824842105,4.41,-4.09495548961,2.20994475138,3.25273038909,0.05
9839,175.7,144.2,144.551595951,4.3,4.27299703264,-0.414364640884,8.29213903749,-0.06
9840,170.2,143.4,128.393411802,4.34,1.00890207715,-0.966850828729,-3.81291115555,-0.02
9841,166.1,141,124.919575439,4.35,-1.42433234421,-2.62430939227,-6.4153671714,-0.01
9842,156.1,144.5,137.824842105,4.23,-7.3590504451,-0.207182320442,3.25273038909,-0.13
9843,167.8,143.7,135.295494737,4.6,-0.415430267062,-0.759668508287,1.35784686952,0.24
9844,162.6,145.1,135.295494737,4.27,-3.50148367953,0.207182320442,1.35784686952,-0.09
9845,170.2,145.7,128.393411802,4.45,1.00890207715,0.621546961326,-3.81291115555,0.09
9846,167.5,144.5,138.648217105,4.29,-0.593471810089,-0.207182320442,3.86956923748,-0.07
9847,176.6,145.1,137.824842105,4.24,4.80712166172,0.207182320442,3.25273038909,-0.12
9848,174.3,145.2,138.648217105,4.42,3.44213649852,0.276243093923,3.86956923748,0.06
9849,168.2,144.9,144.551595951,4.32,-0.178041543027,0.0690607734807,8.29213903749,-0.04
9850,174.5,143.7,135.295494737,4.45,3.56083086053,-0.759668508287,1.35784686952,0.09
9851,162.9,141,158.476199458,4.29,-3.3234421365,-2.62430939227,18.7238820361,-0.07
9852,167.8,144,128.393411802,4.34,-0.415430267062,-0.552486187845,-3.81291115555,-0.02
9853,146.7,144.5,135.295494737,4.46,-12.9376854599,-0.207182320442,1.35784686952,0.1
9854,185.7,144.8,124.919575439,4.44,10.2077151335,0,-6.4153671714,0.08
9855,190.9,147.1,138.648217105,4.53,13.293768546,1.58839779006,3.86956923748,0.17
9856,163.3,143.8,137.824842105,4.34,-3.08605341246,-0.690607734807,3.25273038909,-0.02
9857,199.9,147.5,136.684714833,4.36,18.6350148368,1.86464088398,2.39859370297,0
9858,170.2,145.5,122.121664327,4.6,1.00890207715,0.483425414365,-8.51144765439,0.24
9859,199.6,144.4,137.824842105,4.45,18.4569732938,-0.276243093923,3.25273038909,0.09
9860,171.2,144.3,138.648217105,4.3,1.60237388724,-0.345303867403,3.86956923748,-0.06
9861,170.1,143.5,128.393411802,4.46,0.949554896142,-0.897790055249,-3.81291115555,0.1
9862,174.5,143.5,135.295494737,4.47,3.56083086053,-0.897790055249,1.35784686952,0.11
9863,199.9,144,124.919575439,4.6,18.6350148368,-0.552486187845,-6.4153671714,0.24
9864,176.6,144.9,125.070398149,4.34,4.80712166172,0.0690607734807,-6.30237696994,-0.02
9865,176,143.7,144.551595951,4.32,4.45103857567,-0.759668508287,8.29213903749,-0.04
9866,170.3,144.5,137.824842105,4.3,1.06824925816,-0.207182320442,3.25273038909,-0.06
9867,162.2,144.2,124.919575439,4.45,-3.73887240356,-0.414364640884,-6.4153671714,0.09
9868,165.7,144,124.919575439,4.32,-1.66172106825,-0.552486187845,-6.4153671714,-0.04
9869,170.6,146.9,158.476199458,4.32,1.24629080119,1.45027624309,18.7238820361,-0.04
9870,158.9,145.2,138.648217105,4.39,-5.69732937685,0.276243093923,3.86956923748,0.03
9871,199.9,143.8,138.648217105,4.46,18.6350148368,-0.690607734807,3.86956923748,0.1
9872,168.4,147.5,124.919575439,4.36,-0.0593471810089,1.86464088398,-6.4153671714,0
9873,167.5,143.4,128.393411802,4.6,-0.593471810089,-0.966850828729,-3.81291115555,0.24
9874,166.1,144.4,136.684714833,4.45,-1.42433234421,-0.276243093923,2.39859370297,0.09
9875,163.7,144,158.476199458,4.41,-2.84866468843,-0.552486187845,18.7238820361,0.05
9876,176,144.6,158.476199458,4.35,4.45103857567,-0.138121546961,18.7238820361,-0.01
9877,168.2,143.2,122.121664327,4.6,-0.178041543027,-1.10497237569,-8.51144765439,0.24
9878,176,144.8,138.648217105,4.38,4.45103857567,0,3.86956923748,0.02
9879,199.6,144.4,158.476199458,4.45,18.4569732938,-0.276243093923,18.7238820361,0.09
9880,176.6,144,158.476199458,4.23,4.80712166172,-0.552486187845,18.7238820361,-0.13
9881,169.3,144.9,122.121664327,4.3,0.474777448071,0.0690607734807,-8.51144765439,-0.06
9882,167.5,144.2,135.295494737,4.34,-0.593471810089,-0.414364640884,1.35784686952,-0.02
9883,164.6,143.5,125.070398149,4.3,-2.31454005935,-0.897790055249,-6.30237696994,-0.06
9884,171.8,144.2,135.295494737,4.3,1.95845697329,-0.414364640884,1.35784686952,-0.06
9885,165,143.4,137.824842105,4.23,-2.07715133531,-0.966850828729,3.25273038909,-0.13
9886,172.4,143.2,125.070398149,4.35,2.31454005935,-1.10497237569,-6.30237696994,-0.01
9887,170.6,144.8,124.919575439,4.45,1.24629080119,0,-6.4153671714,0.09
9888,163.7,144.5,124.919575439,4.41,-2.84866468843,-0.207182320442,-6.4153671714,0.05
9889,170.2,144.6,144.551595951,4.27,1.00890207715,-0.138121546961,8.29213903749,-0.09
9890,164.8,143.2,136.684714833,4.45,-2.19584569733,-1.10497237569,2.39859370297,0.09
9891,170,144.3,158.476199458,4.38,0.890207715134,-0.345303867403,18.7238820361,0.02
9892,165,144.4,135.295494737,4.41,-2.07715133531,-0.276243093923,1.35784686952,0.05
9893,167.1,143.3,135.295494737,4.35,-0.830860534125,-1.03591160221,1.35784686952,-0.01
9894,190.9,143.3,136.684714833,4.27,13.293768546,-1.03591160221,2.39859370297,-0.09
9895,169.8,143.7,128.393411802,4.38,0.771513353116,-0.759668508287,-3.81291115555,0.02
9896,167.8,143.8,158.476199458,4.47,-0.415430267062,-0.690607734807,18.7238820361,0.11
9897,170.6,143.9,138.648217105,4.41,1.24629080119,-0.621546961326,3.86956923748,0.05
9898,162.9,145.7,128.393411802,4.46,-3.3234421365,0.621546961326,-3.81291115555,0.1
9899,170.2,144.2,136.684714833,4.29,1.00890207715,-0.414364640884,2.39859370297,-0.07
9900,167.8,143.7,135.295494737,4.46,-0.415430267062,-0.759668508287,1.35784686952,0.1
9901,168.4,144.7,125.070398149,4.29,-0.0593471810089,-0.0690607734807,-6.30237696994,-0.07
9902,160.6,144.4,135.295494737,4.27,-4.6884272997,-0.276243093923,1.35784686952,-0.09
9903,175.7,144.2,144.551595951,4.47,4.27299703264,-0.414364640884,8.29213903749,0.11
9904,190.9,145.2,122.121664327,4.55,13.293768546,0.276243093923,-8.51144765439,0.19
9905,162.6,144.9,128.393411802,4.29,-3.50148367953,0.0690607734807,-3.81291115555,-0.07
9906,163.7,144.9,124.919575439,4.41,-2.84866468843,0.0690607734807,-6.4153671714,0.05
9907,159.8,143.6,122.121664327,4.23,-5.16320474777,-0.828729281768,-8.51144765439,-0.13
9908,158.9,143.7,136.684714833,4.41,-5.69732937685,-0.759668508287,2.39859370297,0.05
9909,176.2,144.9,144.551595951,4.55,4.56973293769,0.0690607734807,8.29213903749,0.19
9910,169.4,147.3,144.551595951,4.46,0.53412462908,1.72651933702,8.29213903749,0.1
9911,161.7,144.8,138.648217105,4.6,-4.03560830861,0,3.86956923748,0.24
9912,171,145.2,124.919575439,4.47,1.48367952522,0.276243093923,-6.4153671714,0.11
9913,170.6,144.6,144.551595951,4.41,1.24629080119,-0.138121546961,8.29213903749,0.05
9914,168.3,146.3,138.648217105,4.6,-0.118694362018,1.03591160221,3.86956923748,0.24
9915,176,144.8,125.070398149,4.35,4.45103857567,0,-6.30237696994,-0.01
9916,168.2,144,124.919575439,4.31,-0.178041543027,-0.552486187845,-6.4153671714,-0.05
9917,166.4,144.5,158.476199458,4.34,-1.24629080119,-0.207182320442,18.7238820361,-0.02
9918,164.5,142.8,128.393411802,4.47,-2.37388724036,-1.38121546961,-3.81291115555,0.11
9919,165.4,144.8,138.648217105,4.32,-1.83976261128,0,3.86956923748,-0.04
9920,162.6,143.9,135.295494737,4.29,-3.50148367953,-0.621546961326,1.35784686952,-0.07
9921,170,147.3,122.121664327,4.6,0.890207715134,1.72651933702,-8.51144765439,0.24
9922,163.7,143.9,158.476199458,4.6,-2.84866468843,-0.621546961326,18.7238820361,0.24
9923,163.7,144.8,124.919575439,4.3,-2.84866468843,0,-6.4153671714,-0.06
9924,168.6,147.5,136.684714833,4.3,0.0593471810089,1.86464088398,2.39859370297,-0.06
9925,163.7,144.8,124.919575439,4.6,-2.84866468843,0,-6.4153671714,0.24
9926,168.6,143.4,136.684714833,4.53,0.0593471810089,-0.966850828729,2.39859370297,0.17
9927,174.4,146.1,122.121664327,4.44,3.50148367953,0.897790055249,-8.51144765439,0.08
9928,168.2,142.8,125.070398149,4.55,-0.178041543027,-1.38121546961,-6.30237696994,0.19
9929,163.7,143.4,122.121664327,4.34,-2.84866468843,-0.966850828729,-8.51144765439,-0.02
9930,174.5,144.7,138.648217105,4.41,3.56083086053,-0.0690607734807,3.86956923748,0.05
9931,167.8,143.2,158.476199458,4.27,-0.415430267062,-1.10497237569,18.7238820361,-0.09
9932,161.3,144.4,137.824842105,4.3,-4.27299703264,-0.276243093923,3.25273038909,-0.06
9933,168.4,144.6,128.393411802,4.42,-0.0593471810089,-0.138121546961,-3.81291115555,0.06
9934,168.6,144.9,137.824842105,4.35,0.0593471810089,0.0690607734807,3.25273038909,-0.01
9935,174.3,143.2,125.070398149,4.27,3.44213649852,-1.10497237569,-6.30237696994,-0.09
9936,165.5,143.3,138.648217105,4.44,-1.78041543027,-1.03591160221,3.86956923748,0.08
9937,167.6,143.9,158.476199458,4.45,-0.53412462908,-0.621546961326,18.7238820361,0.09
9938,166.1,145.2,158.476199458,4.55,-1.42433234421,0.276243093923,18.7238820361,0.19
9939,174.5,143.2,137.824842105,4.3,3.56083086053,-1.10497237569,3.25273038909,-0.06
9940,198.1,148.6,135.295494737,4.27,17.5667655786,2.62430939227,1.35784686952,-0.09
9941,174.4,145.7,124.919575439,4.24,3.50148367953,0.621546961326,-6.4153671714,-0.12
9942,170.2,144,138.648217105,4.29,1.00890207715,-0.552486187845,3.86956923748,-0.07
9943,170.2,144.5,128.393411802,4.41,1.00890207715,-0.207182320442,-3.81291115555,0.05
9944,170.2,143.4,122.121664327,4.3,1.00890207715,-0.966850828729,-8.51144765439,-0.06
9945,176,144.4,136.684714833,4.42,4.45103857567,-0.276243093923,2.39859370297,0.06
9946,170,142.8,144.551595951,4.39,0.890207715134,-1.38121546961,8.29213903749,0.03
9947,169.8,144.2,128.393411802,4.6,0.771513353116,-0.414364640884,-3.81291115555,0.24
9948,170.2,144.2,144.551595951,4.27,1.00890207715,-0.414364640884,8.29213903749,-0.09
9949,167.3,148,125.070398149,4.21,-0.712166172107,2.20994475138,-6.30237696994,-0.15
9950,174.5,144.6,128.393411802,4.24,3.56083086053,-0.138121546961,-3.81291115555,-0.12
9951,173,143.8,135.295494737,4.39,2.6706231454,-0.690607734807,1.35784686952,0.03
9952,177.5,143.9,124.919575439,4.39,5.3412462908,-0.621546961326,-6.4153671714,0.03
9953,168.7,143.5,144.551595951,4.32,0.118694362018,-0.897790055249,8.29213903749,-0.04
9954,146.7,144.4,137.824842105,4.24,-12.9376854599,-0.276243093923,3.25273038909,-0.12
9955,172.4,144.8,144.551595951,4.29,2.31454005935,0,8.29213903749,-0.07
9956,168.6,142.8,125.070398149,4.41,0.0593471810089,-1.38121546961,-6.30237696994,0.05
9957,185.7,140.4,125.070398149,4.3,10.2077151335,-3.03867403315,-6.30237696994,-0.06
9958,170.3,144.9,128.393411802,4.44,1.06824925816,0.0690607734807,-3.81291115555,0.08
9959,163.7,144.1,135.295494737,4.47,-2.84866468843,-0.483425414365,1.35784686952,0.11
9960,170,145.1,124.919575439,4.6,0.890207715134,0.207182320442,-6.4153671714,0.24
9961,167.9,146.3,128.393411802,4.46,-0.356083086053,1.03591160221,-3.81291115555,0.1
9962,168.2,147.3,125.070398149,4.44,-0.178041543027,1.72651933702,-6.30237696994,0.08
9963,168.4,143.7,135.295494737,4.21,-0.0593471810089,-0.759668508287,1.35784686952,-0.15
9964,164.8,144.9,124.919575439,4.34,-2.19584569733,0.0690607734807,-6.4153671714,-0.02
9965,164.6,144.5,128.393411802,4.3,-2.31454005935,-0.207182320442,-3.81291115555,-0.06
9966,174.4,144.5,135.295494737,4.31,3.50148367953,-0.207182320442,1.35784686952,-0.05
9967,170.8,144.8,158.476199458,4.27,1.3649851632,0,18.7238820361,-0.09
9968,198.1,145.7,135.295494737,4.38,17.5667655786,0.621546961326,1.35784686952,0.02
9969,146.7,144.8,135.295494737,4.55,-12.9376854599,0,1.35784686952,0.19
9970,170.2,143.5,138.648217105,4.3,1.00890207715,-0.897790055249,3.86956923748,-0.06
9971,168.4,144.4,135.295494737,4.41,-0.0593471810089,-0.276243093923,1.35784686952,0.05
9972,162.6,144.5,158.476199458,4.24,-3.50148367953,-0.207182320442,18.7238820361,-0.12
9973,170.1,144.4,125.070398149,4.3,0.949554896142,-0.276243093923,-6.30237696994,-0.06
9974,171.2,143.8,124.919575439,4.46,1.60237388724,-0.690607734807,-6.4153671714,0.1
9975,174.6,144.1,144.551595951,4.44,3.62017804154,-0.483425414365,8.29213903749,0.08
9976,167.5,143.5,135.295494737,4.35,-0.593471810089,-0.897790055249,1.35784686952,-0.01
9977,153.9,144.4,124.919575439,4.21,-8.6646884273,-0.276243093923,-6.4153671714,-0.15
9978,163.3,144.1,144.551595951,4.31,-3.08605341246,-0.483425414365,8.29213903749,-0.05
9979,170.1,144.4,122.121664327,4.29,0.949554896142,-0.276243093923,-8.51144765439,-0.07
9980,177.5,144.8,122.121664327,4.44,5.3412462908,0,-8.51144765439,0.08
9981,185.7,145.7,136.684714833,4.35,10.2077151335,0.621546961326,2.39859370297,-0.01
9982,161.7,143.2,125.070398149,4.34,-4.03560830861,-1.10497237569,-6.30237696994,-0.02
9983,173.3,144.5,158.476199458,4.29,2.84866468843,-0.207182320442,18.7238820361,-0.07
9984,166.9,143.2,124.919575439,4.46,-0.949554896142,-1.10497237569,-6.4153671714,0.1
9985,166.2,144.8,136.684714833,4.42,-1.3649851632,0,2.39859370297,0.06
9986,176.2,144.5,122.121664327,4.47,4.56973293769,-0.207182320442,-8.51144765439,0.11
9987,170.6,144.6,124.919575439,4.46,1.24629080119,-0.138121546961,-6.4153671714,0.1
9988,170.8,144.7,135.295494737,4.21,1.3649851632,-0.0690607734807,1.35784686952,-0.15
9989,163.7,144.8,144.551595951,4.27,-2.84866468843,0,8.29213903749,-0.09
9990,169.3,144.2,122.121664327,4.35,0.474777448071,-0.414364640884,-8.51144765439,-0.01
9991,174.5,144,137.824842105,4.32,3.56083086053,-0.552486187845,3.25273038909,-0.04
9992,174.3,143.7,135.295494737,4.29,3.44213649852,-0.759668508287,1.35784686952,-0.07
9993,168.7,143.5,136.684714833,4.47,0.118694362018,-0.897790055249,2.39859370297,0.11
9994,167.4,145.5,158.476199458,4.6,-0.652818991098,0.483425414365,18.7238820361,0.24
9995,167.4,144.2,125.070398149,4.35,-0.652818991098,-0.414364640884,-6.30237696994,-0.01
9996,163.7,144.8,136.684714833,4.41,-2.84866468843,0,2.39859370297,0.05
9997,167.9,145.8,158.476199458,4.42,-0.356083086053,0.690607734807,18.7238820361,0.06
9998,165,144,137.824842105,4.46,-2.07715133531,-0.552486187845,3.25273038909,0.1
9999,167.9,144.1,122.121664327,4.31,-0.356083086053,-0.483425414365,-8.51144765439,-0.05
10000,170.1,144.5,128.393411802,4.41,0.949554896142,-0.207182320442,-3.81291115555,0.05
